# monden glasses frame (extracted from scan)
v -0.310724 0.061877 0.065792
v -0.310546 0.062659 0.067601
v -0.310422 0.061452 0.069845
v -0.310408 0.062437 0.068178
v -0.310185 0.062982 0.064628
v -0.310158 0.059796 0.071832
v -0.310140 0.063231 0.069489
v -0.310103 0.063189 0.068179
v -0.309691 0.063744 0.066117
v -0.309668 0.064002 0.069533
v -0.309611 0.063297 0.073472
v -0.309517 0.064098 0.072270
v -0.309502 0.053834 0.073407
v -0.309372 0.048786 0.065768
v -0.309299 0.062319 0.078094
v -0.309221 0.049329 0.070244
v -0.309081 0.063653 0.078916
v -0.309040 0.064321 0.070111
v -0.308975 0.064417 0.076233
v -0.308849 0.064690 0.074664
v -0.308819 0.051470 0.075532
v -0.308641 0.048907 0.071270
v -0.308626 0.049986 0.074134
v -0.308450 0.065000 0.072821
v -0.308401 0.065307 0.076856
v -0.308270 0.065579 0.080643
v -0.308246 0.064520 0.085322
v -0.308253 0.052760 0.081441
v -0.308137 0.062713 0.087205
v -0.308111 0.065472 0.083013
v -0.308149 0.050736 0.079137
v -0.308044 0.054989 0.085894
v -0.308042 0.049454 0.075686
v -0.307932 0.064705 0.069636
v -0.307845 0.065644 0.086623
v -0.307725 0.065890 0.081616
v -0.307771 0.048483 0.073072
v -0.307730 0.049621 0.078410
v -0.307639 0.064836 0.090377
v -0.307627 0.066180 0.084242
v -0.307642 0.051807 0.084114
v -0.307533 0.066039 0.090302
v -0.307551 0.065284 0.074345
v -0.307475 0.065799 0.078594
v -0.307480 0.050609 0.082538
v -0.307207 0.052947 0.089411
v -0.307174 0.066839 0.085873
v -0.307151 0.066303 0.081918
v -0.307124 0.049193 0.079092
v -0.306955 0.051623 0.087667
v -0.306878 0.066828 0.090725
v -0.306750 0.066180 0.078375
v -0.306650 0.050772 0.086590
v -0.306589 0.054786 0.095972
v -0.306562 0.066960 0.094719
v -0.306524 0.049900 0.084178
v -0.306499 0.065913 0.076615
v -0.306434 0.067700 0.091575
v -0.306406 0.067377 0.089063
v -0.306313 0.067881 0.095853
v -0.306347 0.052209 0.092906
v -0.306289 0.048662 0.079461
v -0.306168 0.058053 0.100763
v -0.306149 0.067155 0.099543
v -0.306184 0.051307 0.090572
v -0.306171 0.066838 0.083461
v -0.306099 0.053692 0.097441
v -0.306011 0.059611 0.101723
v -0.305917 0.067973 0.097913
v -0.305842 0.050556 0.088823
v -0.305789 0.067622 0.087236
v -0.305736 0.052652 0.096825
v -0.305783 0.049390 0.083387
v -0.305696 0.067809 0.090075
v -0.305630 0.068173 0.093651
v -0.305594 0.068415 0.096803
v -0.305625 0.051832 0.094791
v -0.305542 0.068455 0.099600
v -0.305550 0.056707 0.103529
v -0.305461 0.065004 0.104754
v -0.305475 0.054582 0.101795
v -0.305425 0.051025 0.093402
v -0.305375 0.052155 0.097816
v -0.305233 0.068711 0.102648
v -0.305317 0.049947 0.087500
v -0.305223 0.069144 0.098382
v -0.305269 0.065807 0.076636
v -0.305154 0.067826 0.104626
v -0.305064 0.061365 0.107925
v -0.305066 0.069329 0.102484
v -0.305098 0.053351 0.101459
v -0.304996 0.069351 0.103364
v -0.305063 0.066653 0.081970
v -0.305036 0.067563 0.086899
v -0.304962 0.054798 0.106228
v -0.304829 0.068858 0.095666
v -0.304830 0.068322 0.091952
v -0.304725 0.058435 0.109674
v -0.304710 0.069208 0.105178
v -0.304767 0.050498 0.090927
v -0.304571 0.054125 0.105324
v -0.304524 0.056551 0.109839
v -0.304522 0.069595 0.102635
v -0.304569 0.051786 0.097766
v -0.304500 0.069696 0.104211
v -0.304454 0.067516 0.110782
v -0.304452 0.069510 0.099917
v -0.304463 0.049770 0.088088
v -0.304354 0.070003 0.105616
v -0.304266 0.055513 0.110009
v -0.304089 0.054644 0.108782
v -0.304096 0.053483 0.105036
v -0.303952 0.068723 0.112045
v -0.303957 0.070167 0.104417
v -0.303895 0.063840 0.115023
v -0.303881 0.070021 0.109586
v -0.303894 0.052654 0.103202
v -0.303717 0.066789 0.115330
v -0.303710 0.054989 0.112245
v -0.303677 0.056196 0.113953
v -0.303740 0.051416 0.097095
v -0.303651 0.070573 0.107472
v -0.303721 0.067658 0.087718
v -0.303633 0.053999 0.108150
v -0.303552 0.068494 0.115804
v -0.303559 0.059364 0.117757
v -0.303563 0.057133 0.116671
v -0.303651 0.050081 0.089405
v -0.303576 0.069835 0.098821
v -0.303625 0.050790 0.094330
v -0.303550 0.051859 0.100596
v -0.303507 0.068847 0.094530
v -0.303473 0.070252 0.101556
v -0.303303 0.070684 0.105338
v -0.303265 0.071077 0.110923
v -0.303246 0.070745 0.114606
v -0.303217 0.054421 0.110874
v -0.303151 0.053452 0.107214
v -0.303076 0.071403 0.108588
v -0.302936 0.071591 0.110917
v -0.302854 0.059624 0.122119
v -0.302874 0.055809 0.116541
v -0.302847 0.057050 0.118959
v -0.302950 0.066175 0.081364
v -0.302822 0.058415 0.120907
v -0.302675 0.071751 0.110450
v -0.302636 0.072191 0.113299
v -0.302499 0.072360 0.116026
v -0.302555 0.054034 0.111483
v -0.302450 0.071711 0.118728
v -0.302402 0.065983 0.123759
v -0.302449 0.070925 0.105163
v -0.302452 0.053048 0.105991
v -0.302254 0.070850 0.122019
v -0.302265 0.053749 0.109715
v -0.302307 0.067109 0.086164
v -0.302156 0.061460 0.126167
v -0.302136 0.054416 0.112998
v -0.302002 0.072224 0.122591
v -0.302023 0.071848 0.108957
v -0.301957 0.068968 0.125470
v -0.301924 0.072737 0.119222
v -0.301867 0.057073 0.122560
v -0.301917 0.070214 0.101359
v -0.301892 0.068255 0.092513
v -0.301904 0.051763 0.098989
v -0.301786 0.072920 0.116643
v -0.301762 0.072840 0.114192
v -0.301708 0.058351 0.125645
v -0.301679 0.059963 0.127777
v -0.301602 0.056133 0.120210
v -0.301448 0.055367 0.118637
v -0.301371 0.073568 0.118873
v -0.301349 0.053956 0.110777
v -0.301290 0.073193 0.114765
v -0.301248 0.073884 0.122289
v -0.301053 0.072716 0.128296
v -0.300999 0.064499 0.132303
v -0.301052 0.071165 0.106085
v -0.301092 0.050211 0.090253
v -0.300897 0.074029 0.124664
v -0.300851 0.056985 0.124646
v -0.300832 0.057940 0.127699
v -0.300858 0.072068 0.109784
v -0.300756 0.074338 0.127661
v -0.300732 0.059214 0.131852
v -0.300700 0.071666 0.132333
v -0.300710 0.061951 0.133696
v -0.300823 0.053010 0.105268
v -0.300694 0.060486 0.132986
v -0.300696 0.055814 0.120165
v -0.300441 0.074024 0.120251
v -0.300437 0.073566 0.117358
v -0.300448 0.068882 0.096513
v -0.300247 0.074239 0.131372
v -0.300273 0.074514 0.123484
v -0.300121 0.059838 0.134643
v -0.300066 0.073008 0.134628
v -0.300073 0.074991 0.129472
v -0.300161 0.070290 0.102904
v -0.300089 0.057596 0.127978
v -0.300050 0.075234 0.127516
v -0.299972 0.060895 0.136765
v -0.299940 0.063674 0.138144
v -0.299922 0.058101 0.131315
v -0.299841 0.075421 0.131807
v -0.299799 0.070727 0.137593
v -0.299802 0.058969 0.133688
v -0.299721 0.074506 0.120533
v -0.299662 0.059234 0.135602
v -0.299654 0.060059 0.136949
v -0.299644 0.073922 0.118637
v -0.299670 0.056003 0.120840
v -0.299625 0.073124 0.114987
v -0.299534 0.066761 0.140044
v -0.299564 0.057020 0.125576
v -0.299405 0.075042 0.137366
v -0.299418 0.060474 0.139480
v -0.299511 0.054362 0.112197
v -0.299378 0.075678 0.129465
v -0.299233 0.062925 0.142258
v -0.299268 0.057816 0.129758
v -0.299208 0.058346 0.133135
v -0.299145 0.076056 0.135119
v -0.299145 0.075309 0.125447
v -0.299060 0.062121 0.142390
v -0.299251 0.066858 0.089647
v -0.299037 0.076219 0.133069
v -0.299036 0.059121 0.135832
v -0.299072 0.071835 0.109641
v -0.298967 0.059799 0.138246
v -0.298862 0.064220 0.143825
v -0.298785 0.074152 0.141784
v -0.298785 0.076500 0.132090
v -0.298710 0.061063 0.142206
v -0.298682 0.076941 0.137521
v -0.298603 0.076772 0.135626
v -0.298640 0.075969 0.127068
v -0.298548 0.075972 0.141453
v -0.298494 0.059510 0.138695
v -0.298473 0.060388 0.141165
v -0.298429 0.057020 0.125467
v -0.298286 0.072226 0.145605
v -0.298268 0.060608 0.143253
v -0.298368 0.069809 0.103186
v -0.298379 0.053670 0.106633
v -0.298270 0.074125 0.119487
v -0.298191 0.077011 0.134597
v -0.298094 0.077158 0.143783
v -0.298097 0.061726 0.145324
v -0.298059 0.057912 0.129831
v -0.298040 0.075396 0.123855
v -0.298021 0.059050 0.136228
v -0.297971 0.076251 0.128993
v -0.298019 0.072918 0.115059
v -0.297893 0.063208 0.148283
v -0.297864 0.077756 0.141068
v -0.297905 0.075696 0.126093
v -0.297849 0.059965 0.140576
v -0.297768 0.076704 0.145976
v -0.297821 0.076998 0.132281
v -0.297716 0.077773 0.138094
v -0.297446 0.061267 0.146311
v -0.297324 0.060599 0.144172
v -0.297249 0.078153 0.146782
v -0.297418 0.055896 0.117043
v -0.297210 0.076471 0.149861
v -0.297049 0.059633 0.139390
v -0.296953 0.078178 0.149468
v -0.296929 0.062267 0.150417
v -0.296916 0.079167 0.145193
v -0.296957 0.075063 0.123645
v -0.296873 0.077969 0.137276
v -0.296737 0.071685 0.153939
v -0.296705 0.065646 0.154008
v -0.296744 0.076067 0.127631
v -0.296816 0.067668 0.097762
v -0.296507 0.079322 0.149029
v -0.296605 0.059061 0.135582
v -0.296435 0.062913 0.153038
v -0.296568 0.071406 0.111392
v -0.296287 0.069297 0.156328
v -0.296335 0.061419 0.149288
v -0.296318 0.079004 0.142321
v -0.296207 0.079841 0.154030
v -0.296014 0.064048 0.156044
v -0.296108 0.058434 0.130519
v -0.295952 0.079848 0.147108
v -0.296001 0.073657 0.119382
v -0.295910 0.077913 0.135669
v -0.295890 0.060774 0.147200
v -0.295619 0.077808 0.158741
v -0.295847 0.055501 0.112557
v -0.295617 0.062960 0.156001
v -0.295583 0.080601 0.152082
v -0.295555 0.079876 0.157476
v -0.295795 0.068899 0.104048
v -0.295516 0.081072 0.155522
v -0.295523 0.062098 0.154730
v -0.295560 0.057159 0.120644
v -0.295316 0.065776 0.160284
v -0.295325 0.079998 0.145025
v -0.295301 0.079033 0.141030
v -0.295386 0.072383 0.115981
v -0.295102 0.080996 0.158641
v -0.295109 0.081673 0.156235
v -0.295079 0.080218 0.160974
v -0.295055 0.077403 0.133444
v -0.294967 0.062531 0.157006
v -0.295011 0.060751 0.147298
v -0.295015 0.060306 0.142946
v -0.294926 0.080969 0.149460
v -0.294914 0.063303 0.159593
v -0.294857 0.081029 0.162000
v -0.294916 0.061588 0.152237
v -0.294721 0.081398 0.152688
v -0.294787 0.075298 0.125568
v -0.294641 0.064720 0.162492
v -0.294477 0.077674 0.164443
v -0.294439 0.082052 0.159511
v -0.294350 0.082055 0.156461
v -0.294330 0.062075 0.155909
v -0.294230 0.081393 0.164338
v -0.294256 0.062291 0.158902
v -0.294135 0.070695 0.166606
v -0.294137 0.068353 0.166362
v -0.294315 0.058303 0.124980
v -0.294110 0.063968 0.163763
v -0.294177 0.059806 0.137017
v -0.293943 0.080496 0.166386
v -0.294196 0.056708 0.115568
v -0.293902 0.082715 0.163867
v -0.293861 0.082831 0.158421
v -0.293881 0.063196 0.162682
v -0.294050 0.072930 0.119162
v -0.293842 0.082956 0.160816
v -0.293911 0.061377 0.151042
v -0.293902 0.078843 0.140000
v -0.293779 0.083129 0.163383
v -0.293698 0.083157 0.164280
v -0.293710 0.066364 0.167692
v -0.293886 0.059186 0.130549
v -0.293697 0.080340 0.146237
v -0.293650 0.082179 0.155215
v -0.293515 0.074513 0.169427
v -0.293443 0.082716 0.167942
v -0.293452 0.064746 0.167574
v -0.293508 0.061822 0.154416
v -0.293412 0.063755 0.166465
v -0.293277 0.083387 0.164004
v -0.293246 0.062760 0.162755
v -0.293118 0.083442 0.166481
v -0.293230 0.058302 0.121803
v -0.293032 0.081752 0.151999
v -0.292896 0.063190 0.165770
v -0.292692 0.083717 0.169515
v -0.292902 0.074689 0.125273
v -0.292822 0.061319 0.149402
v -0.292542 0.083232 0.171820
v -0.292624 0.062507 0.161671
v -0.292516 0.084052 0.166978
v -0.292442 0.064224 0.170685
v -0.292433 0.063602 0.168859
v -0.292574 0.076591 0.132237
v -0.292360 0.081687 0.174298
v -0.292435 0.082641 0.156190
v -0.292464 0.062235 0.158228
v -0.292595 0.073701 0.122777
v -0.292271 0.084168 0.172136
v -0.292255 0.084670 0.171594
v -0.292468 0.060328 0.136464
v -0.292274 0.065231 0.173479
v -0.292250 0.071139 0.175318
v -0.292196 0.084645 0.172516
v -0.292391 0.075395 0.128325
v -0.292240 0.062743 0.165892
v -0.292217 0.083743 0.160574
v -0.292123 0.084092 0.162574
v -0.292339 0.059405 0.126589
v -0.292017 0.067314 0.175719
v -0.291985 0.084771 0.172380
v -0.291946 0.084071 0.174415
v -0.292039 0.080059 0.145242
v -0.291928 0.061936 0.154559
v -0.291966 0.061112 0.144277
v -0.291692 0.085033 0.173776
v -0.291731 0.063217 0.168761
v -0.291684 0.084764 0.168105
v -0.291573 0.085172 0.171698
v -0.291541 0.064232 0.174518
v -0.291727 0.060313 0.132594
v -0.291488 0.063660 0.172461
v -0.291351 0.085410 0.176945
v -0.291349 0.068287 0.179369
v -0.291275 0.084347 0.178225
v -0.291447 0.078537 0.140095
v -0.291350 0.081859 0.152175
v -0.291193 0.085923 0.174303
v -0.291166 0.065831 0.178620
v -0.291038 0.086054 0.177010
v -0.291036 0.084809 0.166234
v -0.290976 0.085671 0.178433
v -0.290968 0.064679 0.177969
v -0.290898 0.082302 0.181033
v -0.290818 0.086048 0.179660
v -0.290943 0.062650 0.163343
v -0.290755 0.085587 0.169888
v -0.290911 0.074430 0.127367
v -0.290630 0.085552 0.181756
v -0.290811 0.061181 0.138817
v -0.290637 0.063235 0.171600
v -0.290505 0.077615 0.183440
v -0.290585 0.083261 0.158480
v -0.290411 0.086513 0.179881
v -0.290414 0.086565 0.175702
v -0.290413 0.067205 0.182980
v -0.290413 0.062998 0.168230
v -0.290329 0.063971 0.177653
v -0.290256 0.062116 0.153222
v -0.290117 0.063588 0.175306
v -0.290061 0.065645 0.183165
v -0.290238 0.077151 0.136406
v -0.289941 0.071010 0.186017
v -0.289917 0.087184 0.177802
v -0.289852 0.083714 0.185804
v -0.289796 0.087497 0.181198
v -0.289798 0.064674 0.182450
v -0.289716 0.086169 0.185135
v -0.289898 0.080957 0.149211
v -0.289769 0.084760 0.164801
v -0.289662 0.087646 0.183222
v -0.289676 0.062592 0.159977
v -0.289383 0.086188 0.171665
v -0.289180 0.087577 0.186371
v -0.289194 0.066579 0.188175
v -0.289109 0.086003 0.188688
v -0.289090 0.088129 0.184858
v -0.289131 0.064203 0.182222
v -0.289029 0.087678 0.179736
v -0.289091 0.063446 0.175563
v -0.288923 0.088174 0.183018
v -0.289045 0.082391 0.155166
v -0.288888 0.065459 0.187902
v -0.288905 0.063692 0.179452
v -0.288768 0.088296 0.189749
v -0.288649 0.077553 0.192644
v -0.288631 0.082772 0.192236
v -0.288593 0.089006 0.186777
v -0.288809 0.078114 0.141144
v -0.288570 0.064617 0.186702
v -0.288642 0.063014 0.167008
v -0.288561 0.084096 0.162110
v -0.288400 0.073326 0.193989
v -0.288559 0.079541 0.145979
v -0.288337 0.088309 0.181207
v -0.288267 0.069702 0.194199
v -0.288163 0.086709 0.193777
v -0.288141 0.089205 0.190721
v -0.288172 0.087213 0.175775
v -0.288230 0.063303 0.173285
v -0.288009 0.089735 0.188900
v -0.288014 0.088846 0.184360
v -0.288019 0.064120 0.184790
v -0.287961 0.066037 0.194145
v -0.287869 0.088772 0.194109
v -0.287907 0.065198 0.191199
v -0.287759 0.089659 0.193581
v -0.287694 0.089936 0.191198
v -0.287698 0.086026 0.170683
v -0.287553 0.089521 0.186945
v -0.287579 0.064489 0.189311
v -0.287710 0.062952 0.158607
v -0.287447 0.090013 0.189415
v -0.287405 0.090513 0.191654
v -0.287600 0.081686 0.153725
v -0.287331 0.089812 0.196285
v -0.287315 0.090475 0.192688
v -0.287323 0.067985 0.198275
v -0.287287 0.084193 0.199148
v -0.287260 0.065683 0.195356
v -0.287191 0.090602 0.194818
v -0.287434 0.077768 0.142036
v -0.287399 0.079909 0.148428
v -0.287173 0.066488 0.197561
v -0.287268 0.063594 0.179542
v -0.287196 0.063827 0.183520
v -0.287088 0.064964 0.193604
v -0.286953 0.090866 0.197801
v -0.287225 0.079102 0.146306
v -0.286965 0.090823 0.192105
v -0.286855 0.091611 0.195750
v -0.286860 0.091223 0.192558
v -0.286905 0.087641 0.177662
v -0.286750 0.089461 0.200896
v -0.286746 0.091768 0.197784
v -0.286787 0.089077 0.183920
v -0.286708 0.078854 0.202977
v -0.286875 0.084227 0.163491
v -0.286857 0.063248 0.165714
v -0.286649 0.066050 0.198784
v -0.286907 0.076994 0.141453
v -0.286704 0.064033 0.187794
v -0.286846 0.078831 0.145627
v -0.286845 0.077652 0.142547
v -0.286564 0.090312 0.188323
v -0.286493 0.065514 0.197483
v -0.286600 0.083015 0.159718
v -0.286636 0.079017 0.146511
v -0.286349 0.090992 0.191554
v -0.286289 0.091606 0.194054
v -0.286226 0.091379 0.202218
v -0.286210 0.069430 0.204997
v -0.286458 0.063423 0.157229
v -0.286165 0.092273 0.200414
v -0.286195 0.066751 0.202706
v -0.286166 0.092048 0.196186
v -0.286165 0.067757 0.204085
v -0.286429 0.078205 0.145662
v -0.286355 0.080086 0.150562
v -0.286360 0.076843 0.143199
v -0.286041 0.092489 0.198304
v -0.286315 0.063782 0.150338
v -0.286195 0.063432 0.172614
v -0.286000 0.073471 0.207072
v -0.285890 0.084574 0.206840
v -0.285896 0.065885 0.201062
v -0.285971 0.085331 0.168540
v -0.285863 0.064421 0.192892
v -0.285758 0.093246 0.199955
v -0.285752 0.092703 0.196848
v -0.285925 0.079107 0.148844
v -0.285671 0.066017 0.203884
v -0.285565 0.091335 0.206838
v -0.285905 0.064405 0.148808
v -0.285570 0.093402 0.202111
v -0.285810 0.081375 0.155188
v -0.285488 0.093191 0.204892
v -0.285542 0.065231 0.198654
v -0.285488 0.067097 0.206364
v -0.285778 0.075277 0.143109
v -0.285699 0.080374 0.152406
v -0.285657 0.082123 0.157752
v -0.285429 0.093044 0.198321
v -0.285688 0.078867 0.148517
v -0.285532 0.086717 0.173755
v -0.285629 0.064016 0.155772
v -0.285301 0.094325 0.204069
v -0.285579 0.077071 0.146658
v -0.285289 0.092068 0.194324
v -0.285247 0.067292 0.208839
v -0.285515 0.079103 0.149457
v -0.285247 0.090281 0.188050
v -0.285114 0.088148 0.210714
v -0.285404 0.080304 0.152388
v -0.285157 0.066520 0.206117
v -0.285069 0.093417 0.208829
v -0.285099 0.068905 0.210605
v -0.285331 0.078317 0.149285
v -0.285274 0.063746 0.164969
v -0.285217 0.081631 0.156428
v -0.285224 0.080498 0.153296
v -0.284956 0.094151 0.201340
v -0.284967 0.092880 0.196867
v -0.285262 0.072713 0.144589
v -0.285187 0.079840 0.152383
v -0.285008 0.088456 0.181109
v -0.285184 0.064711 0.153667
v -0.284870 0.070719 0.212822
v -0.284911 0.065887 0.204104
v -0.284998 0.063856 0.186971
v -0.284808 0.094818 0.208210
v -0.284818 0.094822 0.205872
v -0.285130 0.075151 0.146529
v -0.285109 0.066482 0.148096
v -0.284733 0.095217 0.210871
v -0.285080 0.065490 0.150841
v -0.284905 0.063723 0.180935
v -0.285000 0.064076 0.161278
v -0.284630 0.092368 0.212522
v -0.284925 0.080964 0.155748
v -0.284724 0.064850 0.198365
v -0.284542 0.077868 0.215229
v -0.284836 0.078776 0.151822
v -0.284535 0.094887 0.203902
v -0.284541 0.067160 0.210161
v -0.284486 0.068171 0.212594
v -0.284443 0.069300 0.214231
v -0.284459 0.093963 0.199304
v -0.284670 0.079883 0.154212
v -0.284631 0.081658 0.158214
v -0.284581 0.063714 0.171764
v -0.284302 0.096172 0.208255
v -0.284296 0.095674 0.205553
v -0.284256 0.096194 0.209922
v -0.284243 0.083522 0.216595
v -0.284564 0.076807 0.150176
v -0.284469 0.083322 0.162753
v -0.284433 0.084675 0.167323
v -0.284517 0.074034 0.148538
v -0.284117 0.095332 0.214124
v -0.284158 0.066360 0.209278
v -0.284128 0.095335 0.203628
v -0.283974 0.097067 0.210451
v -0.283899 0.089941 0.217987
v -0.284190 0.078683 0.154298
v -0.284151 0.080575 0.156420
v -0.284200 0.066847 0.152952
v -0.283848 0.096655 0.208841
v -0.283850 0.068853 0.216429
v -0.283804 0.097278 0.212824
v -0.284070 0.082958 0.162290
v -0.284127 0.065763 0.157014
v -0.284091 0.064834 0.161081
v -0.284114 0.068537 0.151481
v -0.283824 0.092620 0.195517
v -0.283816 0.065509 0.203795
v -0.283710 0.070107 0.218988
v -0.283926 0.063753 0.178852
v -0.283646 0.094755 0.218294
v -0.283672 0.095628 0.204514
v -0.283651 0.095034 0.202924
v -0.283866 0.083124 0.163203
v -0.283598 0.073578 0.220663
v -0.283537 0.097281 0.216879
v -0.283739 0.087249 0.177194
v -0.283573 0.096099 0.205649
v -0.283776 0.081617 0.160473
v -0.283545 0.094315 0.200596
v -0.283533 0.067070 0.212801
v -0.283466 0.079545 0.221640
v -0.283507 0.067946 0.215744
v -0.283568 0.091228 0.191199
v -0.283455 0.096345 0.206948
v -0.283654 0.084447 0.167364
v -0.283682 0.064453 0.167354
v -0.283639 0.082728 0.163182
v -0.283333 0.098006 0.214500
v -0.283452 0.064443 0.195342
v -0.283558 0.083490 0.165371
v -0.283230 0.097905 0.212687
v -0.283230 0.097598 0.211076
v -0.283495 0.064345 0.170781
v -0.283357 0.089713 0.186175
v -0.283130 0.087804 0.223583
v -0.283488 0.071475 0.154879
v -0.283414 0.066762 0.159167
v -0.283024 0.099213 0.218555
v -0.283017 0.098618 0.213834
v -0.282973 0.098991 0.215865
v -0.282961 0.069031 0.220677
v -0.282923 0.071242 0.223948
v -0.283135 0.085912 0.172772
v -0.283226 0.077647 0.157552
v -0.283196 0.080456 0.160730
v -0.283134 0.083783 0.167084
v -0.283035 0.088371 0.181684
v -0.283091 0.084675 0.169403
v -0.283177 0.068055 0.158714
v -0.282789 0.098422 0.222471
v -0.282879 0.095945 0.205028
v -0.283153 0.066078 0.162895
v -0.282823 0.096672 0.206711
v -0.283104 0.074742 0.157327
v -0.283043 0.081620 0.162461
v -0.282664 0.099995 0.219307
v -0.282734 0.067456 0.216358
v -0.282664 0.098032 0.210803
v -0.282584 0.100196 0.221335
v -0.282694 0.093573 0.198154
v -0.282528 0.086033 0.227927
v -0.282512 0.096978 0.226725
v -0.282532 0.099409 0.216904
v -0.282827 0.065523 0.167072
v -0.282447 0.077138 0.228216
v -0.282406 0.100213 0.223845
v -0.282707 0.083187 0.166283
v -0.282547 0.065243 0.203816
v -0.282424 0.070167 0.225578
v -0.282465 0.066777 0.213493
v -0.282617 0.084387 0.169141
v -0.282641 0.070286 0.160668
v -0.282532 0.083405 0.167189
v -0.282567 0.067283 0.163943
v -0.282254 0.097446 0.209158
v -0.282445 0.084576 0.170068
v -0.282204 0.068242 0.221208
v -0.282144 0.071619 0.229404
v -0.282385 0.085747 0.173106
v -0.282367 0.086495 0.175894
v -0.282147 0.098956 0.214166
v -0.282346 0.087445 0.179065
v -0.282398 0.082872 0.167038
v -0.282008 0.100148 0.228543
v -0.282342 0.065184 0.171141
v -0.282293 0.084001 0.169646
v -0.282232 0.064114 0.189193
v -0.281991 0.100621 0.221205
v -0.281978 0.069109 0.225484
v -0.282278 0.066524 0.167329
v -0.282036 0.094948 0.202037
v -0.281924 0.100568 0.219334
v -0.281899 0.099886 0.217153
v -0.281842 0.082868 0.232718
v -0.282157 0.064565 0.176523
v -0.281790 0.101349 0.226970
v -0.282071 0.085158 0.172795
v -0.281688 0.101976 0.229611
v -0.282005 0.064362 0.179887
v -0.281683 0.101262 0.222126
v -0.281822 0.092133 0.194184
v -0.281969 0.080958 0.166424
v -0.281615 0.101746 0.225532
v -0.281570 0.099612 0.234519
v -0.281979 0.068951 0.165756
v -0.281801 0.090532 0.189528
v -0.281869 0.064239 0.182812
v -0.281855 0.086051 0.175203
v -0.281840 0.064158 0.186150
v -0.281859 0.082891 0.169352
v -0.281496 0.069788 0.229622
v -0.281552 0.067536 0.219374
v -0.281672 0.089148 0.185328
v -0.281376 0.101844 0.233926
v -0.281545 0.065893 0.209207
v -0.281449 0.068575 0.225548
v -0.281730 0.074016 0.165636
v -0.281314 0.102455 0.232046
v -0.281390 0.068840 0.228311
v -0.281315 0.074619 0.235175
v -0.281406 0.096633 0.206508
v -0.281259 0.093210 0.237670
v -0.281333 0.100839 0.219167
v -0.281262 0.102759 0.230314
v -0.281613 0.066197 0.171710
v -0.281242 0.102425 0.227072
v -0.281487 0.087963 0.181728
v -0.281222 0.071962 0.234290
v -0.281160 0.103022 0.234093
v -0.281416 0.064691 0.197618
v -0.281406 0.087291 0.179664
v -0.281488 0.067612 0.170195
v -0.281149 0.098214 0.210645
v -0.281349 0.084677 0.173107
v -0.281109 0.068134 0.223876
v -0.281299 0.084026 0.172559
v -0.280954 0.102945 0.231951
v -0.280929 0.102953 0.236843
v -0.281198 0.087078 0.178926
v -0.281188 0.085930 0.175906
v -0.281223 0.079104 0.169329
v -0.280811 0.101652 0.241975
v -0.280803 0.102934 0.241053
v -0.280750 0.102887 0.243333
v -0.280842 0.070498 0.234623
v -0.281099 0.085271 0.175302
v -0.280859 0.099561 0.214638
v -0.280796 0.102094 0.224842
v -0.281127 0.071260 0.169754
v -0.280776 0.101713 0.222192
v -0.280661 0.103440 0.235831
v -0.280950 0.087265 0.179822
v -0.280602 0.099622 0.244136
v -0.280601 0.080112 0.241205
v -0.280654 0.069490 0.232263
v -0.280923 0.065101 0.180246
v -0.280546 0.103549 0.238799
v -0.280559 0.103044 0.230036
v -0.280825 0.086561 0.178808
v -0.280667 0.066929 0.216537
v -0.280468 0.103369 0.242315
v -0.280847 0.082318 0.173090
v -0.280481 0.088805 0.243296
v -0.280550 0.068497 0.227621
v -0.280765 0.066062 0.177772
v -0.280398 0.103477 0.233149
v -0.280504 0.093598 0.198532
v -0.280229 0.101981 0.247519
v -0.280321 0.068929 0.230886
v -0.280198 0.104098 0.236041
v -0.280114 0.104427 0.240361
v -0.280067 0.103775 0.247060
v -0.280497 0.069331 0.174499
v -0.280137 0.073223 0.241823
v -0.280450 0.064920 0.183815
v -0.280396 0.064619 0.191084
v -0.280393 0.087531 0.182073
v -0.280036 0.095304 0.248302
v -0.280361 0.088353 0.184382
v -0.280092 0.071301 0.239785
v -0.280278 0.091044 0.191959
v -0.279950 0.104491 0.244127
v -0.280022 0.069786 0.235714
v -0.280218 0.089615 0.188124
v -0.279944 0.103532 0.229914
v -0.280199 0.084344 0.177756
v -0.280077 0.065170 0.201415
v -0.279870 0.070109 0.238648
v -0.279983 0.095564 0.203684
v -0.279970 0.092185 0.195056
v -0.280024 0.086033 0.180325
v -0.280074 0.067219 0.178508
v -0.279646 0.105306 0.246176
v -0.279611 0.103468 0.252913
v -0.279606 0.105417 0.248939
v -0.279967 0.087177 0.181705
v -0.279953 0.065867 0.183257
v -0.279724 0.067900 0.224607
v -0.279567 0.104886 0.240777
v -0.279877 0.086936 0.182016
v -0.279685 0.098939 0.212337
v -0.279611 0.069281 0.234530
v -0.279494 0.086671 0.250299
v -0.279572 0.102977 0.227655
v -0.279543 0.102480 0.224574
v -0.279771 0.087414 0.182628
v -0.279657 0.066321 0.211775
v -0.279478 0.071465 0.244626
v -0.279347 0.105318 0.252801
v -0.279505 0.100258 0.216329
v -0.279336 0.076733 0.248767
v -0.279337 0.070651 0.242108
v -0.279264 0.082463 0.250875
v -0.279246 0.104666 0.238489
v -0.279541 0.087963 0.184893
v -0.279241 0.104145 0.234431
v -0.279574 0.067103 0.182553
v -0.279216 0.073832 0.248570
v -0.279114 0.102404 0.258585
v -0.279513 0.064948 0.190433
v -0.279506 0.079140 0.178719
v -0.279054 0.106045 0.252357
v -0.279423 0.086991 0.183629
v -0.279195 0.068705 0.231692
v -0.278934 0.090614 0.255484
v -0.278873 0.106228 0.260615
v -0.278973 0.069696 0.238742
v -0.279174 0.090129 0.190767
v -0.278910 0.071697 0.247262
v -0.278843 0.105866 0.247849
v -0.279180 0.064959 0.196503
v -0.279050 0.097551 0.208692
v -0.279191 0.083319 0.181540
v -0.278940 0.101658 0.221139
v -0.278882 0.070112 0.241592
v -0.279130 0.069282 0.182771
v -0.279089 0.066514 0.186303
v -0.279047 0.065174 0.194272
v -0.279019 0.089159 0.188872
v -0.279064 0.065669 0.188748
v -0.278964 0.091196 0.193460
v -0.278640 0.106373 0.251322
v -0.279008 0.086094 0.184281
v -0.278569 0.107070 0.256567
v -0.278534 0.096040 0.260748
v -0.278976 0.071017 0.182343
v -0.278397 0.104512 0.265098
v -0.278388 0.106389 0.263631
v -0.278716 0.094176 0.200775
v -0.278660 0.067322 0.220200
v -0.278451 0.070374 0.245394
v -0.278301 0.107091 0.261294
v -0.278330 0.084482 0.257920
v -0.278357 0.105642 0.244001
v -0.278625 0.065528 0.204722
v -0.278658 0.088690 0.188344
v -0.278170 0.106383 0.266575
v -0.278217 0.073264 0.253947
v -0.278394 0.096630 0.206565
v -0.278489 0.089429 0.190534
v -0.278532 0.065975 0.189552
v -0.278405 0.092480 0.196447
v -0.278037 0.107435 0.265109
v -0.278493 0.068003 0.187068
v -0.278401 0.090028 0.191203
v -0.277992 0.100694 0.267536
v -0.278035 0.106478 0.249360
v -0.278154 0.102812 0.225598
v -0.277943 0.107544 0.259682
v -0.277977 0.079653 0.258670
v -0.278016 0.070719 0.248425
v -0.277882 0.107803 0.262662
v -0.278050 0.103413 0.228470
v -0.277846 0.107343 0.269453
v -0.278102 0.068213 0.229537
v -0.277944 0.104871 0.236846
v -0.278180 0.065705 0.198200
v -0.277937 0.069948 0.243311
v -0.278167 0.088321 0.189623
v -0.277812 0.107238 0.253187
v -0.277917 0.069359 0.238757
v -0.277658 0.107597 0.257541
v -0.278037 0.086292 0.188419
v -0.278038 0.065707 0.195159
v -0.277708 0.071907 0.254189
v -0.277676 0.074883 0.258569
v -0.277746 0.104281 0.233546
v -0.277542 0.104689 0.274335
v -0.277533 0.085983 0.264088
v -0.277857 0.089439 0.192080
v -0.277411 0.106282 0.275815
v -0.277836 0.090863 0.194485
v -0.277741 0.066576 0.211861
v -0.277649 0.067920 0.225991
v -0.277357 0.108332 0.268796
v -0.277350 0.108345 0.265391
v -0.277346 0.091684 0.267964
v -0.277711 0.065945 0.202413
v -0.277547 0.101151 0.218986
v -0.277325 0.108040 0.261154
v -0.277569 0.092870 0.198899
v -0.277621 0.084777 0.189825
v -0.277413 0.068909 0.235706
v -0.277508 0.094091 0.201392
v -0.277571 0.066303 0.197828
v -0.277138 0.097512 0.272956
v -0.277295 0.070442 0.248518
v -0.277568 0.069595 0.191496
v -0.277022 0.108799 0.274930
v -0.277148 0.071067 0.252718
v -0.276904 0.109310 0.270383
v -0.277293 0.091808 0.197036
v -0.277231 0.067228 0.217962
v -0.277019 0.071555 0.256993
v -0.276845 0.105604 0.280274
v -0.276837 0.107766 0.280708
v -0.277254 0.066295 0.207441
v -0.277185 0.096666 0.207319
v -0.276850 0.108829 0.267452
v -0.276968 0.105655 0.241127
v -0.277151 0.095342 0.204488
v -0.277212 0.090084 0.194150
v -0.276851 0.107977 0.258367
v -0.277207 0.087928 0.192349
v -0.276974 0.102092 0.222833
v -0.276741 0.072454 0.259955
v -0.276599 0.101421 0.280085
v -0.276887 0.100236 0.216377
v -0.277001 0.067285 0.197887
v -0.276652 0.107131 0.250908
v -0.276594 0.083472 0.269602
v -0.276850 0.097896 0.210411
v -0.276627 0.073577 0.263141
v -0.276898 0.090919 0.196852
v -0.276873 0.092858 0.199369
v -0.276879 0.066282 0.203588
v -0.276879 0.082394 0.193719
v -0.276415 0.109572 0.274355
v -0.276361 0.108718 0.284983
v -0.276449 0.108831 0.264314
v -0.276346 0.109689 0.281985
v -0.276730 0.066359 0.206552
v -0.276685 0.094165 0.202194
v -0.276368 0.077775 0.268256
v -0.276684 0.091911 0.198875
v -0.276687 0.089569 0.196079
v -0.276459 0.069976 0.246429
v -0.276194 0.106837 0.287155
v -0.276601 0.095500 0.204985
v -0.276315 0.071894 0.260398
v -0.276157 0.109968 0.278455
v -0.276175 0.109310 0.268635
v -0.276484 0.067254 0.216127
v -0.276489 0.093362 0.201568
v -0.276089 0.094084 0.279188
v -0.276370 0.099428 0.214435
v -0.276441 0.067077 0.212940
v -0.276481 0.087689 0.196314
v -0.275987 0.110171 0.285155
v -0.275967 0.110337 0.288583
v -0.276351 0.067848 0.224084
v -0.276467 0.073662 0.197046
v -0.276419 0.066818 0.207569
v -0.276244 0.103059 0.226805
v -0.276343 0.094890 0.204469
v -0.275919 0.087221 0.276214
v -0.275887 0.109776 0.272470
v -0.276176 0.096731 0.208499
v -0.275815 0.110123 0.276296
v -0.276249 0.067659 0.203603
v -0.276212 0.067062 0.210509
v -0.275961 0.105180 0.237915
v -0.275672 0.110955 0.283473
v -0.276042 0.095976 0.207158
v -0.275845 0.070666 0.254256
v -0.275746 0.075343 0.270405
v -0.276096 0.069134 0.201798
v -0.275920 0.101510 0.221001
v -0.275555 0.109996 0.292961
v -0.275568 0.111132 0.286586
v -0.275740 0.071587 0.260755
v -0.275501 0.106819 0.292916
v -0.275798 0.068825 0.235406
v -0.275467 0.110654 0.279954
v -0.275413 0.111147 0.291063
v -0.275419 0.102039 0.290416
v -0.275541 0.072843 0.266800
v -0.275855 0.067425 0.207089
v -0.275766 0.067728 0.221110
v -0.275513 0.071894 0.264138
v -0.275590 0.104623 0.234764
v -0.275756 0.091798 0.200816
v -0.275747 0.091187 0.200566
v -0.275692 0.067515 0.210389
v -0.275202 0.111192 0.294052
v -0.275393 0.106549 0.246760
v -0.275604 0.095549 0.206591
v -0.275139 0.108918 0.297130
v -0.275327 0.108066 0.256570
v -0.275601 0.093854 0.204094
v -0.275476 0.100791 0.218827
v -0.275080 0.110792 0.296826
v -0.275467 0.067705 0.216745
v -0.275444 0.096086 0.208308
v -0.275227 0.071111 0.258370
v -0.274979 0.112032 0.296170
v -0.275094 0.082890 0.279853
v -0.275354 0.068309 0.230419
v -0.274966 0.105508 0.297009
v -0.275475 0.079744 0.202173
v -0.274984 0.111615 0.288108
v -0.275109 0.073792 0.272214
v -0.274954 0.111828 0.292684
v -0.275355 0.098358 0.212888
v -0.275368 0.096876 0.209205
v -0.275360 0.067652 0.214111
v -0.275034 0.074651 0.274491
v -0.275195 0.069337 0.241688
v -0.274938 0.110628 0.276753
v -0.275306 0.095138 0.207098
v -0.275325 0.092387 0.203704
v -0.275199 0.102180 0.223072
v -0.275351 0.071785 0.204580
v -0.274809 0.110398 0.300481
v -0.274768 0.109207 0.301790
v -0.274881 0.109819 0.269824
v -0.274886 0.076458 0.277411
v -0.274729 0.111745 0.298984
v -0.274714 0.111751 0.301995
v -0.275171 0.067813 0.221257
v -0.275155 0.068063 0.224070
v -0.275136 0.067798 0.220332
v -0.274880 0.072410 0.268128
v -0.274703 0.089038 0.286367
v -0.274673 0.111489 0.284572
v -0.274889 0.093652 0.206725
v -0.274439 0.111969 0.289914
v -0.274389 0.112438 0.297602
v -0.274344 0.109567 0.305292
v -0.274857 0.068506 0.212800
v -0.274523 0.109017 0.263849
v -0.274857 0.086478 0.205425
v -0.274345 0.104485 0.301578
v -0.274336 0.112804 0.299951
v -0.274512 0.072801 0.271323
v -0.274768 0.068152 0.221059
v -0.274744 0.097537 0.211974
v -0.274774 0.091348 0.205974
v -0.274509 0.070396 0.252858
v -0.274584 0.101166 0.220915
v -0.274197 0.112397 0.294105
v -0.274535 0.099846 0.216916
v -0.274081 0.112805 0.304077
v -0.274606 0.075790 0.208106
v -0.273984 0.112278 0.306849
v -0.274434 0.068475 0.227891
v -0.274363 0.103121 0.228234
v -0.274043 0.093740 0.295010
v -0.274498 0.069895 0.210590
v -0.274126 0.075061 0.280359
v -0.274185 0.072141 0.268768
v -0.274177 0.071540 0.264276
v -0.274412 0.095537 0.209399
v -0.273881 0.113438 0.304847
v -0.274040 0.073074 0.276624
v -0.273836 0.113128 0.301877
v -0.273802 0.107010 0.307525
v -0.273682 0.113522 0.308302
v -0.274032 0.104573 0.235452
v -0.274145 0.096428 0.211354
v -0.273836 0.074032 0.279421
v -0.274150 0.093502 0.209513
v -0.273679 0.100846 0.303822
v -0.273628 0.113452 0.309215
v -0.273880 0.107235 0.251021
v -0.274020 0.069047 0.236208
v -0.273632 0.113094 0.298325
v -0.273579 0.113192 0.308976
v -0.274047 0.098491 0.214555
v -0.274030 0.068547 0.225555
v -0.273641 0.083417 0.290570
v -0.273952 0.100892 0.220314
v -0.273564 0.112814 0.293193
v -0.273602 0.111563 0.282638
v -0.273938 0.099704 0.217299
v -0.273464 0.113109 0.311715
v -0.273987 0.082093 0.211204
v -0.273936 0.068663 0.222937
v -0.273957 0.069715 0.216104
v -0.273751 0.105841 0.242439
v -0.273782 0.103754 0.231624
v -0.273898 0.068784 0.219695
v -0.273647 0.071017 0.260320
v -0.273578 0.072528 0.273206
v -0.273778 0.098816 0.216557
v -0.273746 0.101075 0.221223
v -0.273385 0.112467 0.290567
v -0.273459 0.075849 0.286255
v -0.273706 0.102182 0.224896
v -0.273445 0.074546 0.283201
v -0.273652 0.069384 0.240341
v -0.273715 0.089707 0.212396
v -0.273169 0.112979 0.313546
v -0.273130 0.111629 0.315085
v -0.273121 0.113136 0.315073
v -0.273173 0.113452 0.301825
v -0.273105 0.113738 0.310326
v -0.273068 0.113738 0.308489
v -0.273291 0.108501 0.259977
v -0.273463 0.097366 0.215498
v -0.272935 0.114076 0.312377
v -0.273129 0.073321 0.279730
v -0.272918 0.113775 0.305401
v -0.273333 0.100456 0.220863
v -0.273311 0.068988 0.232084
v -0.272909 0.095240 0.304968
v -0.272865 0.104021 0.311983
v -0.273379 0.073794 0.216298
v -0.273028 0.073775 0.282386
v -0.273150 0.102515 0.227688
v -0.273137 0.103082 0.229888
v -0.272872 0.079109 0.292743
v -0.273241 0.071432 0.218456
v -0.273199 0.078232 0.216594
v -0.273013 0.070157 0.250610
v -0.272749 0.086905 0.299492
v -0.272825 0.074064 0.286143
v -0.273155 0.070305 0.220692
v -0.272575 0.114000 0.315677
v -0.273068 0.095810 0.216390
v -0.272957 0.103795 0.233268
v -0.272859 0.104690 0.237654
v -0.272967 0.069197 0.226364
v -0.272453 0.113379 0.318461
v -0.272660 0.109833 0.268985
v -0.272954 0.084687 0.217714
v -0.272892 0.099801 0.220341
v -0.272901 0.098680 0.218661
v -0.272646 0.072770 0.277587
v -0.272677 0.072021 0.271142
v -0.272417 0.114310 0.313279
v -0.272482 0.113396 0.298643
v -0.272405 0.114259 0.309865
v -0.272893 0.069527 0.223465
v -0.272491 0.075959 0.292053
v -0.272761 0.100005 0.221269
v -0.272345 0.113768 0.302328
v -0.272284 0.114601 0.316084
v -0.272712 0.102304 0.227309
v -0.272274 0.107961 0.318419
v -0.272241 0.111733 0.320716
v -0.272298 0.098304 0.311650
v -0.272704 0.101197 0.224132
v -0.272719 0.099427 0.221291
v -0.272369 0.111085 0.278083
v -0.272624 0.069145 0.230398
v -0.272127 0.114643 0.319224
v -0.272184 0.114214 0.304912
v -0.272520 0.103630 0.232664
v -0.272086 0.113635 0.321827
v -0.272530 0.102479 0.228228
v -0.272458 0.102910 0.230813
v -0.272536 0.090036 0.220373
v -0.272335 0.071154 0.264061
v -0.272140 0.111946 0.285208
v -0.272029 0.114182 0.307414
v -0.272427 0.101826 0.227443
v -0.272342 0.103799 0.233591
v -0.272292 0.105060 0.239577
v -0.272391 0.098157 0.221912
v -0.272075 0.074695 0.290919
v -0.272329 0.069615 0.240009
v -0.271885 0.114572 0.313038
v -0.271971 0.112690 0.290540
v -0.271808 0.114611 0.320915
v -0.272030 0.073076 0.282351
v -0.272209 0.069957 0.246694
v -0.272240 0.069416 0.236786
v -0.271829 0.091868 0.309832
v -0.272095 0.105823 0.244427
v -0.272141 0.103191 0.233013
v -0.272152 0.099505 0.224425
v -0.271680 0.101244 0.317655
v -0.272085 0.102252 0.230357
v -0.272085 0.069623 0.234432
v -0.271606 0.115107 0.319964
v -0.271773 0.074092 0.289673
v -0.271990 0.070320 0.228868
v -0.271873 0.104094 0.237089
v -0.271903 0.069851 0.243585
v -0.271488 0.114855 0.316070
v -0.271635 0.075327 0.294842
v -0.271760 0.107939 0.257285
v -0.271399 0.106980 0.323035
v -0.271336 0.115196 0.322719
v -0.271470 0.078746 0.301293
v -0.271486 0.076467 0.298203
v -0.271655 0.070741 0.258927
v -0.271733 0.100944 0.228963
v -0.271595 0.107418 0.254330
v -0.271261 0.113209 0.325998
v -0.271597 0.106537 0.248630
v -0.271314 0.084702 0.307600
v -0.271323 0.113269 0.295900
v -0.271378 0.074388 0.293814
v -0.271467 0.108676 0.261747
v -0.271660 0.097550 0.226660
v -0.271269 0.113837 0.301298
v -0.271158 0.114265 0.325544
v -0.271456 0.105175 0.242942
v -0.271063 0.114879 0.324525
v -0.271455 0.102334 0.233753
v -0.271539 0.072247 0.228327
v -0.271492 0.074218 0.227864
v -0.271448 0.070170 0.233994
v -0.271371 0.103658 0.236621
v -0.271109 0.075532 0.298140
v -0.270914 0.114739 0.310664
v -0.271331 0.086746 0.228706
v -0.270832 0.108664 0.326403
v -0.271272 0.070040 0.240387
v -0.270865 0.091859 0.315857
v -0.271303 0.078135 0.228484
v -0.270948 0.075703 0.300478
v -0.271138 0.106294 0.248127
v -0.271110 0.106985 0.252605
v -0.270754 0.115065 0.327428
v -0.270970 0.073794 0.290024
v -0.270998 0.072372 0.277820
v -0.271145 0.103362 0.237148
v -0.270681 0.114469 0.327499
v -0.270847 0.074898 0.297204
v -0.270815 0.077207 0.303318
v -0.270781 0.081803 0.308563
v -0.270662 0.115450 0.323572
v -0.271147 0.070966 0.232867
v -0.271085 0.100885 0.233193
v -0.270975 0.106444 0.249329
v -0.270997 0.104394 0.241490
v -0.270882 0.071916 0.272164
v -0.270637 0.114280 0.305569
v -0.270954 0.070168 0.243602
v -0.270951 0.070444 0.238273
v -0.270452 0.115532 0.321411
v -0.270431 0.115490 0.325691
v -0.270823 0.101895 0.236712
v -0.270857 0.092539 0.232568
v -0.270748 0.105220 0.245474
v -0.270846 0.070955 0.235621
v -0.270773 0.071789 0.234095
v -0.270455 0.074338 0.295620
v -0.270667 0.070269 0.247162
v -0.270361 0.075235 0.300599
v -0.270160 0.115332 0.328081
v -0.270198 0.115342 0.317801
v -0.270425 0.109418 0.268222
v -0.270502 0.105846 0.248720
v -0.270571 0.096976 0.235670
v -0.270100 0.114480 0.330089
v -0.270079 0.116000 0.323488
v -0.270437 0.104065 0.243197
v -0.270014 0.097552 0.324016
v -0.270368 0.100198 0.238485
v -0.269982 0.090199 0.319628
v -0.270236 0.107114 0.255278
v -0.269863 0.116086 0.326854
v -0.269981 0.076746 0.306762
v -0.270015 0.074595 0.300128
v -0.270143 0.108033 0.259462
v -0.270281 0.070632 0.243106
v -0.270256 0.073416 0.235882
v -0.270068 0.106592 0.253195
v -0.269841 0.078019 0.310364
v -0.269953 0.110518 0.275484
v -0.270089 0.070763 0.256659
v -0.270080 0.102479 0.241372
v -0.269839 0.111963 0.285075
v -0.269630 0.116094 0.329065
v -0.269626 0.115607 0.329773
v -0.269789 0.075752 0.304635
v -0.269786 0.112990 0.292442
v -0.270086 0.071514 0.238099
v -0.270043 0.088369 0.237893
v -0.269567 0.107226 0.330296
v -0.269852 0.108630 0.264312
v -0.269649 0.081465 0.315275
v -0.269957 0.070464 0.251064
v -0.269912 0.105290 0.247825
v -0.269486 0.116063 0.329994
v -0.269961 0.080582 0.237050
v -0.269484 0.100255 0.327562
v -0.269855 0.103467 0.245376
v -0.269947 0.075873 0.236937
v -0.269817 0.105393 0.248758
v -0.269669 0.073237 0.288470
v -0.269757 0.104946 0.248479
v -0.269824 0.070708 0.247019
v -0.269689 0.106645 0.254189
v -0.269638 0.107786 0.258954
v -0.269775 0.071325 0.242611
v -0.269267 0.115418 0.331894
v -0.269262 0.111883 0.332149
v -0.269564 0.106844 0.256421
v -0.269523 0.107877 0.259862
v -0.269531 0.105944 0.253462
v -0.269576 0.070543 0.250548
v -0.269406 0.109124 0.267039
v -0.269267 0.075131 0.303579
v -0.269213 0.113791 0.300399
v -0.269117 0.115895 0.321319
v -0.269063 0.116214 0.329563
v -0.269487 0.070537 0.251612
v -0.269356 0.071701 0.269175
v -0.269124 0.077557 0.312809
v -0.269208 0.074022 0.295357
v -0.269069 0.079105 0.315872
v -0.269420 0.072021 0.242693
v -0.268950 0.116341 0.327555
v -0.269076 0.076452 0.309953
v -0.269264 0.107238 0.259133
v -0.269382 0.071247 0.246184
v -0.269307 0.103475 0.249123
v -0.269198 0.072487 0.279346
v -0.269300 0.101774 0.247914
v -0.269302 0.091645 0.243991
v -0.269156 0.108161 0.262916
v -0.268838 0.116202 0.330807
v -0.269127 0.106274 0.256991
v -0.269127 0.071054 0.261481
v -0.269144 0.097760 0.247178
v -0.269193 0.073019 0.242857
v -0.269009 0.108262 0.264884
v -0.269130 0.070905 0.251799
v -0.268772 0.075648 0.307629
v -0.269053 0.084900 0.243862
v -0.268555 0.116366 0.332259
v -0.268825 0.109388 0.270477
v -0.268620 0.082478 0.321353
v -0.268862 0.104874 0.255671
v -0.268688 0.110975 0.280479
v -0.268398 0.115672 0.334014
v -0.268502 0.114670 0.308669
v -0.268798 0.071126 0.257568
v -0.268832 0.072175 0.246790
v -0.268445 0.077975 0.317032
v -0.268649 0.106533 0.259642
v -0.268561 0.110133 0.275907
v -0.268294 0.093530 0.328695
v -0.268697 0.075392 0.244729
v -0.268402 0.112477 0.290005
v -0.268304 0.077154 0.316448
v -0.268124 0.116147 0.334243
v -0.268259 0.076156 0.311867
v -0.268517 0.091393 0.249737
v -0.268451 0.102766 0.256026
v -0.268350 0.108979 0.269904
v -0.268218 0.113122 0.295257
v -0.268350 0.108000 0.265539
v -0.268215 0.074834 0.303854
v -0.268200 0.075197 0.306487
v -0.268033 0.108742 0.334628
v -0.268337 0.107354 0.264243
v -0.267965 0.114935 0.335453
v -0.268420 0.071496 0.251156
v -0.267978 0.105738 0.334157
v -0.268222 0.109223 0.271182
v -0.268140 0.111748 0.285838
v -0.268020 0.078384 0.320348
v -0.268174 0.109491 0.273746
v -0.267909 0.115705 0.318046
v -0.267890 0.087680 0.327379
v -0.267812 0.116900 0.330343
v -0.268216 0.071496 0.254729
v -0.268218 0.073619 0.248063
v -0.267824 0.082230 0.324492
v -0.267988 0.110484 0.278011
v -0.267972 0.108637 0.270466
v -0.268100 0.085244 0.250364
v -0.267963 0.106119 0.264273
v -0.267620 0.116738 0.332533
v -0.267593 0.116130 0.335114
v -0.268032 0.079053 0.248949
v -0.267822 0.109665 0.276058
v -0.267660 0.077699 0.319474
v -0.267676 0.075641 0.310643
v -0.267489 0.115771 0.335767
v -0.267839 0.099158 0.258697
v -0.267840 0.071498 0.261903
v -0.267677 0.110853 0.282303
v -0.267829 0.071514 0.258752
v -0.267784 0.071785 0.266850
v -0.267794 0.093190 0.255987
v -0.267656 0.108950 0.273935
v -0.267689 0.104271 0.263630
v -0.267512 0.112583 0.292658
v -0.267712 0.088061 0.254318
v -0.267382 0.079802 0.323754
v -0.267653 0.072490 0.253731
v -0.267245 0.116702 0.326260
v -0.267202 0.111315 0.336670
v -0.267204 0.096775 0.333138
v -0.267471 0.072464 0.278053
v -0.267154 0.117020 0.331449
v -0.267125 0.116673 0.334714
v -0.267260 0.076086 0.315233
v -0.267281 0.111859 0.289162
v -0.267163 0.078277 0.322407
v -0.267188 0.113520 0.299473
v -0.267295 0.106345 0.269068
v -0.267334 0.072079 0.272215
v -0.267211 0.073746 0.294096
v -0.266979 0.117225 0.332370
v -0.267115 0.113239 0.296908
v -0.267362 0.071951 0.258564
v -0.267059 0.077036 0.319126
v -0.267173 0.073104 0.286655
v -0.267173 0.107885 0.273933
v -0.266966 0.081850 0.327292
v -0.267303 0.072455 0.257297
v -0.267048 0.075160 0.308097
v -0.266943 0.114268 0.304277
v -0.266781 0.116318 0.337051
v -0.266999 0.109149 0.277260
v -0.266966 0.110088 0.281939
v -0.266813 0.077606 0.321774
v -0.267122 0.075405 0.253949
v -0.266761 0.078550 0.324895
v -0.266814 0.074479 0.302379
v -0.266606 0.115812 0.337372
v -0.266981 0.072051 0.262362
v -0.266931 0.090908 0.261409
v -0.266926 0.079072 0.255908
v -0.266610 0.114534 0.308452
v -0.266714 0.110869 0.284988
v -0.266578 0.115152 0.313520
v -0.266813 0.072148 0.266322
v -0.266718 0.097306 0.266710
v -0.266417 0.086546 0.331614
v -0.266515 0.113244 0.297368
v -0.266354 0.117125 0.330537
v -0.266528 0.112129 0.292085
v -0.266379 0.083831 0.330363
v -0.266708 0.072737 0.261210
v -0.266426 0.075885 0.315228
v -0.266273 0.106468 0.337791
v -0.266679 0.073571 0.258388
v -0.266466 0.111170 0.288796
v -0.266422 0.108955 0.282015
v -0.266527 0.072331 0.270021
v -0.266155 0.114778 0.338628
v -0.266196 0.077999 0.324690
v -0.266245 0.113251 0.299604
v -0.266203 0.076577 0.318980
v -0.266291 0.110092 0.285930
v -0.266351 0.072460 0.266186
v -0.266227 0.106827 0.278834
v -0.266134 0.112655 0.296998
v -0.265936 0.091633 0.334599
v -0.265967 0.080117 0.329090
v -0.266025 0.113494 0.302155
v -0.266236 0.072763 0.265216
v -0.266171 0.072595 0.277323
v -0.266213 0.081262 0.261442
v -0.265913 0.077286 0.323270
v -0.265935 0.113971 0.305405
v -0.265791 0.116783 0.337830
v -0.265774 0.110716 0.339163
v -0.265719 0.095247 0.336200
v -0.265889 0.108680 0.285472
v -0.266047 0.077707 0.261517
v -0.265632 0.117372 0.337225
v -0.265813 0.111603 0.294097
v -0.265988 0.075080 0.262495
v -0.265887 0.072902 0.282835
v -0.265949 0.073622 0.264854
v -0.265654 0.110747 0.290827
v -0.265793 0.088355 0.268347
v -0.265480 0.078464 0.327910
v -0.265688 0.099017 0.276299
v -0.265344 0.117296 0.338053
v -0.265323 0.116335 0.339628
v -0.265587 0.073275 0.287331
v -0.265437 0.113246 0.301747
v -0.265389 0.114724 0.311590
v -0.265437 0.111897 0.297097
v -0.265240 0.098284 0.338105
v -0.265349 0.076379 0.318800
v -0.265382 0.110615 0.293865
v -0.265462 0.093218 0.273955
v -0.265497 0.072862 0.270487
v -0.265197 0.079376 0.330164
v -0.265287 0.075189 0.310255
v -0.265229 0.112702 0.301763
v -0.265135 0.077971 0.327340
v -0.265060 0.117034 0.327515
v -0.265213 0.109407 0.292370
v -0.264989 0.104505 0.339726
v -0.264962 0.117583 0.337738
v -0.265214 0.101604 0.282499
v -0.265018 0.116024 0.320535
v -0.265291 0.072865 0.273920
v -0.265031 0.076963 0.322937
v -0.265259 0.083277 0.269288
v -0.264859 0.115575 0.340330
v -0.265130 0.073392 0.290329
v -0.265080 0.107299 0.290140
v -0.265202 0.076779 0.267570
v -0.264765 0.080841 0.332996
v -0.264921 0.074272 0.299468
v -0.264673 0.114104 0.340883
v -0.264840 0.111450 0.299657
v -0.264859 0.109653 0.296097
v -0.264955 0.073308 0.278351
v -0.264598 0.116823 0.340035
v -0.264696 0.115203 0.315785
v -0.264876 0.073368 0.285919
v -0.264932 0.074769 0.270220
v -0.264857 0.086430 0.274105
v -0.264678 0.111987 0.302685
v -0.264840 0.079523 0.270618
v -0.264819 0.073822 0.274190
v -0.264745 0.073277 0.281807
v -0.264647 0.093969 0.280933
v -0.264628 0.073623 0.288822
v -0.264388 0.114672 0.313454
v -0.264575 0.073779 0.277369
v -0.264546 0.089346 0.278425
v -0.264158 0.117743 0.335024
v -0.264314 0.110120 0.300616
v -0.264209 0.078441 0.331826
v -0.264014 0.109147 0.341701
v -0.264052 0.114542 0.312979
v -0.264027 0.077707 0.328274
v -0.264176 0.074060 0.296051
v -0.263986 0.079858 0.334055
v -0.264137 0.102885 0.293123
v -0.264007 0.111586 0.306072
v -0.263976 0.113783 0.311398
v -0.264125 0.073898 0.284838
v -0.264113 0.083756 0.278205
v -0.263889 0.114696 0.313948
v -0.263831 0.115933 0.320117
v -0.263932 0.106926 0.299510
v -0.263980 0.094580 0.286905
v -0.263828 0.112840 0.309630
v -0.263679 0.118065 0.337918
v -0.263988 0.074119 0.281642
v -0.263761 0.114139 0.313417
v -0.263836 0.097984 0.291032
v -0.263932 0.076257 0.276594
v -0.263910 0.074830 0.278824
v -0.263716 0.076199 0.318425
v -0.263517 0.117798 0.340480
v -0.263783 0.074074 0.291276
v -0.263483 0.115816 0.342514
v -0.263756 0.074052 0.288371
v -0.263503 0.090382 0.339501
v -0.263611 0.109236 0.305039
v -0.263543 0.074187 0.294909
v -0.263480 0.089275 0.286931
v -0.263449 0.074569 0.286449
v -0.263203 0.078835 0.334447
v -0.263216 0.112834 0.313118
v -0.263362 0.075095 0.284109
v -0.263149 0.114180 0.315705
v -0.263114 0.078182 0.332386
v -0.263082 0.116851 0.327136
v -0.263137 0.110236 0.309793
v -0.262992 0.080779 0.337160
v -0.263141 0.098531 0.297295
v -0.262971 0.115174 0.318783
v -0.262980 0.106439 0.306390
v -0.263028 0.074631 0.290557
v -0.262784 0.082695 0.338577
v -0.263037 0.076241 0.284104
v -0.262779 0.116183 0.322994
v -0.262877 0.101548 0.302201
v -0.262922 0.074470 0.299417
v -0.262771 0.115435 0.320314
v -0.262837 0.075645 0.312821
v -0.262629 0.110297 0.343706
v -0.262829 0.093005 0.295078
v -0.262628 0.114796 0.318220
v -0.262775 0.074582 0.294176
v -0.262535 0.117546 0.332134
v -0.262677 0.075233 0.307849
v -0.262456 0.116495 0.343650
v -0.262719 0.075367 0.289386
v -0.262524 0.113265 0.316736
v -0.262505 0.077391 0.327824
v -0.262467 0.114950 0.319147
v -0.262588 0.074735 0.303496
v -0.262609 0.085215 0.291106
v -0.262449 0.076968 0.324062
v -0.262370 0.115938 0.322407
v -0.262535 0.074582 0.298094
v -0.262445 0.074641 0.299912
v -0.262493 0.078529 0.288255
v -0.262380 0.074835 0.299371
v -0.262231 0.114338 0.319374
v -0.262265 0.102050 0.307133
v -0.262210 0.110350 0.315009
v -0.262161 0.116070 0.323322
v -0.262137 0.079409 0.337804
v -0.262141 0.115118 0.321162
v -0.262140 0.077782 0.331811
v -0.262189 0.105888 0.311091
v -0.262238 0.075662 0.294694
v -0.261920 0.097718 0.343393
v -0.262050 0.075208 0.304570
v -0.261994 0.096042 0.303766
v -0.261835 0.115554 0.323039
v -0.261927 0.077167 0.294473
v -0.261801 0.076231 0.317517
v -0.261684 0.078123 0.335143
v -0.261664 0.116285 0.325645
v -0.261696 0.112363 0.319058
v -0.261703 0.075496 0.308007
v -0.261526 0.116617 0.327415
v -0.261453 0.117788 0.344022
v -0.261675 0.075542 0.302887
v -0.261451 0.118576 0.340673
v -0.261616 0.075677 0.311274
v -0.261616 0.090735 0.302416
v -0.261647 0.075627 0.300035
v -0.261263 0.116617 0.345116
v -0.261318 0.080215 0.340309
v -0.261234 0.117228 0.344567
v -0.261186 0.118272 0.337040
v -0.261229 0.078371 0.337934
v -0.261189 0.089007 0.343230
v -0.261287 0.104947 0.315315
v -0.261252 0.098946 0.311015
v -0.261157 0.115121 0.323372
v -0.261284 0.075847 0.306409
v -0.261140 0.114407 0.322793
v -0.261162 0.108817 0.318541
v -0.261123 0.116025 0.325237
v -0.261083 0.117247 0.330858
v -0.261020 0.118282 0.342868
v -0.261223 0.084410 0.301274
v -0.261146 0.079894 0.300128
v -0.261093 0.076507 0.303768
v -0.260929 0.116174 0.326173
v -0.260875 0.115473 0.325310
v -0.260889 0.077559 0.331166
v -0.260919 0.076856 0.322223
v -0.261003 0.077773 0.301952
v -0.260848 0.075807 0.311138
v -0.260824 0.076013 0.315462
v -0.260747 0.111255 0.321713
v -0.260634 0.083270 0.342877
v -0.260577 0.113628 0.346180
v -0.260483 0.117954 0.344597
v -0.260515 0.116346 0.328065
v -0.260565 0.090754 0.309430
v -0.260414 0.117773 0.333988
v -0.260343 0.117292 0.345564
v -0.260486 0.076251 0.314100
v -0.260458 0.076592 0.318880
v -0.260415 0.077344 0.327778
v -0.260345 0.115753 0.327108
v -0.260474 0.076798 0.308594
v -0.260416 0.079332 0.305513
v -0.260353 0.077828 0.306912
v -0.260245 0.104403 0.319650
v -0.260127 0.112521 0.324542
v -0.260085 0.078402 0.340589
v -0.260095 0.077695 0.335092
v -0.260056 0.116782 0.330067
v -0.260198 0.083026 0.307683
v -0.260045 0.095387 0.315177
v -0.259862 0.116041 0.346785
v -0.259943 0.114470 0.326609
v -0.259767 0.117608 0.346369
v -0.259760 0.118730 0.342748
v -0.259783 0.077792 0.338302
v -0.259668 0.108844 0.347224
v -0.259633 0.094831 0.346311
v -0.259777 0.076753 0.317546
v -0.259802 0.077907 0.310516
v -0.259685 0.108159 0.323693
v -0.259634 0.116242 0.329113
v -0.259686 0.077344 0.312549
v -0.259615 0.079597 0.310455
v -0.259399 0.118809 0.344562
v -0.259452 0.078781 0.342892
v -0.259319 0.118293 0.346008
v -0.259314 0.099468 0.347067
v -0.259470 0.087438 0.313640
v -0.259414 0.077121 0.315731
v -0.259360 0.077122 0.321488
v -0.259144 0.077771 0.340860
v -0.259227 0.082213 0.312701
v -0.259033 0.118797 0.341232
v -0.259180 0.078560 0.313235
v -0.258974 0.117458 0.346980
v -0.258968 0.112889 0.347959
v -0.259049 0.111938 0.327261
v -0.258904 0.115840 0.330222
v -0.258931 0.077565 0.332688
v -0.258957 0.092562 0.318715
v -0.258846 0.116500 0.331209
v -0.258877 0.098827 0.322135
v -0.258831 0.077465 0.325937
v -0.258660 0.114474 0.329685
v -0.258559 0.118122 0.336051
v -0.258683 0.078121 0.315414
v -0.258571 0.077571 0.329610
v -0.258490 0.116109 0.330929
v -0.258475 0.117443 0.333180
v -0.258490 0.077479 0.320277
v -0.258337 0.077713 0.343299
v -0.258395 0.080230 0.316394
v -0.258383 0.082651 0.316730
v -0.258220 0.077521 0.336340
v -0.258125 0.119006 0.346083
v -0.258101 0.118113 0.347363
v -0.258226 0.077650 0.323756
v -0.258150 0.077430 0.338635
v -0.258073 0.115392 0.331450
v -0.258132 0.078210 0.319585
v -0.258077 0.099911 0.325315
v -0.257838 0.119107 0.344327
v -0.257823 0.117292 0.348253
v -0.257861 0.111489 0.329952
v -0.257919 0.088994 0.321293
v -0.257795 0.086705 0.347988
v -0.257884 0.079173 0.319208
v -0.257780 0.077285 0.341087
v -0.257733 0.118686 0.339544
v -0.257529 0.078230 0.346280
v -0.257400 0.118852 0.347645
v -0.257374 0.113596 0.331814
v -0.257414 0.077810 0.329332
v -0.257316 0.077080 0.343373
v -0.257252 0.077499 0.345922
v -0.257332 0.078009 0.326881
v -0.257267 0.077714 0.332313
v -0.257293 0.078373 0.324176
v -0.257236 0.101554 0.328223
v -0.257167 0.079118 0.347670
v -0.257165 0.117782 0.335919
v -0.257195 0.090280 0.324367
v -0.257156 0.081942 0.321608
v -0.257140 0.080397 0.321833
v -0.257020 0.115418 0.333333
v -0.256933 0.117759 0.349193
v -0.257080 0.079282 0.322944
v -0.256832 0.119288 0.346392
v -0.256726 0.116881 0.334929
v -0.256743 0.077325 0.338427
v -0.256588 0.114484 0.350178
v -0.256621 0.077546 0.335887
v -0.256495 0.076718 0.345779
v -0.256348 0.119212 0.342771
v -0.256443 0.092207 0.327295
v -0.256381 0.109207 0.332305
v -0.256400 0.078205 0.329670
v -0.256290 0.088995 0.350209
v -0.256347 0.081844 0.324718
v -0.256207 0.076725 0.343190
v -0.256168 0.118403 0.338462
v -0.256154 0.102333 0.330962
v -0.256141 0.078023 0.331972
v -0.256142 0.080599 0.325645
v -0.255981 0.113125 0.334063
v -0.255950 0.117905 0.336897
v -0.255998 0.079618 0.326954
v -0.255902 0.077065 0.348626
v -0.255989 0.085138 0.326485
v -0.255858 0.097041 0.351004
v -0.255894 0.078827 0.328861
v -0.255824 0.077813 0.334397
v -0.255657 0.117303 0.350325
v -0.255630 0.076892 0.341268
v -0.255576 0.076253 0.345318
v -0.255458 0.119744 0.346234
v -0.255538 0.093782 0.330053
v -0.255557 0.082249 0.327368
v -0.255406 0.119689 0.347535
v -0.255429 0.076161 0.348309
v -0.255324 0.091815 0.351470
v -0.255318 0.119010 0.341121
v -0.255243 0.115471 0.335966
v -0.255197 0.079111 0.350854
v -0.255249 0.087733 0.329190
v -0.255069 0.119049 0.349893
v -0.255183 0.078529 0.331983
v -0.255024 0.108846 0.351944
v -0.255048 0.081185 0.329020
v -0.254912 0.118185 0.338589
v -0.254913 0.102319 0.333363
v -0.254893 0.108122 0.334623
v -0.254844 0.077217 0.339179
v -0.254752 0.078143 0.334509
v -0.254635 0.117022 0.337518
v -0.254703 0.080104 0.330555
v -0.254573 0.075409 0.347974
v -0.254576 0.076145 0.344250
v -0.254530 0.114319 0.336489
v -0.254575 0.083832 0.330180
v -0.254423 0.094940 0.332704
v -0.254311 0.077665 0.337189
v -0.254267 0.079368 0.332478
v -0.254045 0.119705 0.348766
v -0.254022 0.115808 0.352309
v -0.254036 0.075195 0.350942
v -0.253964 0.074855 0.350088
v -0.253914 0.075940 0.351939
v -0.253938 0.088049 0.332316
v -0.253887 0.075358 0.346615
v -0.253659 0.117832 0.339380
v -0.253633 0.118833 0.340613
v -0.253702 0.081686 0.332385
v -0.253576 0.078745 0.335075
v -0.253535 0.076774 0.341345
v -0.253404 0.119056 0.351648
v -0.253476 0.078125 0.336646
v -0.253454 0.080432 0.333428
v -0.253348 0.119838 0.347046
v -0.253334 0.100801 0.353662
v -0.253285 0.119971 0.349337
v -0.253363 0.101827 0.335907
v -0.253292 0.076221 0.343191
v -0.253142 0.074459 0.348607
v -0.252982 0.119933 0.350183
v -0.252982 0.079809 0.353995
v -0.252900 0.117994 0.352575
v -0.252885 0.119672 0.343667
v -0.252867 0.084833 0.354247
v -0.252888 0.083969 0.334087
v -0.252832 0.075416 0.345398
v -0.252791 0.114847 0.338913
v -0.252817 0.095804 0.335798
v -0.252772 0.073729 0.350571
v -0.252790 0.105565 0.337389
v -0.252680 0.073559 0.352206
v -0.252733 0.079803 0.335463
v -0.252525 0.077093 0.340478
v -0.252526 0.090325 0.335471
v -0.252492 0.078375 0.337526
v -0.252368 0.077785 0.338871
v -0.252247 0.073389 0.353716
v -0.252262 0.086403 0.335515
v -0.252092 0.093943 0.354983
v -0.252120 0.116757 0.340325
v -0.252156 0.079018 0.337241
v -0.252097 0.074301 0.347694
v -0.252097 0.081640 0.335935
v -0.252019 0.111711 0.339274
v -0.252020 0.108424 0.338828
v -0.251909 0.119844 0.345894
v -0.251869 0.076356 0.342652
v -0.251769 0.118934 0.353114
v -0.251722 0.088347 0.355482
v -0.251725 0.073231 0.349851
v -0.251678 0.072335 0.352724
v -0.251651 0.074591 0.355389
v -0.251579 0.075563 0.344513
v -0.251461 0.118056 0.341755
v -0.251432 0.073044 0.355363
v -0.251479 0.084028 0.336922
v -0.251423 0.074753 0.346210
v -0.251133 0.111570 0.355210
v -0.251165 0.097373 0.338676
v -0.251052 0.071431 0.354605
v -0.251061 0.078333 0.339636
v -0.250929 0.119581 0.353120
v -0.250933 0.119632 0.344968
v -0.250970 0.079992 0.338609
v -0.250894 0.086542 0.338074
v -0.250846 0.071702 0.352023
v -0.250819 0.077265 0.341286
v -0.250809 0.076578 0.342466
v -0.250710 0.114943 0.355256
v -0.250757 0.090813 0.338608
v -0.250703 0.073033 0.349143
v -0.250692 0.112511 0.340918
v -0.250459 0.070596 0.354084
v -0.250310 0.119053 0.354657
v -0.250319 0.100969 0.356507
v -0.250348 0.070857 0.356461
v -0.250379 0.073698 0.347707
v -0.250347 0.114959 0.341647
v -0.250293 0.119223 0.343827
v -0.250225 0.082877 0.339251
v -0.250173 0.074627 0.346017
v -0.250059 0.120113 0.347993
v -0.250053 0.101916 0.340661
v -0.250056 0.075627 0.344368
v -0.249985 0.071784 0.350690
v -0.249860 0.069410 0.355836
v -0.249862 0.108174 0.341399
v -0.249775 0.116869 0.342684
v -0.249666 0.069234 0.356873
v -0.249544 0.120362 0.352064
v -0.249468 0.076377 0.343489
v -0.249426 0.077356 0.342416
v -0.249332 0.093797 0.357723
v -0.249369 0.069367 0.353943
v -0.249347 0.070380 0.358275
v -0.249355 0.078622 0.341597
v -0.249328 0.086682 0.340639
v -0.249195 0.068364 0.355764
v -0.249138 0.118428 0.343798
v -0.249169 0.092461 0.341147
v -0.249103 0.119529 0.345524
v -0.249076 0.080492 0.341366
v -0.249006 0.072156 0.349408
v -0.248916 0.118544 0.355797
v -0.248964 0.069953 0.352392
v -0.248851 0.120104 0.354718
v -0.248918 0.073391 0.347662
v -0.248918 0.074432 0.346244
v -0.248811 0.078559 0.359014
v -0.248700 0.120256 0.354068
v -0.248725 0.118957 0.344577
v -0.248582 0.067002 0.357855
v -0.248474 0.067501 0.359039
v -0.248405 0.116812 0.356665
v -0.248357 0.119758 0.355583
v -0.248379 0.111703 0.343257
v -0.248401 0.083267 0.342046
v -0.248224 0.066996 0.355759
v -0.248189 0.070386 0.351157
v -0.248161 0.066194 0.357295
v -0.248195 0.076161 0.344581
v -0.248095 0.070872 0.360082
v -0.248082 0.119991 0.347309
v -0.248031 0.087574 0.359292
v -0.248087 0.074898 0.345904
v -0.247991 0.118659 0.356630
v -0.247909 0.115074 0.344009
v -0.247894 0.067714 0.354130
v -0.247774 0.072205 0.348946
v -0.247771 0.077014 0.344350
v -0.247673 0.087777 0.343028
v -0.247665 0.073281 0.347738
v -0.247488 0.100808 0.359051
v -0.247507 0.101798 0.343688
v -0.247517 0.080875 0.343469
v -0.247418 0.116996 0.344795
v -0.247288 0.064026 0.359150
v -0.247267 0.119641 0.346824
v -0.247300 0.070831 0.350289
v -0.247259 0.064301 0.360407
v -0.247270 0.078638 0.344255
v -0.247198 0.064355 0.357623
v -0.247178 0.066063 0.361222
v -0.247152 0.064767 0.361096
v -0.247091 0.120775 0.354411
v -0.247054 0.120483 0.355694
v -0.247091 0.068178 0.352767
v -0.247059 0.106104 0.344333
v -0.247068 0.094418 0.343927
v -0.246906 0.114067 0.358408
v -0.246944 0.065145 0.355939
v -0.246820 0.120658 0.351741
v -0.246826 0.069323 0.351532
v -0.246788 0.118242 0.345740
v -0.246458 0.093183 0.360454
v -0.246414 0.083622 0.344701
v -0.246389 0.074822 0.347030
v -0.246373 0.071446 0.349627
v -0.246337 0.073076 0.348303
v -0.246280 0.065623 0.354550
v -0.246248 0.061328 0.361512
v -0.246124 0.061075 0.359640
v -0.245971 0.120539 0.349233
v -0.245935 0.108656 0.345509
v -0.245935 0.069424 0.351213
v -0.245854 0.102797 0.360309
v -0.245846 0.061343 0.363176
v -0.245841 0.061946 0.357711
v -0.245770 0.067648 0.352504
v -0.245691 0.119686 0.357662
v -0.245722 0.088009 0.345468
v -0.245598 0.120547 0.357003
v -0.245640 0.076324 0.347022
v -0.245617 0.066002 0.353667
v -0.245577 0.112336 0.345902
v -0.245553 0.119281 0.347392
v -0.245372 0.062736 0.356225
v -0.245333 0.059889 0.363450
v -0.245282 0.063264 0.363756
v -0.245234 0.076708 0.362842
v -0.245276 0.080453 0.346403
v -0.245214 0.117260 0.346648
v -0.245181 0.120162 0.348892
v -0.245133 0.115478 0.346451
v -0.245090 0.121131 0.354511
v -0.245126 0.071266 0.350075
v -0.244920 0.067344 0.363918
v -0.244830 0.114872 0.359837
v -0.244908 0.077933 0.347353
v -0.244873 0.069500 0.351235
v -0.244832 0.100105 0.346522
v -0.244797 0.057509 0.361707
v -0.244704 0.067414 0.352481
v -0.244699 0.072317 0.349726
v -0.244548 0.120539 0.357980
v -0.244596 0.065339 0.353691
v -0.244498 0.120925 0.356440
v -0.244467 0.057132 0.364722
v -0.244464 0.059285 0.364806
v -0.244444 0.057932 0.359303
v -0.244375 0.056689 0.360808
v -0.244265 0.084533 0.363108
v -0.244245 0.120116 0.348835
v -0.244272 0.062781 0.355203
v -0.244254 0.059266 0.357771
v -0.244152 0.118685 0.359437
v -0.244159 0.118305 0.347758
v -0.244096 0.103514 0.347243
v -0.244091 0.074032 0.349565
v -0.243941 0.060319 0.356651
v -0.243751 0.120720 0.351211
v -0.243787 0.084644 0.347815
v -0.243769 0.067360 0.352660
v -0.243760 0.063063 0.354653
v -0.243760 0.094205 0.347636
v -0.243695 0.092678 0.362958
v -0.243609 0.069355 0.351823
v -0.243559 0.065041 0.353820
v -0.243519 0.054194 0.364270
v -0.243355 0.119975 0.359325
v -0.243387 0.107839 0.347839
v -0.243385 0.088900 0.348116
v -0.243210 0.104101 0.362324
v -0.243248 0.061959 0.355294
v -0.243213 0.076345 0.349792
v -0.243145 0.053324 0.361019
v -0.243005 0.052758 0.362878
v -0.242911 0.121367 0.357411
v -0.242844 0.055843 0.366905
v -0.242808 0.057955 0.366996
v -0.242792 0.052897 0.366117
v -0.242822 0.057173 0.357791
v -0.242793 0.119195 0.348856
v -0.242825 0.071372 0.351711
v -0.242786 0.054906 0.359371
v -0.242771 0.059185 0.356572
v -0.242717 0.077767 0.365125
v -0.242653 0.060047 0.356014
v -0.242596 0.053447 0.366832
v -0.242642 0.079235 0.349763
v -0.242449 0.061989 0.355332
v -0.242419 0.065369 0.354064
v -0.242139 0.118555 0.349298
v -0.242136 0.082113 0.349916
v -0.242111 0.059690 0.356257
v -0.242071 0.116803 0.349025
v -0.242010 0.121392 0.356184
v -0.241955 0.066797 0.366863
v -0.241959 0.120500 0.350738
v -0.241945 0.051541 0.360935
v -0.241823 0.120766 0.359936
v -0.241827 0.120986 0.352020
v -0.241847 0.112563 0.349059
v -0.241811 0.068023 0.353612
v -0.241805 0.058133 0.356696
v -0.241775 0.050099 0.362331
v -0.241736 0.055862 0.357641
v -0.241716 0.074317 0.352007
v -0.241659 0.057522 0.368134
v -0.241612 0.050455 0.367748
v -0.241623 0.096399 0.349771
v -0.241526 0.121203 0.353918
v -0.241492 0.048510 0.364170
v -0.241416 0.048980 0.367276
v -0.241377 0.119605 0.350335
v -0.241304 0.051529 0.368449
v -0.241339 0.053422 0.358997
v -0.241312 0.062239 0.355669
v -0.241240 0.053776 0.368733
v -0.241202 0.115832 0.362167
v -0.241140 0.050903 0.360367
v -0.241068 0.059232 0.356667
v -0.240945 0.080620 0.366410
v -0.240932 0.077591 0.352061
v -0.240863 0.101642 0.350295
v -0.240785 0.092735 0.365382
v -0.240832 0.064605 0.355315
v -0.240797 0.084558 0.351160
v -0.240707 0.046293 0.366762
v -0.240681 0.071299 0.353811
v -0.240612 0.106796 0.350298
v -0.240624 0.056140 0.357722
v -0.240472 0.120360 0.361460
v -0.240471 0.118235 0.362144
v -0.240426 0.053709 0.358550
v -0.240186 0.046859 0.369767
v -0.240126 0.121137 0.361118
v -0.240206 0.067687 0.355083
v -0.240144 0.047046 0.362091
v -0.240052 0.104755 0.364645
v -0.240091 0.045732 0.363508
v -0.240078 0.061001 0.356695
v -0.240045 0.080738 0.352436
v -0.239889 0.118441 0.350883
v -0.239783 0.120514 0.351835
v -0.239793 0.088536 0.351910
v -0.239741 0.050455 0.370089
v -0.239737 0.049116 0.360298
v -0.239702 0.050730 0.359568
v -0.239682 0.051895 0.358879
v -0.239535 0.043652 0.369330
v -0.239564 0.047305 0.361158
v -0.239468 0.056090 0.358093
v -0.239413 0.054882 0.370124
v -0.239362 0.071897 0.368572
v -0.239231 0.120998 0.353298
v -0.239236 0.054253 0.358688
v -0.239030 0.046753 0.371134
v -0.239038 0.042437 0.365135
v -0.238992 0.045393 0.371151
v -0.239010 0.108802 0.351471
v -0.238947 0.120209 0.362430
v -0.238962 0.076769 0.354319
v -0.238789 0.065976 0.356641
v -0.238749 0.114591 0.351387
v -0.238652 0.083022 0.368055
v -0.238614 0.121131 0.362322
v -0.238588 0.042116 0.370637
v -0.238590 0.040737 0.369575
v -0.238520 0.040464 0.367383
v -0.238429 0.096809 0.366811
v -0.238440 0.050160 0.359811
v -0.238287 0.121716 0.362028
v -0.238268 0.119679 0.352323
v -0.238216 0.121830 0.356948
v -0.238138 0.063806 0.370256
v -0.238146 0.041085 0.364108
v -0.238119 0.042817 0.362568
v -0.237988 0.071840 0.356194
v -0.237971 0.047002 0.360599
v -0.237943 0.044493 0.361558
v -0.237852 0.051278 0.371454
v -0.237849 0.116791 0.352065
v -0.237871 0.093657 0.353441
v -0.237747 0.117864 0.363997
v -0.237644 0.040923 0.371831
v -0.237614 0.038997 0.371645
v -0.237608 0.056064 0.359170
v -0.237511 0.082255 0.354780
v -0.237448 0.075486 0.369682
v -0.237277 0.121907 0.362490
v -0.237229 0.037877 0.371372
v -0.237245 0.099764 0.353598
v -0.237177 0.120863 0.363339
v -0.237193 0.037343 0.366330
v -0.237201 0.052268 0.359912
v -0.237194 0.060053 0.358783
v -0.236997 0.036308 0.370043
v -0.236950 0.041909 0.372489
v -0.236939 0.038199 0.372237
v -0.236973 0.048456 0.360560
v -0.236634 0.087062 0.369167
v -0.236640 0.064912 0.358413
v -0.236595 0.038515 0.372895
v -0.236565 0.058797 0.371719
v -0.236522 0.118499 0.353133
v -0.236545 0.037793 0.363988
v -0.236442 0.120620 0.364132
v -0.236415 0.119600 0.364374
v -0.236430 0.036077 0.365311
v -0.236354 0.035932 0.372368
v -0.236301 0.036195 0.372812
v -0.236271 0.110670 0.353430
v -0.236255 0.039382 0.362863
v -0.236241 0.077916 0.356666
v -0.236204 0.042268 0.361935
v -0.236154 0.035287 0.372773
v -0.236066 0.122529 0.361383
v -0.235985 0.036311 0.373032
v -0.235955 0.034079 0.372013
v -0.235890 0.032911 0.368752
v -0.235833 0.073068 0.370999
v -0.235723 0.106085 0.367461
v -0.235781 0.070158 0.358266
v -0.235758 0.044888 0.361489
v -0.235506 0.122312 0.357504
v -0.235512 0.038448 0.373456
v -0.235421 0.033842 0.373099
v -0.235400 0.031493 0.371017
v -0.235329 0.052641 0.372868
v -0.235303 0.034815 0.373498
v -0.235279 0.057717 0.360197
v -0.235252 0.031904 0.366853
v -0.235182 0.121695 0.364360
v -0.235146 0.032954 0.365324
v -0.235134 0.034717 0.364124
v -0.235117 0.086665 0.356526
v -0.235023 0.035002 0.373922
v -0.235012 0.030814 0.372313
v -0.235028 0.047895 0.361332
v -0.235012 0.075368 0.358120
v -0.234962 0.034106 0.373904
v -0.234825 0.041849 0.373806
v -0.234766 0.031472 0.373254
v -0.234728 0.029731 0.372985
v -0.234713 0.035536 0.363465
v -0.234681 0.037736 0.362844
v -0.234565 0.122639 0.362746
v -0.234507 0.092542 0.356525
v -0.234465 0.116929 0.354357
v -0.234427 0.072867 0.371813
v -0.234381 0.061830 0.372840
v -0.234376 0.034661 0.374151
v -0.234315 0.065764 0.372589
v -0.234219 0.120206 0.354926
v -0.234171 0.085337 0.371022
v -0.234229 0.040434 0.362451
v -0.234223 0.063439 0.360158
v -0.234155 0.121676 0.356026
v -0.234076 0.027638 0.372354
v -0.234024 0.036931 0.374295
v -0.233992 0.030433 0.365162
v -0.233916 0.121197 0.365251
v -0.233963 0.026622 0.370613
v -0.233984 0.052674 0.361325
v -0.233898 0.079306 0.371585
v -0.233842 0.031979 0.364265
v -0.233795 0.043658 0.362226
v -0.233733 0.030616 0.374227
v -0.233667 0.027378 0.373564
v -0.233685 0.079816 0.358637
v -0.233570 0.027856 0.374183
v -0.233602 0.068394 0.360048
v -0.233509 0.095055 0.370732
v -0.233526 0.114069 0.355104
v -0.233482 0.122333 0.357586
v -0.233403 0.118016 0.366511
v -0.233398 0.026929 0.374102
v -0.233438 0.033582 0.363503
v -0.233312 0.122041 0.364976
v -0.233289 0.122649 0.364054
v -0.233270 0.070975 0.372451
v -0.233264 0.027359 0.374199
v -0.233239 0.057317 0.373715
v -0.233214 0.066457 0.372888
v -0.233244 0.026746 0.366644
v -0.233214 0.104457 0.356356
v -0.233202 0.025036 0.368429
v -0.233190 0.027655 0.365649
v -0.233131 0.075710 0.372078
v -0.233172 0.073569 0.359810
v -0.233154 0.028745 0.365021
v -0.233069 0.051599 0.374112
v -0.233014 0.024886 0.373487
v -0.232961 0.118439 0.355397
v -0.232839 0.122702 0.360796
v -0.232902 0.035039 0.363112
v -0.232839 0.032555 0.374933
v -0.232793 0.062781 0.373334
v -0.232710 0.083979 0.371871
v -0.232712 0.079655 0.371980
v -0.232671 0.120937 0.356232
v -0.232632 0.121892 0.365860
v -0.232636 0.022859 0.372602
v -0.232602 0.027270 0.374727
v -0.232612 0.097452 0.357636
v -0.232563 0.029149 0.364501
v -0.232443 0.069882 0.372769
v -0.232401 0.122481 0.358795
v -0.232378 0.089301 0.371774
v -0.232325 0.025323 0.365488
v -0.232115 0.120562 0.366564
v -0.232097 0.074210 0.372464
v -0.232114 0.022395 0.374432
v -0.232047 0.076953 0.372090
v -0.232048 0.066740 0.373281
v -0.232055 0.022154 0.373951
v -0.232086 0.060364 0.361628
v -0.232019 0.082079 0.372234
v -0.232019 0.060378 0.373738
v -0.232018 0.038935 0.375180
v -0.232015 0.046372 0.362681
v -0.231909 0.055884 0.374141
v -0.231898 0.079882 0.372013
v -0.231934 0.030034 0.364133
v -0.231880 0.085119 0.359722
v -0.231892 0.032141 0.363819
v -0.231814 0.084663 0.372143
v -0.231775 0.090619 0.359114
v -0.231718 0.074942 0.372403
v -0.231714 0.063841 0.373423
v -0.231675 0.121893 0.366133
v -0.231691 0.070616 0.372700
v -0.231665 0.122769 0.365216
v -0.231660 0.021993 0.374813
v -0.231638 0.122190 0.358123
v -0.231611 0.074001 0.372477
v -0.231610 0.108570 0.357009
v -0.231549 0.075204 0.361076
v -0.231527 0.020859 0.368459
v -0.231525 0.070229 0.361463
v -0.231482 0.020074 0.373713
v -0.231453 0.121724 0.357112
v -0.231440 0.062629 0.373777
v -0.231430 0.027902 0.375505
v -0.231415 0.074034 0.372157
v -0.231394 0.052036 0.374603
v -0.231352 0.087267 0.372374
v -0.231324 0.079042 0.371779
v -0.231368 0.039067 0.363399
v -0.231265 0.122940 0.363656
v -0.231290 0.032155 0.375598
v -0.231309 0.080254 0.360896
v -0.231245 0.075987 0.371767
v -0.231216 0.082175 0.371900
v -0.231189 0.022959 0.375514
v -0.231188 0.116329 0.356496
v -0.231191 0.018945 0.370494
v -0.231162 0.020397 0.374757
v -0.231141 0.071535 0.372254
v -0.231137 0.065088 0.361967
v -0.231065 0.093509 0.372326
v -0.231025 0.085377 0.372065
v -0.230994 0.067479 0.372922
v -0.231030 0.020352 0.367348
v -0.230966 0.090935 0.372319
v -0.231019 0.052525 0.362722
v -0.230931 0.121789 0.367018
v -0.230916 0.020848 0.375449
v -0.230870 0.060324 0.373859
v -0.230852 0.078009 0.371241
v -0.230850 0.063261 0.373357
v -0.230831 0.073132 0.371576
v -0.230817 0.019985 0.375371
v -0.230791 0.025598 0.364724
v -0.230752 0.017433 0.372851
v -0.230707 0.122800 0.359543
v -0.230710 0.054627 0.374642
v -0.230752 0.029329 0.364329
v -0.230672 0.081775 0.371513
v -0.230620 0.017210 0.374395
v -0.230601 0.075825 0.370995
v -0.230601 0.048327 0.375160
v -0.230640 0.021309 0.366179
v -0.230621 0.022857 0.365527
v -0.230564 0.067055 0.372748
v -0.230556 0.042398 0.375546
v -0.230513 0.123051 0.365464
v -0.230538 0.060751 0.373789
v -0.230547 0.076576 0.362195
v -0.230544 0.071917 0.362449
v -0.230512 0.119848 0.357059
v -0.230503 0.069474 0.371648
v -0.230500 0.121892 0.358025
v -0.230503 0.020309 0.375518
v -0.230442 0.064430 0.372908
v -0.230437 0.121233 0.357499
v -0.230420 0.077464 0.369926
v -0.230377 0.088511 0.372178
v -0.230325 0.097995 0.372405
v -0.230345 0.059819 0.373859
v -0.230336 0.067521 0.372049
v -0.230333 0.051670 0.374791
v -0.230318 0.085308 0.371737
v -0.230368 0.067532 0.362762
v -0.230325 0.084852 0.361488
v -0.230324 0.080840 0.362185
v -0.230225 0.079695 0.369065
v -0.230214 0.071053 0.370466
v -0.230204 0.056028 0.362994
v -0.230155 0.122361 0.358891
v -0.230118 0.090840 0.372392
v -0.230143 0.017732 0.375278
v -0.230109 0.073433 0.369038
v -0.230040 0.083730 0.369824
v -0.230032 0.050251 0.375187
v -0.230071 0.059649 0.363053
v -0.230039 0.076260 0.367571
v -0.230050 0.073820 0.363442
v -0.229974 0.087948 0.371760
v -0.229960 0.079560 0.366853
v -0.229927 0.060458 0.373293
v -0.229948 0.081218 0.363250
v -0.229916 0.063747 0.372322
v -0.229936 0.078284 0.363106
v -0.229927 0.069473 0.363584
v -0.229887 0.101819 0.359118
v -0.229880 0.075870 0.365076
v -0.229865 0.080002 0.364624
v -0.229838 0.034577 0.376030
v -0.229779 0.119685 0.368250
v -0.229810 0.082179 0.366125
v -0.229829 0.063255 0.363372
v -0.229810 0.084058 0.362746
v -0.229809 0.089877 0.361128
v -0.229790 0.072170 0.366728
v -0.229820 0.031727 0.364347
v -0.229736 0.093566 0.372615
v -0.229726 0.069117 0.368584
v -0.229720 0.018172 0.375759
v -0.229717 0.112349 0.357814
v -0.229729 0.071043 0.364812
v -0.229716 0.083014 0.364199
v -0.229667 0.054998 0.374191
v -0.229701 0.066004 0.363751
v -0.229655 0.087201 0.370814
v -0.229695 0.020037 0.365900
v -0.229570 0.065118 0.370459
v -0.229520 0.057474 0.373638
v -0.229491 0.086725 0.369618
v -0.229499 0.084846 0.365868
v -0.229446 0.102070 0.372355
v -0.229439 0.090744 0.372081
v -0.229457 0.048977 0.375135
v -0.229471 0.068029 0.366378
v -0.229441 0.060859 0.372702
v -0.229463 0.066879 0.364742
v -0.229461 0.015345 0.368793
v -0.229437 0.014653 0.374408
v -0.229402 0.050917 0.374780
v -0.229419 0.094313 0.360686
v -0.229387 0.015589 0.375612
v -0.229422 0.021418 0.365495
v -0.229323 0.046311 0.375598
v -0.229328 0.019480 0.376102
v -0.229313 0.059946 0.372924
v -0.229272 0.096325 0.372962
v -0.229257 0.086186 0.363883
v -0.229255 0.065298 0.367944
v -0.229224 0.086920 0.367694
v -0.229220 0.055516 0.373998
v -0.229179 0.121521 0.367928
v -0.229212 0.060278 0.372338
v -0.229256 0.042060 0.364041
v -0.229188 0.062870 0.364517
v -0.229140 0.097499 0.360352
v -0.229164 0.017327 0.366703
v -0.229104 0.022971 0.376238
v -0.229076 0.090144 0.371328
v -0.229084 0.057173 0.373198
v -0.229039 0.123053 0.366639
v -0.229049 0.054607 0.374107
v -0.229037 0.089137 0.370307
v -0.229005 0.123083 0.362039
v -0.228988 0.122787 0.359721
v -0.229019 0.012951 0.371934
v -0.229008 0.088763 0.362651
v -0.228945 0.087434 0.365324
v -0.228971 0.058700 0.364216
v -0.228933 0.118248 0.357804
v -0.228943 0.063118 0.366106
v -0.228878 0.093316 0.372501
v -0.228891 0.054757 0.373688
v -0.228863 0.042440 0.375874
v -0.228835 0.048801 0.375222
v -0.228844 0.051136 0.363973
v -0.228822 0.054695 0.364071
v -0.228706 0.122520 0.367588
v -0.228672 0.047594 0.364062
v -0.228609 0.121111 0.358363
v -0.228610 0.028973 0.376447
v -0.228588 0.049469 0.374763
v -0.228550 0.098893 0.373224
v -0.228535 0.121865 0.358540
v -0.228581 0.025860 0.365050
v -0.228506 0.058787 0.365305
v -0.228492 0.059860 0.368252
v -0.228461 0.055278 0.372650
v -0.228448 0.089615 0.366689
v -0.228421 0.057678 0.370756
v -0.228360 0.092906 0.371909
v -0.228354 0.046502 0.375304
v -0.228347 0.050678 0.374433
v -0.228317 0.089896 0.364426
v -0.228334 0.011912 0.370084
v -0.228305 0.107020 0.359435
v -0.228309 0.011168 0.373847
v -0.228241 0.044107 0.375641
v -0.228243 0.058328 0.366513
v -0.228179 0.015951 0.376612
v -0.228142 0.095955 0.372929
v -0.228155 0.122345 0.359280
v -0.228074 0.101363 0.373252
v -0.228058 0.092386 0.370605
v -0.228096 0.017267 0.366001
v -0.228057 0.093591 0.362273
v -0.228049 0.054435 0.365089
v -0.228040 0.021259 0.365425
v -0.227989 0.051159 0.374055
v -0.227985 0.041120 0.376159
v -0.227945 0.097716 0.373270
v -0.227910 0.011538 0.375503
v -0.227889 0.034948 0.376472
v -0.227878 0.038373 0.376434
v -0.227866 0.013283 0.376303
v -0.227857 0.050237 0.374219
v -0.227878 0.011966 0.368814
v -0.227861 0.013334 0.367582
v -0.227837 0.055196 0.366015
v -0.227779 0.100104 0.360937
v -0.227750 0.092143 0.368258
v -0.227739 0.047514 0.374688
v -0.227694 0.045939 0.375318
v -0.227642 0.095164 0.372725
v -0.227673 0.014451 0.376621
v -0.227677 0.050517 0.364958
v -0.227636 0.091933 0.365993
v -0.227620 0.115802 0.358705
v -0.227612 0.050282 0.373501
v -0.227557 0.092896 0.363585
v -0.227525 0.053834 0.369473
v -0.227458 0.123137 0.367894
v -0.227445 0.053737 0.367406
v -0.227444 0.046950 0.364880
v -0.227375 0.051246 0.371827
v -0.227327 0.016675 0.376801
v -0.227286 0.092974 0.364926
v -0.227262 0.048185 0.373876
v -0.227269 0.008991 0.371366
v -0.227176 0.098862 0.373764
v -0.227161 0.097401 0.362063
v -0.227114 0.095297 0.371744
v -0.227131 0.042588 0.375523
v -0.227117 0.012227 0.376877
v -0.227141 0.042505 0.364950
v -0.227116 0.050676 0.366062
v -0.227010 0.096686 0.372734
v -0.227036 0.119867 0.358911
v -0.227035 0.111114 0.359622
v -0.226960 0.104565 0.373277
v -0.227021 0.012921 0.367029
v -0.226962 0.040025 0.375948
v -0.226913 0.094703 0.369775
v -0.226912 0.121337 0.359059
v -0.226865 0.123021 0.368530
v -0.226876 0.045291 0.374594
v -0.226868 0.028184 0.376761
v -0.226786 0.122204 0.359574
v -0.226822 0.010082 0.368075
v -0.226803 0.008850 0.369722
v -0.226750 0.123057 0.361436
v -0.226694 0.123590 0.365620
v -0.226687 0.098165 0.373234
v -0.226699 0.010151 0.376816
v -0.226672 0.022211 0.376900
v -0.226666 0.037703 0.376425
v -0.226688 0.049966 0.368538
v -0.226630 0.103187 0.361151
v -0.226615 0.045820 0.374199
v -0.226652 0.033931 0.365345
v -0.226542 0.121562 0.369580
v -0.226611 0.047506 0.365459
v -0.226554 0.094802 0.367025
v -0.226548 0.042771 0.375307
v -0.226534 0.046735 0.372913
v -0.226525 0.009103 0.376341
v -0.226481 0.007893 0.375495
v -0.226468 0.044902 0.374383
v -0.226410 0.102125 0.373911
v -0.226446 0.096252 0.363471
v -0.226405 0.048336 0.369949
v -0.226375 0.095358 0.364833
v -0.226368 0.041858 0.375425
v -0.226358 0.044171 0.365696
v -0.226318 0.046410 0.366245
v -0.226227 0.044840 0.373640
v -0.226182 0.042472 0.374792
v -0.226201 0.047151 0.367285
v -0.226188 0.006477 0.372600
v -0.226130 0.096714 0.371135
v -0.226179 0.013911 0.366502
v -0.226127 0.009586 0.377070
v -0.226110 0.034373 0.376501
v -0.226015 0.031229 0.376778
v -0.225969 0.113460 0.371686
v -0.226002 0.045925 0.371353
v -0.225873 0.123585 0.366976
v -0.225811 0.038548 0.375676
v -0.225739 0.096851 0.369529
v -0.225609 0.100711 0.362432
v -0.225566 0.036057 0.376109
v -0.225534 0.096863 0.366150
v -0.225564 0.044849 0.368616
v -0.225554 0.042684 0.366608
v -0.225497 0.122758 0.360880
v -0.225467 0.098472 0.372508
v -0.225534 0.025618 0.365931
v -0.225483 0.020363 0.366071
v -0.225438 0.010176 0.367215
v -0.225397 0.039850 0.366039
v -0.225342 0.040738 0.374100
v -0.225316 0.097282 0.367798
v -0.225322 0.016368 0.377319
v -0.225274 0.032726 0.376535
v -0.225259 0.107479 0.361221
v -0.225237 0.038624 0.375395
v -0.225226 0.025181 0.377023
v -0.225228 0.006131 0.376924
v -0.225142 0.098272 0.371151
v -0.225160 0.099129 0.363531
v -0.225096 0.037677 0.375552
v -0.225048 0.117887 0.359952
v -0.225054 0.005514 0.376408
v -0.225035 0.004790 0.375581
v -0.224992 0.098143 0.364939
v -0.224969 0.033132 0.376598
v -0.224984 0.004199 0.374008
v -0.224935 0.123604 0.363897
v -0.224982 0.042287 0.370093
v -0.224942 0.010767 0.377621
v -0.224908 0.041380 0.367567
v -0.224887 0.035779 0.366114
v -0.224785 0.123340 0.369300
v -0.224812 0.037878 0.374815
v -0.224776 0.032204 0.376645
v -0.224653 0.034681 0.375821
v -0.224595 0.005281 0.376973
v -0.224547 0.100654 0.373625
v -0.224533 0.122482 0.369973
v -0.224565 0.003419 0.372599
v -0.224510 0.122214 0.360649
v -0.224496 0.098616 0.366856
v -0.224517 0.039613 0.372328
v -0.224510 0.037941 0.366895
v -0.224277 0.099058 0.369246
v -0.224242 0.123129 0.369903
v -0.224290 0.032551 0.376065
v -0.224307 0.009792 0.367114
v -0.224231 0.005966 0.377427
v -0.224231 0.035176 0.375087
v -0.224226 0.014569 0.366630
v -0.224174 0.113808 0.360844
v -0.224152 0.019362 0.377402
v -0.224073 0.123942 0.368329
v -0.224067 0.008208 0.377673
v -0.224064 0.028528 0.376822
v -0.223967 0.103697 0.374561
v -0.223953 0.103693 0.362767
v -0.223980 0.038158 0.367609
v -0.223908 0.100108 0.372115
v -0.223869 0.037922 0.368552
v -0.223831 0.003318 0.377070
v -0.223808 0.033353 0.375533
v -0.223744 0.105773 0.374702
v -0.223783 0.031235 0.366609
v -0.223741 0.034866 0.373981
v -0.223726 0.101563 0.363715
v -0.223700 0.119762 0.360551
v -0.223684 0.099856 0.365924
v -0.223664 0.032446 0.375704
v -0.223632 0.029061 0.376643
v -0.223592 0.100478 0.364784
v -0.223582 0.023220 0.377195
v -0.223521 0.002562 0.376611
v -0.223532 0.035136 0.367705
v -0.223496 0.001880 0.375687
v -0.223475 0.032673 0.374997
v -0.223465 0.028147 0.376730
v -0.223465 0.032843 0.366820
v -0.223446 0.036018 0.370062
v -0.223305 0.100222 0.367379
v -0.223288 0.013751 0.377732
v -0.223249 0.122974 0.361390
v -0.223120 0.103105 0.374463
v -0.223076 0.123710 0.363103
v -0.223063 0.101527 0.373147
v -0.223114 0.030892 0.367070
v -0.223053 0.028632 0.376131
v -0.223038 0.005707 0.378075
v -0.222922 0.030012 0.375348
v -0.222957 0.019484 0.366849
v -0.222956 0.006138 0.367513
v -0.222892 0.110397 0.362005
v -0.222813 0.024845 0.376905
v -0.222836 0.022918 0.366917
v -0.222823 0.033118 0.368738
v -0.222715 0.003196 0.378076
v -0.222674 0.002122 0.377572
v -0.222663 0.030759 0.367707
v -0.222557 0.123164 0.370578
v -0.222553 0.124091 0.366373
v -0.222526 0.022385 0.377168
v -0.222488 0.019685 0.377644
v -0.222485 0.106981 0.362817
v -0.222479 0.000612 0.377159
v -0.222450 0.025025 0.376733
v -0.222419 0.028001 0.375729
v -0.222447 0.028662 0.367208
v -0.222341 0.122686 0.370965
v -0.222380 -0.000365 0.372205
v -0.222298 0.115200 0.372989
v -0.222359 0.031560 0.370999
v -0.222281 0.123543 0.370204
v -0.222266 0.121167 0.371498
v -0.222316 0.016588 0.377721
v -0.222235 0.121371 0.361356
v -0.222275 0.008274 0.367392
v -0.222198 0.123112 0.362204
v -0.222242 0.031202 0.369706
v -0.222194 0.101651 0.366365
v -0.222183 0.101539 0.368837
v -0.222215 0.026299 0.367136
v -0.222170 0.103321 0.364091
v -0.222171 0.023974 0.376835
v -0.222166 0.030093 0.372619
v -0.222078 0.106360 0.375157
v -0.222098 0.122571 0.361769
v -0.222136 0.014465 0.367115
v -0.222083 0.002654 0.378269
v -0.222064 0.024569 0.376402
v -0.222041 0.027982 0.374431
v -0.221970 0.102509 0.364971
v -0.221983 0.023740 0.367356
v -0.221872 0.103395 0.374154
v -0.221903 0.008748 0.378087
v -0.221897 0.026411 0.367712
v -0.221859 -0.001111 0.375333
v -0.221586 -0.000781 0.376838
v -0.221512 0.123227 0.371249
v -0.221514 0.102684 0.372396
v -0.221553 0.024578 0.375592
v -0.221500 0.102386 0.370723
v -0.221488 0.117056 0.361749
v -0.221454 0.027908 0.368697
v -0.221377 0.020280 0.377174
v -0.221371 0.018129 0.377383
v -0.221352 0.000276 0.378229
v -0.221357 0.022968 0.367777
v -0.221257 0.104668 0.364024
v -0.221256 0.011806 0.378000
v -0.221290 0.019815 0.367549
v -0.221196 -0.000570 0.377781
v -0.221110 0.109128 0.374980
v -0.221121 0.113014 0.362434
v -0.221111 0.026581 0.369973
v -0.221041 0.103596 0.373590
v -0.221115 0.024266 0.368272
v -0.221090 -0.001937 0.370811
v -0.221023 0.020711 0.376799
v -0.220675 -0.000201 0.378486
v -0.220657 0.103077 0.367538
v -0.220629 -0.001021 0.378296
v -0.220600 0.004691 0.378509
v -0.220574 0.024545 0.371302
v -0.220424 0.106752 0.375501
v -0.220400 0.124052 0.365190
v -0.220458 0.023012 0.369065
v -0.220414 0.019835 0.376239
v -0.220406 0.021460 0.374973
v -0.220347 0.103607 0.366269
v -0.220306 0.020455 0.368287
v -0.220261 0.002787 0.368159
v -0.220195 -0.002617 0.377751
v -0.220161 0.123176 0.362674
v -0.220092 0.103562 0.369250
v -0.220063 0.124099 0.370209
v -0.220111 0.022234 0.372993
v -0.220122 0.014202 0.367814
v -0.220000 0.105776 0.375100
v -0.220032 0.119631 0.362187
v -0.220054 -0.002594 0.370239
v -0.219957 0.122547 0.362521
v -0.219938 -0.003308 0.377423
v -0.219917 -0.002392 0.378387
v -0.219930 -0.000117 0.368669
v -0.219821 0.104642 0.365170
v -0.219788 0.103998 0.371290
v -0.219809 0.008168 0.367797
v -0.219687 0.123659 0.363830
v -0.219643 0.110574 0.363455
v -0.219542 0.124370 0.368884
v -0.219512 0.020264 0.370159
v -0.219420 0.123228 0.363206
v -0.219434 0.001060 0.379041
v -0.219371 -0.000288 0.379042
v -0.219358 0.107468 0.364250
v -0.219285 0.121250 0.372864
v -0.219356 0.010254 0.367955
v -0.219188 0.108652 0.375813
v -0.219198 0.104855 0.373208
v -0.219169 0.123677 0.371910
v -0.219148 0.009183 0.378289
v -0.219074 0.105633 0.374589
v -0.219079 0.018269 0.373926
v -0.219086 -0.003043 0.369491
v -0.219034 0.104530 0.367777
v -0.219085 0.017396 0.369202
v -0.219038 0.017136 0.375113
v -0.219020 -0.002713 0.378628
v -0.219059 0.014820 0.368256
v -0.219003 0.006575 0.378512
v -0.218970 -0.005263 0.372856
v -0.218812 0.122957 0.372535
v -0.218797 0.018100 0.371409
v -0.218707 0.124245 0.371516
v -0.218697 0.105044 0.366586
v -0.218675 0.121028 0.362776
v -0.218480 0.114559 0.363316
v -0.218482 -0.005197 0.371241
v -0.218314 0.117581 0.363022
v -0.218256 0.016298 0.372692
v -0.218245 0.011987 0.368651
v -0.218114 0.003541 0.378920
v -0.218143 -0.005076 0.370068
v -0.218103 -0.006492 0.375285
v -0.218031 0.106598 0.365354
v -0.218000 0.105444 0.371970
v -0.218014 0.014932 0.370263
v -0.217866 0.105371 0.369877
v -0.217865 -0.005547 0.378117
v -0.217779 0.110676 0.375991
v -0.217840 0.012902 0.369327
v -0.217732 -0.004778 0.378803
v -0.217706 0.123438 0.363782
v -0.217711 0.009358 0.368624
v -0.217657 -0.006469 0.377010
v -0.217653 -0.001695 0.368764
v -0.217599 -0.003658 0.379191
v -0.217473 0.109656 0.364553
v -0.217396 0.107476 0.375588
v -0.217283 0.106288 0.366491
v -0.217238 0.108541 0.376033
v -0.217239 0.106559 0.374369
v -0.217225 0.123710 0.372668
v -0.217315 0.001578 0.368495
v -0.217245 0.007672 0.378316
v -0.217180 0.105986 0.367893
v -0.217009 0.005733 0.378794
v -0.217035 -0.006021 0.369889
v -0.217029 0.006283 0.368612
v -0.216912 0.124587 0.370683
v -0.216850 0.124252 0.365138
v -0.216843 -0.004481 0.369400
v -0.216706 -0.005619 0.369584
v -0.216612 0.106571 0.373334
v -0.216672 0.009309 0.369437
v -0.216625 0.010781 0.370353
v -0.216621 -0.007382 0.371110
v -0.216595 -0.008237 0.375978
v -0.216530 0.124461 0.372192
v -0.216468 0.121502 0.373875
v -0.216554 -0.006893 0.370408
v -0.216498 0.122817 0.363984
v -0.216283 0.003323 0.379013
v -0.216079 0.110534 0.376508
v -0.216097 -0.000384 0.379558
v -0.216085 0.108524 0.365550
v -0.216072 -0.003776 0.379731
v -0.215984 0.124317 0.372815
v -0.215892 0.119460 0.363800
v -0.215875 0.121642 0.363901
v -0.215814 0.106797 0.371669
v -0.215867 0.009652 0.371488
v -0.215725 0.123156 0.373815
v -0.215722 0.107969 0.375453
v -0.215790 0.002568 0.368764
v -0.215691 0.005075 0.378579
v -0.215706 -0.009259 0.374174
v -0.215692 -0.009039 0.372084
v -0.215643 0.003618 0.379031
v -0.215624 -0.007556 0.379534
v -0.215646 -0.008749 0.371072
v -0.215566 -0.006921 0.379750
v -0.215561 -0.008788 0.378539
v -0.215533 0.005980 0.369384
v -0.215451 0.123607 0.364838
v -0.215413 0.124195 0.365536
v -0.215423 0.112502 0.364776
v -0.215413 0.008951 0.372730
v -0.215289 0.107071 0.369651
v -0.215289 0.116210 0.364289
v -0.215171 0.112051 0.376620
v -0.215142 0.107377 0.367907
v -0.215096 -0.008460 0.370654
v -0.215042 -0.009441 0.377797
v -0.215055 -0.009220 0.371494
v -0.215002 0.005426 0.377712
v -0.214890 0.107919 0.374652
v -0.214945 0.006768 0.370414
v -0.214920 0.007842 0.374043
v -0.214869 0.124243 0.365353
v -0.214873 0.108059 0.366735
v -0.214832 0.004211 0.378344
v -0.214582 0.118782 0.375202
v -0.214565 -0.010460 0.375434
v -0.214541 0.001588 0.379205
v -0.214446 0.109391 0.376352
v -0.214424 0.003536 0.378659
v -0.214372 0.124625 0.366849
v -0.214405 0.002797 0.369292
v -0.214328 0.006300 0.375512
v -0.214252 0.124988 0.369239
v -0.214310 0.006480 0.371657
v -0.214267 0.110357 0.365701
v -0.214255 -0.010167 0.378599
v -0.214191 -0.008714 0.370078
v -0.214149 0.005342 0.376959
v -0.213993 -0.009319 0.379758
v -0.213896 0.122433 0.374587
v -0.213958 -0.011015 0.374010
v -0.213959 -0.006445 0.369592
v -0.213897 0.122609 0.364796
v -0.213915 -0.010143 0.371356
v -0.213898 0.006046 0.372944
v -0.213806 -0.010197 0.378944
v -0.213747 0.124548 0.373496
v -0.213719 0.108144 0.373449
v -0.213688 0.123674 0.374165
v -0.213640 -0.003221 0.380035
v -0.213625 0.003038 0.378494
v -0.213609 0.003515 0.377765
v -0.213612 0.005480 0.374208
v -0.213592 -0.008603 0.369945
v -0.213550 0.004401 0.376633
v -0.213538 0.001973 0.378904
v -0.213395 0.109033 0.375632
v -0.213430 -0.009866 0.370642
v -0.213351 0.003005 0.370018
v -0.213306 -0.011518 0.376709
v -0.213315 -0.011333 0.372557
v -0.213184 0.124371 0.374079
v -0.213223 -0.001160 0.379740
v -0.213185 -0.005721 0.380256
v -0.213210 -0.004602 0.369377
v -0.213111 0.110942 0.376961
v -0.213131 -0.007829 0.380268
v -0.213167 -0.000110 0.369344
v -0.213033 0.109621 0.376270
v -0.213041 0.108584 0.368087
v -0.213024 0.109638 0.366615
v -0.213005 -0.002165 0.369284
v -0.212907 0.108357 0.371602
v -0.212968 -0.009566 0.370103
v -0.212815 0.108455 0.369544
v -0.212812 0.123437 0.365348
v -0.212850 0.003441 0.370917
v -0.212785 0.001703 0.378661
v -0.212665 0.003803 0.375267
v -0.212564 0.125191 0.372398
v -0.212569 -0.012322 0.375381
v -0.212540 0.003614 0.372060
v -0.212537 -0.011797 0.371463
v -0.212426 0.002030 0.377954
v -0.212274 0.001567 0.378541
v -0.212181 0.123777 0.374674
v -0.212026 0.112879 0.377253
v -0.212101 0.003229 0.373631
v -0.212070 -0.011741 0.379099
v -0.212018 0.118101 0.365177
v -0.211945 0.109349 0.375054
v -0.211967 -0.000122 0.379416
v -0.211909 -0.000160 0.369845
v -0.211774 0.123338 0.375246
v -0.211752 -0.011775 0.379885
v -0.211745 -0.009063 0.380773
v -0.211731 0.002026 0.376659
v -0.211672 -0.012486 0.378107
v -0.211578 0.122694 0.365435
v -0.211600 -0.001046 0.379658
v -0.211559 -0.004362 0.380369
v -0.211530 0.109585 0.367758
v -0.211517 0.110895 0.366638
v -0.211507 -0.011840 0.370975
v -0.211359 0.115250 0.365684
v -0.211361 -0.003270 0.380380
v -0.211357 -0.007547 0.380664
v -0.211259 0.120922 0.365353
v -0.211258 -0.013343 0.374044
v -0.211111 0.124937 0.373562
v -0.211158 0.000267 0.370522
v -0.211133 -0.012744 0.371520
v -0.210962 -0.005573 0.380735
v -0.210952 0.112505 0.366304
v -0.210911 0.110296 0.376294
v -0.210936 -0.011382 0.380383
v -0.210938 0.000892 0.371388
v -0.210893 -0.013562 0.376758
v -0.210843 0.124326 0.366602
v -0.210719 0.000324 0.377695
v -0.210696 0.001114 0.372543
v -0.210630 0.123424 0.365709
v -0.210564 0.111155 0.377134
v -0.210602 -0.000760 0.378841
v -0.210614 0.001198 0.375010
v -0.210491 0.125255 0.369216
v -0.210530 -0.001707 0.379707
v -0.210517 -0.012474 0.379940
v -0.210534 -0.013076 0.371163
v -0.210426 0.124185 0.375095
v -0.210424 0.124590 0.374680
v -0.210500 -0.003269 0.369821
v -0.210376 -0.003476 0.380199
v -0.210333 0.109697 0.369255
v -0.210259 -0.013216 0.379254
v -0.210120 0.123812 0.366111
v -0.210141 0.000646 0.373710
v -0.210047 -0.014116 0.372411
v -0.209956 0.124908 0.367415
v -0.209902 0.109719 0.371235
v -0.209876 -0.014470 0.375465
v -0.209886 -0.009176 0.370055
v -0.209671 0.110817 0.367618
v -0.209613 -0.004523 0.380423
v -0.209501 0.109998 0.373791
v -0.209312 0.112494 0.377986
v -0.209363 -0.001581 0.370936
v -0.209193 0.125402 0.371360
v -0.209262 -0.001039 0.371720
v -0.209211 -0.002897 0.370381
v -0.209140 -0.014557 0.378394
v -0.209123 -0.013537 0.380184
v -0.208972 0.125385 0.372945
v -0.208893 0.123048 0.376064
v -0.208898 -0.014328 0.379909
v -0.208881 -0.013058 0.380853
v -0.208850 0.122676 0.366199
v -0.208856 -0.012464 0.381030
v -0.208842 -0.001039 0.376187
v -0.208810 -0.001106 0.372855
v -0.208769 -0.003414 0.380013
v -0.208646 -0.007220 0.370023
v -0.208533 -0.001919 0.377781
v -0.208514 -0.002573 0.378901
v -0.208437 0.110862 0.375987
v -0.208457 -0.013880 0.370937
v -0.208394 -0.008564 0.381044
v -0.208417 -0.001305 0.374298
v -0.208393 -0.003005 0.379612
v -0.208211 -0.002593 0.370913
v -0.208114 0.112056 0.367493
v -0.208078 -0.004637 0.380299
v -0.207980 0.124459 0.366998
v -0.207978 0.110866 0.368905
v -0.207985 -0.014962 0.371810
v -0.207985 -0.014584 0.371176
v -0.207884 0.123893 0.375999
v -0.207786 0.125507 0.373762
v -0.207758 -0.005549 0.380773
v -0.207741 -0.015828 0.377229
v -0.207628 0.125172 0.368751
v -0.207586 0.123165 0.376590
v -0.207555 0.123881 0.366944
v -0.207493 0.124664 0.375460
v -0.207485 0.111779 0.377250
v -0.207390 0.124727 0.367503
v -0.207434 -0.003059 0.371785
v -0.206988 0.120819 0.377212
v -0.207030 -0.007256 0.380951
v -0.206983 0.110815 0.372525
v -0.206974 -0.014544 0.380979
v -0.206927 0.118124 0.366647
v -0.206908 -0.004079 0.379281
v -0.206743 0.115097 0.367038
v -0.206645 -0.003293 0.373087
v -0.206567 -0.013219 0.370632
v -0.206499 0.111052 0.370742
v -0.206437 0.125297 0.374722
v -0.206501 -0.003375 0.376608
v -0.206467 -0.016712 0.373130
v -0.206319 -0.016245 0.379347
v -0.206217 -0.015500 0.380480
v -0.206197 -0.015692 0.371348
v -0.206111 -0.016706 0.372511
v -0.206028 -0.016895 0.378689
v -0.206001 -0.005062 0.379925
v -0.205922 0.113581 0.367616
v -0.205871 0.113131 0.378271
v -0.205888 -0.006502 0.380616
v -0.205862 -0.004294 0.377958
v -0.205840 -0.003799 0.374777
v -0.205850 -0.015360 0.371231
v -0.205787 -0.017328 0.375506
v -0.205710 0.114090 0.378566
v -0.205517 0.111361 0.374084
v -0.205378 0.124496 0.376565
v -0.205400 0.120870 0.366947
v -0.205306 0.111652 0.375775
v -0.205287 -0.016535 0.371931
v -0.205211 -0.011691 0.381549
v -0.205175 0.124782 0.367919
v -0.205187 -0.015269 0.381138
v -0.205167 -0.009172 0.381277
v -0.205147 0.112152 0.368907
v -0.205062 0.123497 0.367153
v -0.205107 -0.017148 0.372262
v -0.204966 -0.014064 0.381666
v -0.204908 0.125218 0.368907
v -0.204966 -0.017282 0.372790
v -0.204782 0.125685 0.370694
v -0.204700 0.111858 0.369937
v -0.204643 0.125515 0.375556
v -0.204685 -0.007597 0.381049
v -0.204686 -0.012435 0.370587
v -0.204556 0.112283 0.377289
v -0.204299 0.115769 0.378779
v -0.204291 0.125816 0.373671
v -0.204148 0.122697 0.367390
v -0.204046 0.118574 0.378467
v -0.204043 0.125642 0.375165
v -0.204030 0.112976 0.378143
v -0.204042 -0.007093 0.380320
v -0.203933 0.125275 0.376004
v -0.203986 -0.015160 0.381505
v -0.203860 -0.009571 0.370666
v -0.203709 0.125612 0.375782
v -0.203701 -0.005605 0.375933
v -0.203681 -0.018220 0.373895
v -0.203541 -0.017774 0.379602
v -0.203484 -0.006498 0.379085
v -0.203440 -0.017158 0.381114
v -0.203354 0.113291 0.368672
v -0.203360 -0.008992 0.381197
v -0.203318 -0.017104 0.371448
v -0.203208 -0.013882 0.381782
v -0.203236 -0.005963 0.374178
v -0.203068 0.112050 0.372963
v -0.203065 -0.010173 0.381634
v -0.203005 -0.006334 0.377469
v -0.202976 -0.018322 0.372887
v -0.202909 -0.015436 0.381843
v -0.202949 -0.016719 0.371232
v -0.202883 0.115101 0.368080
v -0.202877 -0.008365 0.380804
v -0.202856 -0.017735 0.372008
v -0.202784 0.112240 0.371252
v -0.202749 0.124025 0.377449
v -0.202647 0.114901 0.379291
v -0.202508 0.123780 0.367982
v -0.202442 -0.017370 0.371378
v -0.202160 0.125602 0.369457
v -0.202153 0.112442 0.375337
v -0.202157 -0.011930 0.381688
v -0.202110 -0.018126 0.380494
v -0.201973 0.125124 0.376854
v -0.201716 0.125272 0.369125
v -0.201688 -0.016576 0.381662
v -0.201625 -0.018797 0.379751
v -0.201540 0.122504 0.378300
v -0.201569 0.119203 0.367910
v -0.201435 0.112822 0.370574
v -0.201400 -0.008358 0.371322
v -0.201357 -0.017919 0.381353
v -0.201319 -0.009398 0.381132
v -0.201317 -0.019489 0.378272
v -0.201258 0.125584 0.369555
v -0.201221 -0.008681 0.380235
v -0.201093 0.114397 0.379306
v -0.201032 0.125682 0.370110
v -0.200993 0.125711 0.376353
v -0.200968 0.124610 0.368437
v -0.201004 -0.019813 0.375484
v -0.200909 0.113310 0.378417
v -0.200940 -0.007585 0.374118
v -0.200852 0.117031 0.368267
v -0.200873 -0.007581 0.376033
v -0.200888 -0.009995 0.371118
v -0.200869 -0.019745 0.373434
v -0.200762 0.113167 0.377816
v -0.200698 -0.010846 0.381432
v -0.200527 -0.019610 0.379811
v -0.200531 -0.007977 0.377709
v -0.200462 -0.015539 0.381973
v -0.200427 -0.018931 0.380677
v -0.200324 0.113472 0.369962
v -0.200279 0.124787 0.377764
v -0.200223 -0.019767 0.372871
v -0.200175 -0.016818 0.382027
v -0.200102 0.115684 0.379675
v -0.200066 0.113800 0.378715
v -0.199968 0.124065 0.378378
v -0.199929 -0.010012 0.380849
v -0.199875 0.124030 0.368647
v -0.199890 -0.008562 0.372202
v -0.199729 0.124729 0.378220
v -0.199722 0.113593 0.378424
v -0.199662 -0.011874 0.371064
v -0.199637 -0.009765 0.371480
v -0.199556 -0.019829 0.372439
v -0.199472 -0.008957 0.379063
v -0.199387 0.122955 0.368519
v -0.199357 0.124807 0.369203
v -0.199326 0.125952 0.371338
v -0.199203 0.114879 0.369208
v -0.199061 0.126256 0.373035
v -0.199099 -0.010680 0.381281
v -0.199018 0.113371 0.376691
v -0.198968 0.121013 0.368461
v -0.199018 -0.009416 0.372026
v -0.198925 -0.012909 0.381979
v -0.198869 0.113191 0.374693
v -0.198847 0.113232 0.372550
v -0.198767 0.114347 0.369715
v -0.198620 0.126128 0.376045
v -0.198609 0.117003 0.379944
v -0.198669 -0.009131 0.373031
v -0.198616 -0.019284 0.381459
v -0.198538 -0.008971 0.374479
v -0.198475 0.125351 0.369885
v -0.198529 -0.017918 0.371467
v -0.198502 -0.016023 0.371209
v -0.198322 -0.019809 0.381133
v -0.198267 0.115872 0.369122
v -0.198103 -0.009166 0.376148
v -0.197869 -0.011228 0.371437
v -0.197716 0.114534 0.379587
v -0.197679 -0.010407 0.380062
v -0.197700 -0.021065 0.373878
v -0.197679 -0.021223 0.376842
v -0.197393 0.115004 0.379837
v -0.197445 -0.010535 0.371871
v -0.197350 0.113828 0.371410
v -0.197315 0.116106 0.380297
v -0.197294 0.125773 0.370693
v -0.197270 0.114343 0.379066
v -0.197257 0.125970 0.377747
v -0.197272 -0.009750 0.377727
v -0.197231 -0.018578 0.381869
v -0.197166 -0.019741 0.372019
v -0.197143 -0.010049 0.372378
v -0.197071 -0.020528 0.380593
v -0.197070 -0.020496 0.372499
v -0.196943 -0.011850 0.381365
v -0.196978 -0.014064 0.371191
v -0.196836 0.113987 0.377694
v -0.196816 0.125182 0.378643
v -0.196811 0.114646 0.379650
v -0.196767 0.125775 0.378309
v -0.196764 0.119031 0.380130
v -0.196733 0.123859 0.369256
v -0.196419 -0.010228 0.373144
v -0.196414 -0.021176 0.373192
v -0.196376 -0.015005 0.381993
v -0.196360 -0.020329 0.381223
v -0.196369 -0.010467 0.378883
v -0.196131 0.114427 0.370834
v -0.196093 -0.010773 0.372276
v -0.195848 0.124747 0.369730
v -0.195849 -0.016592 0.382110
v -0.195873 -0.010276 0.374559
v -0.195803 0.125340 0.370166
v -0.195801 0.118840 0.369214
v -0.195671 -0.012675 0.371414
v -0.195543 0.123965 0.379505
v -0.195474 0.114019 0.376284
v -0.195381 -0.017941 0.382122
v -0.195399 -0.011625 0.371844
v -0.195389 -0.019377 0.371621
v -0.195319 -0.019768 0.381921
v -0.195242 -0.021721 0.379576
v -0.195064 0.116504 0.380519
v -0.195017 0.117695 0.380603
v -0.194848 0.114069 0.374453
v -0.194840 -0.021215 0.381182
v -0.194860 -0.010702 0.376146
v -0.194724 0.125899 0.370634
v -0.194679 0.115190 0.370528
v -0.194626 0.126558 0.376874
v -0.194595 -0.012002 0.380435
v -0.194475 0.122634 0.380226
v -0.194324 0.126243 0.372026
v -0.194223 0.114301 0.372900
v -0.194244 -0.013964 0.381667
v -0.194221 -0.012375 0.371507
v -0.194132 -0.011351 0.372304
v -0.194097 -0.011228 0.373253
v -0.193978 0.117202 0.369836
v -0.194020 -0.018312 0.371504
v -0.193911 0.115278 0.379959
v -0.193947 -0.012885 0.381059
v -0.193877 0.116065 0.370221
v -0.193909 -0.011267 0.377742
v -0.193849 0.114591 0.371926
v -0.193793 0.126080 0.378911
v -0.193743 -0.022357 0.379977
v -0.193663 -0.011713 0.379157
v -0.193435 0.122283 0.369624
v -0.193340 0.116155 0.380604
v -0.193249 -0.021905 0.380787
v -0.193169 -0.021590 0.381428
v -0.193043 -0.012081 0.372298
v -0.192662 0.124802 0.369979
v -0.192614 -0.019800 0.382226
v -0.192576 0.120256 0.369778
v -0.192611 -0.011630 0.374395
v -0.192589 -0.016672 0.371419
v -0.192328 0.125924 0.370828
v -0.192284 0.114769 0.377924
v -0.192161 0.115166 0.371593
v -0.192073 0.117333 0.381096
v -0.192076 0.115119 0.379327
v -0.192102 -0.013664 0.381322
v -0.192042 -0.012045 0.373087
v -0.191875 0.126832 0.377937
v -0.191864 0.124999 0.370291
v -0.191852 -0.021927 0.381330
v -0.191734 -0.013121 0.380498
v -0.191636 0.124123 0.370072
v -0.191359 -0.012051 0.376133
v -0.191262 0.118838 0.381287
v -0.191328 -0.013157 0.371890
v -0.191208 0.126944 0.376330
v -0.191067 0.114811 0.374282
v -0.191066 -0.014333 0.371494
v -0.190900 0.114814 0.375971
v -0.190761 0.115760 0.371114
v -0.190783 -0.020171 0.371793
v -0.190649 0.125149 0.380431
v -0.190715 -0.022563 0.381255
v -0.190604 0.123997 0.380771
v -0.190523 0.126613 0.378902
v -0.190517 0.122417 0.381125
v -0.190428 0.116082 0.380805
v -0.190402 0.116776 0.381223
v -0.190326 0.126125 0.379760
v -0.190384 -0.021624 0.381828
v -0.190369 -0.018282 0.382249
v -0.190364 -0.016806 0.382203
v -0.190307 -0.012576 0.377813
v -0.190261 -0.013910 0.371547
v -0.190163 -0.012646 0.373272
v -0.190058 -0.023629 0.374606
v -0.190017 -0.012805 0.372421
v -0.189911 -0.013102 0.379404
v -0.189768 0.126884 0.374351
v -0.189724 0.115215 0.373032
v -0.189680 -0.023246 0.379927
v -0.189615 -0.023724 0.378379
v -0.189503 0.115678 0.380217
v -0.189481 0.116900 0.370962
v -0.189365 -0.013398 0.372161
v -0.189260 -0.012735 0.374531
v -0.189170 -0.015345 0.381689
v -0.188970 -0.013805 0.380262
v -0.188595 -0.014707 0.381280
v -0.188473 -0.023786 0.373703
v -0.188374 -0.022904 0.381468
v -0.188311 -0.023724 0.380008
v -0.188115 0.126966 0.379724
v -0.188109 0.125884 0.380809
v -0.188127 0.124369 0.370719
v -0.188012 0.116706 0.381482
v -0.188071 -0.023239 0.380833
v -0.187998 0.115847 0.372237
v -0.187842 0.125343 0.381006
v -0.187854 0.126830 0.373126
v -0.187843 -0.021443 0.382200
v -0.187660 0.127021 0.379399
v -0.187656 0.126505 0.380363
v -0.187638 0.117725 0.382012
v -0.187574 0.127126 0.378179
v -0.187328 -0.013449 0.373276
v -0.187276 -0.016997 0.382202
v -0.187200 0.126066 0.380972
v -0.187172 0.115660 0.379276
v -0.187193 -0.014520 0.380673
v -0.187184 -0.019377 0.371681
v -0.187146 -0.014969 0.371572
v -0.187112 -0.022810 0.372533
v -0.187042 0.116520 0.371802
v -0.186998 0.125952 0.371255
v -0.186937 0.121488 0.382059
v -0.186911 0.120843 0.370776
v -0.186898 0.126287 0.371963
v -0.186860 -0.013365 0.375998
v -0.186750 0.116070 0.381186
v -0.186619 0.118384 0.371069
v -0.186518 0.117187 0.382098
v -0.186550 0.123037 0.370834
v -0.186544 0.125457 0.371114
v -0.186544 -0.021939 0.372078
v -0.186379 0.116039 0.380639
v -0.186308 -0.013714 0.377966
v -0.186304 -0.013561 0.374274
v -0.186204 0.125969 0.371566
v -0.186148 0.115583 0.377331
v -0.186079 0.116531 0.381496
v -0.186096 0.125887 0.371337
v -0.186010 0.127292 0.376312
v -0.185932 0.115623 0.375074
v -0.185845 0.116120 0.381189
v -0.185889 -0.015201 0.381347
v -0.185682 0.124205 0.381976
v -0.185700 -0.023672 0.381012
v -0.185430 -0.024451 0.378290
v -0.185331 -0.024401 0.374977
v -0.185196 0.125596 0.381546
v -0.185260 -0.022540 0.381993
v -0.185280 -0.014827 0.371996
v -0.185223 -0.014361 0.379435
v -0.185008 -0.023236 0.381446
v -0.184922 -0.016512 0.371601
v -0.184576 -0.016176 0.381595
v -0.184447 -0.014240 0.372459
v -0.184360 0.124550 0.371350
v -0.184423 -0.023764 0.372748
v -0.184330 0.125470 0.371577
v -0.184104 0.117675 0.371861
v -0.184041 0.126068 0.372013
v -0.183990 0.127031 0.380974
v -0.184088 -0.015849 0.371727
v -0.184052 -0.014290 0.373158
v -0.183726 0.116909 0.372423
v -0.183785 -0.014790 0.372313
v -0.183619 -0.021892 0.382329
v -0.183500 0.126567 0.381396
v -0.183600 -0.024127 0.373239
v -0.183403 0.127224 0.380483
v -0.183414 0.126729 0.372731
v -0.183423 -0.015165 0.380359
v -0.183406 -0.024844 0.376855
v -0.183338 -0.023445 0.372627
v -0.183215 -0.023998 0.372719
v -0.183066 0.127146 0.381176
v -0.182953 0.116201 0.373522
v -0.182873 0.117138 0.382382
v -0.182868 -0.019906 0.382434
v -0.182855 -0.024579 0.379610
v -0.182758 -0.015761 0.381000
v -0.182597 0.116374 0.380537
v -0.182531 -0.024614 0.374198
v -0.182447 -0.014975 0.372177
v -0.182429 -0.015633 0.371946
v -0.182315 0.127582 0.379347
v -0.181971 0.118845 0.382984
v -0.181904 0.116795 0.381649
v -0.181609 0.125950 0.382222
v -0.181528 -0.025107 0.374985
v -0.181504 -0.024417 0.373361
v -0.181269 0.116289 0.378804
v -0.181291 -0.017307 0.381858
v -0.181138 0.127531 0.374986
v -0.181093 0.116790 0.373438
v -0.181092 0.119607 0.371867
v -0.180871 0.125403 0.372120
v -0.180783 0.116289 0.376698
v -0.180776 -0.016848 0.371739
v -0.180702 0.121854 0.371720
v -0.180634 0.116453 0.374829
v -0.180591 0.123828 0.371825
v -0.180614 -0.025070 0.378468
v -0.180520 0.127869 0.377614
v -0.180571 -0.014925 0.373328
v -0.180370 0.117461 0.372829
v -0.180396 -0.018427 0.382190
v -0.180312 -0.015271 0.379234
v -0.180132 -0.016545 0.381239
v -0.180034 0.126506 0.372725
v -0.180080 -0.018688 0.371671
v -0.180066 -0.024120 0.372903
v -0.179725 0.127088 0.382269
v -0.179653 -0.014916 0.374739
v -0.179654 -0.021585 0.371874
v -0.179490 -0.023110 0.382103
v -0.179385 0.127880 0.380702
v -0.179398 -0.021880 0.382412
v -0.179314 0.127401 0.381904
v -0.179330 0.127314 0.373984
v -0.179083 0.118272 0.383052
v -0.179057 -0.015976 0.380368
v -0.178903 0.117006 0.381597
v -0.178881 -0.025213 0.375090
v -0.178723 0.118408 0.372597
v -0.178572 0.126700 0.382564
v -0.178475 0.117579 0.382581
v -0.178331 -0.016261 0.372032
v -0.178283 -0.025060 0.379878
v -0.178149 -0.025351 0.376797
v -0.178067 -0.023353 0.372293
v -0.177941 0.124006 0.383420
v -0.177902 0.127267 0.382455
v -0.177938 -0.024297 0.381498
v -0.177637 -0.025176 0.373753
v -0.177555 -0.017350 0.381570
v -0.177476 -0.015590 0.372568
v -0.177295 0.117409 0.373687
v -0.176872 0.126140 0.372871
v -0.176763 0.122242 0.383849
v -0.176752 0.124990 0.372515
v -0.176801 -0.015551 0.373000
v -0.176587 -0.022597 0.382311
v -0.176445 -0.018168 0.381924
v -0.176386 0.117949 0.373333
v -0.176443 -0.015691 0.372565
v -0.176358 -0.016095 0.372295
v -0.176243 0.125715 0.383514
v -0.176224 0.128128 0.377609
v -0.176157 0.127940 0.381284
v -0.176111 0.128181 0.379713
v -0.176051 0.117185 0.374632
v -0.175958 0.118495 0.383428
v -0.175998 -0.016949 0.381047
v -0.175870 0.126910 0.373578
v -0.175783 0.126919 0.383028
v -0.175756 0.117051 0.380560
v -0.175840 -0.017600 0.371763
v -0.175675 0.119432 0.372737
v -0.175691 -0.015542 0.375460
v -0.175471 0.116986 0.376172
v -0.175464 0.123307 0.372488
v -0.175417 0.127340 0.382736
v -0.175335 0.116933 0.378276
v -0.175364 -0.025487 0.378787
v -0.175215 0.127918 0.375828
v -0.175185 -0.021204 0.382339
v -0.175126 -0.024870 0.380817
v -0.174927 0.126052 0.372819
v -0.174990 -0.024357 0.372772
v -0.174875 0.127747 0.382281
v -0.174936 -0.016117 0.379278
v -0.174731 0.119642 0.384020
v -0.174717 0.117500 0.382602
v -0.174331 0.118218 0.383390
v -0.174173 -0.016283 0.372406
v -0.174145 -0.020543 0.371736
v -0.174027 0.127460 0.374561
v -0.174040 -0.019322 0.382254
v -0.174001 0.121124 0.372719
v -0.173985 -0.025773 0.375535
v -0.173743 0.126522 0.373339
v -0.173703 -0.023608 0.382008
v -0.173719 -0.016875 0.372022
v -0.173585 -0.024494 0.381402
v -0.173446 0.118678 0.373403
v -0.173458 -0.025378 0.380273
v -0.173226 -0.025374 0.373707
v -0.173196 -0.017720 0.381411
v -0.173114 0.127455 0.383146
v -0.173213 -0.016134 0.372940
v -0.172994 0.127226 0.383656
v -0.172855 0.124858 0.372960
v -0.172574 0.125815 0.384073
v -0.172408 0.125901 0.373230
v -0.172328 0.128172 0.377175
v -0.172363 -0.025066 0.373124
v -0.172249 -0.025721 0.374527
v -0.172130 0.126890 0.383818
v -0.172090 0.127323 0.383772
v -0.171967 0.118051 0.374295
v -0.172000 -0.025979 0.377621
v -0.171872 0.118974 0.384081
v -0.171828 -0.023800 0.372314
v -0.171789 -0.017041 0.380434
v -0.171647 -0.025120 0.380993
v -0.171590 -0.017796 0.371769
v -0.171485 0.127220 0.373866
v -0.171532 -0.022476 0.371956
v -0.171469 -0.018995 0.371660
v -0.171441 -0.016269 0.378001
v -0.171324 0.128298 0.382561
v -0.171237 0.122012 0.384631
v -0.171197 0.127351 0.374410
v -0.171138 0.126773 0.373640
v -0.171052 0.127852 0.375655
v -0.171073 -0.016156 0.376320
v -0.170949 0.128414 0.382065
v -0.170989 -0.016613 0.372226
v -0.170955 -0.016223 0.374177
v -0.170591 0.127183 0.373918
v -0.170624 -0.025543 0.373605
v -0.170536 -0.018672 0.381802
v -0.170444 0.118471 0.384040
v -0.170435 0.124302 0.384771
v -0.170257 0.127910 0.383254
v -0.170208 0.117492 0.377429
v -0.170143 -0.022473 0.382232
v -0.169853 0.126776 0.384293
v -0.169778 0.128272 0.376590
v -0.169661 0.119529 0.373521
v -0.169573 -0.026191 0.376193
v -0.169514 -0.016582 0.373001
v -0.169390 0.128573 0.379952
v -0.169449 -0.026046 0.379509
v -0.169365 -0.017385 0.371935
v -0.169209 0.125436 0.373547
v -0.169247 -0.024552 0.381633
v -0.168949 -0.025335 0.372801
v -0.168762 -0.026162 0.374390
v -0.168688 -0.016832 0.379041
v -0.168529 0.127514 0.374881
v -0.168571 -0.024818 0.372538
v -0.168475 0.117850 0.375708
v -0.168446 -0.025634 0.380337
v -0.168434 -0.025544 0.373262
v -0.168363 0.123531 0.373350
v -0.168308 0.117867 0.381967
v -0.168269 0.126038 0.384780
v -0.168256 -0.018198 0.371692
v -0.168126 0.127575 0.384116
v -0.167976 0.117687 0.379650
v -0.168058 -0.025400 0.372756
v -0.167952 0.118279 0.383386
v -0.167940 0.119778 0.384928
v -0.167971 -0.021161 0.382233
v -0.167384 0.119103 0.384485
v -0.167346 0.118666 0.384073
v -0.167342 0.126390 0.374049
v -0.167412 -0.017074 0.372394
v -0.167274 0.120872 0.373576
v -0.166990 0.118941 0.374271
v -0.166933 0.121288 0.385192
v -0.166925 0.127038 0.374451
v -0.166909 -0.018072 0.381325
v -0.166755 -0.019847 0.382017
v -0.166533 -0.025247 0.381086
v -0.166285 -0.026360 0.378229
v -0.165980 0.127300 0.384945
v -0.165946 -0.016717 0.375020
v -0.165914 -0.016774 0.377119
v -0.165796 0.128345 0.383874
v -0.165801 0.128110 0.376102
v -0.165770 0.128668 0.382271
v -0.165788 -0.026092 0.379570
v -0.165667 -0.023597 0.382102
v -0.165582 -0.021159 0.371649
v -0.165575 -0.024379 0.372245
v -0.165288 0.126788 0.385039
v -0.165187 0.118610 0.375115
v -0.165211 -0.017551 0.380056
v -0.165069 0.127387 0.385032
v -0.165060 0.125605 0.385341
v -0.165005 0.127528 0.374910
v -0.164913 0.127805 0.384468
v -0.165003 -0.017874 0.371627
v -0.164985 -0.017087 0.372482
v -0.164755 0.124164 0.385537
v -0.164735 0.128356 0.383693
v -0.164679 -0.024708 0.381607
v -0.164602 -0.019051 0.371607
v -0.164537 -0.017520 0.372057
v -0.164517 -0.018141 0.371717
v -0.164490 -0.017045 0.373055
v -0.164201 0.122882 0.385649
v -0.164231 -0.019005 0.381608
v -0.164092 -0.018005 0.371627
v -0.164065 -0.017135 0.372613
v -0.163959 0.118063 0.377162
v -0.163876 -0.025881 0.380360
v -0.163472 0.120753 0.385510
v -0.163452 0.119768 0.385164
v -0.163376 0.118927 0.384488
v -0.163229 -0.025626 0.372569
v -0.163043 -0.017243 0.378568
v -0.163051 -0.023126 0.371805
v -0.162968 0.126720 0.374719
v -0.162744 0.125369 0.374326
v -0.162679 0.118416 0.376046
v -0.162414 0.128528 0.384242
v -0.162418 0.120213 0.374381
v -0.162339 0.126672 0.385503
v -0.162308 0.119317 0.374904
v -0.162207 0.118576 0.383461
v -0.162128 -0.017009 0.375611
v -0.161850 -0.025526 0.381363
v -0.161763 0.128063 0.384810
v -0.161634 0.128758 0.379461
v -0.161677 -0.020993 0.382092
v -0.161661 -0.018416 0.381070
v -0.161547 0.127896 0.375961
v -0.161601 -0.017156 0.373937
v -0.161504 -0.019854 0.381857
v -0.161336 -0.018158 0.371860
v -0.161224 -0.022672 0.382231
v -0.161048 0.118232 0.379504
v -0.160995 0.128531 0.377842
v -0.160815 -0.017775 0.372273
v -0.160593 0.127587 0.385356
v -0.160454 -0.024615 0.381706
v -0.160351 0.123457 0.374407
v -0.160089 -0.017496 0.372903
v -0.160046 -0.026228 0.380297
v -0.159929 0.118420 0.381878
v -0.159858 0.128260 0.376835
v -0.159879 -0.017210 0.376878
v -0.159708 0.127426 0.375531
v -0.159659 0.128535 0.384501
v -0.159717 -0.020522 0.371521
v -0.159531 0.125755 0.386085
v -0.159542 0.119039 0.375558
v -0.159569 -0.019046 0.371612
v -0.159371 0.119557 0.385531
v -0.159444 -0.017355 0.378291
v -0.159313 0.122534 0.386307
v -0.159140 0.127027 0.385825
v -0.159103 0.120517 0.385930
v -0.159081 0.128877 0.383522
v -0.159085 -0.025847 0.372426
v -0.158537 -0.023697 0.382055
v -0.158489 0.119709 0.375211
v -0.158273 0.124113 0.386401
v -0.158062 0.119126 0.384812
v -0.157976 -0.025369 0.381302
v -0.157831 0.128483 0.385240
v -0.157788 -0.019990 0.381943
v -0.157784 -0.019353 0.381474
v -0.157792 -0.017224 0.375278
v -0.157676 0.127949 0.385567
v -0.157749 -0.018436 0.371916
v -0.157581 0.121714 0.374774
v -0.157615 -0.017895 0.379477
v -0.157539 0.118557 0.378169
v -0.157168 0.128683 0.384685
v -0.157023 0.119817 0.385605
v -0.156932 0.128551 0.385321
v -0.156974 -0.018332 0.380339
v -0.156918 -0.017978 0.372461
v -0.156810 -0.021919 0.382056
v -0.156724 0.118895 0.376494
v -0.156673 -0.017545 0.373338
v -0.156480 -0.026898 0.378214
v -0.156334 0.121087 0.386428
v -0.156215 0.127367 0.386333
v -0.156189 -0.024728 0.371805
v -0.156102 0.128084 0.376537
v -0.156032 0.126823 0.375335
v -0.156033 -0.018789 0.380882
v -0.155919 0.119380 0.375915
v -0.155662 0.120509 0.375208
v -0.155628 0.127558 0.375929
v -0.155598 0.127288 0.375525
v -0.155639 -0.019918 0.371409
v -0.155499 0.129137 0.381949
v -0.155448 0.128971 0.379593
v -0.155389 0.119769 0.375389
v -0.155367 0.125138 0.375087
v -0.155095 -0.023114 0.371491
v -0.154856 -0.024696 0.381676
v -0.154782 0.120285 0.386196
v -0.154595 0.129002 0.384176
v -0.154409 0.119134 0.384229
v -0.154492 -0.019174 0.371625
v -0.154185 0.128525 0.377584
v -0.153726 0.119713 0.385544
v -0.153684 0.118701 0.380787
v -0.153575 -0.025689 0.381378
v -0.153599 -0.018581 0.371988
v -0.153254 0.128187 0.386076
v -0.153186 -0.026181 0.372315
v -0.153094 0.118936 0.377849
v -0.153058 0.127006 0.375824
v -0.153020 0.126295 0.375529
v -0.153029 -0.021201 0.381894
v -0.152936 0.123302 0.375224
v -0.152932 0.119690 0.376079
v -0.152483 0.121929 0.387000
v -0.152561 -0.017650 0.376312
v -0.152267 0.125414 0.387153
v -0.152235 0.128683 0.385531
v -0.152246 -0.019344 0.381306
v -0.152274 -0.018178 0.372586
v -0.152197 -0.020169 0.381592
v -0.152057 0.119323 0.376887
v -0.152081 -0.017851 0.377967
v -0.152019 -0.018618 0.380232
v -0.151981 -0.017702 0.374554
v -0.151664 0.120892 0.386775
v -0.151718 -0.025511 0.371965
v -0.151569 0.127815 0.386561
v -0.151580 0.120248 0.375832
v -0.151418 0.128132 0.377122
v -0.151343 0.127510 0.376433
v -0.151094 0.129169 0.383630
v -0.151033 -0.023880 0.381851
v -0.150838 -0.019128 0.371664
v -0.150702 0.129010 0.384894
v -0.150633 0.119023 0.383047
v -0.150554 -0.026528 0.380116
v -0.150534 -0.026834 0.378980
v -0.150357 0.128880 0.379041
v -0.150443 -0.024797 0.371682
v -0.149955 -0.025618 0.381305
v -0.149759 -0.019992 0.371446
v -0.149667 0.126264 0.375768
v -0.149543 0.127030 0.387069
v -0.149519 0.121071 0.375676
v -0.149434 0.119876 0.376471
v -0.149460 -0.018694 0.372010
v -0.149379 -0.024905 0.381590
v -0.149298 0.128515 0.386549
v -0.149296 0.123732 0.387492
v -0.149281 0.120229 0.386506
v -0.149256 -0.026022 0.380923
v -0.149014 0.128084 0.386688
v -0.149078 -0.022523 0.381975
v -0.149019 0.118964 0.379687
v -0.149016 -0.019696 0.381185
v -0.148864 0.128783 0.386018
v -0.148824 0.119750 0.385629
v -0.148680 0.124959 0.375629
v -0.148730 -0.018051 0.373397
v -0.148596 0.128477 0.377946
v -0.148638 -0.021163 0.381732
v -0.148625 -0.019169 0.380689
v -0.148347 0.128564 0.386640
v -0.148344 0.121731 0.387270
v -0.148432 -0.026908 0.373554
v -0.148194 0.119213 0.378240
v -0.148149 0.119412 0.384651
v -0.148089 0.128025 0.377219
v -0.148093 0.122782 0.375673
v -0.148015 -0.025858 0.371958
v -0.147885 -0.018281 0.379125
v -0.147781 0.129290 0.382101
v -0.147854 -0.018400 0.372523
v -0.147350 -0.025751 0.381374
v -0.147282 0.119581 0.377293
v -0.147047 -0.027092 0.377691
v -0.147053 -0.019174 0.371482
v -0.146916 0.129334 0.384996
v -0.146535 0.120583 0.376279
v -0.146527 -0.017979 0.374815
v -0.146408 0.125670 0.387758
v -0.146470 -0.021960 0.371334
v -0.146398 -0.020320 0.381377
v -0.146248 0.120834 0.387090
v -0.146248 0.127436 0.376794
v -0.146099 0.127923 0.387138
v -0.146150 -0.024239 0.371452
v -0.146015 0.119955 0.376590
v -0.145988 -0.026777 0.372392
v -0.145918 -0.018032 0.376629
v -0.145277 -0.024949 0.381560
v -0.145212 0.121686 0.376023
v -0.145282 -0.018801 0.372016
v -0.144921 -0.019543 0.380805
v -0.144759 -0.026882 0.379460
v -0.144672 0.120240 0.386579
v -0.144685 -0.026308 0.372067
v -0.144568 0.119376 0.384134
v -0.144633 -0.018858 0.379909
v -0.144616 -0.023883 0.381752
v -0.144514 0.122962 0.375864
v -0.144571 -0.025787 0.371647
v -0.144469 0.119153 0.382249
v -0.144438 -0.026310 0.380649
v -0.144313 0.127137 0.387724
v -0.144232 0.128492 0.377878
v -0.144172 0.119814 0.377343
v -0.144025 0.128722 0.386980
v -0.143985 0.128695 0.378811
v -0.143933 -0.025525 0.381317
v -0.143936 -0.018440 0.372675
v -0.143881 -0.020374 0.371344
v -0.143770 0.119518 0.378160
v -0.143457 0.121246 0.387791
v -0.143270 -0.018210 0.373616
v -0.143162 0.119271 0.379348
v -0.143122 -0.027323 0.376748
v -0.143099 -0.027054 0.373582
v -0.142962 0.119762 0.385621
v -0.142865 0.120262 0.376948
v -0.142777 -0.019396 0.371559
v -0.142656 0.126843 0.376644
v -0.142579 0.129155 0.385658
v -0.142565 0.127416 0.376855
v -0.142563 -0.021234 0.381565
v -0.142463 -0.026751 0.372560
v -0.141991 0.125832 0.376473
v -0.141868 0.119196 0.380765
v -0.141867 0.121777 0.376134
v -0.141784 0.127683 0.377365
v -0.141750 0.129380 0.384467
v -0.141791 -0.026373 0.371963
v -0.141632 0.120718 0.387343
v -0.141547 0.128340 0.378073
v -0.141581 -0.024811 0.381558
v -0.141287 0.128050 0.387559
v -0.141083 0.126553 0.388141
v -0.141128 -0.025801 0.381349
v -0.141098 -0.018480 0.378683
v -0.140998 0.121042 0.376633
v -0.140966 0.119891 0.377723
v -0.141011 -0.018833 0.372003
v -0.140754 0.125346 0.388267
v -0.140736 -0.019945 0.381069
v -0.140393 0.126969 0.377063
v -0.140378 0.124311 0.376291
v -0.140436 -0.026031 0.371442
v -0.140247 -0.022571 0.381725
v -0.140043 -0.018181 0.374685
v -0.139952 0.128484 0.378044
v -0.140006 -0.026286 0.380769
v -0.139821 0.120209 0.386813
v -0.139753 -0.020081 0.371288
v -0.139598 0.127961 0.377688
v -0.139461 0.127441 0.388069
v -0.139444 0.128635 0.378623
v -0.139524 -0.026766 0.372368
v -0.139334 0.122028 0.388191
v -0.139102 0.119579 0.378692
v -0.139060 0.129189 0.381067
v -0.139074 -0.019183 0.371365
v -0.138993 -0.019281 0.380272
v -0.138737 0.121290 0.387957
v -0.138830 -0.018425 0.372698
v -0.138717 0.123478 0.388495
v -0.138738 0.128315 0.378131
v -0.138782 -0.018227 0.376920
v -0.138619 0.120356 0.377340
v -0.138476 0.128599 0.387299
v -0.138536 -0.018732 0.379305
v -0.138488 -0.023985 0.371258
v -0.138376 -0.026507 0.371819
v -0.138341 -0.027075 0.373112
v -0.138120 -0.020574 0.381276
v -0.137999 0.119487 0.384443
v -0.137653 0.129363 0.383310
v -0.137707 -0.024954 0.381473
v -0.137395 0.129143 0.386274
v -0.137271 0.121765 0.376720
v -0.137248 0.119918 0.378021
v -0.137215 0.120639 0.387588
v -0.137185 0.119369 0.380040
v -0.137194 -0.026946 0.379544
v -0.137200 -0.021391 0.371143
v -0.137084 -0.023875 0.381643
v -0.136908 -0.027258 0.378426
v -0.136904 -0.025872 0.371433
v -0.136552 0.119855 0.386244
v -0.136507 0.126494 0.377167
v -0.136510 -0.019900 0.380858
v -0.136380 0.128442 0.378893
v -0.136333 -0.018873 0.371853
v -0.136026 -0.027432 0.374448
v -0.136034 -0.019290 0.371414
v -0.135886 0.119294 0.382133
v -0.135934 -0.025599 0.381170
v -0.135801 0.126969 0.388715
v -0.135886 -0.026967 0.372375
v -0.135849 -0.021375 0.381492
v -0.135732 0.122064 0.388462
v -0.135714 0.120201 0.387154
v -0.135652 -0.019895 0.371209
v -0.135529 0.128262 0.388108
v -0.135509 0.124946 0.376885
v -0.135397 0.128716 0.379817
v -0.135331 0.127516 0.377963
v -0.135295 0.129335 0.385009
v -0.135257 0.120880 0.377224
v -0.134984 0.120140 0.377818
v -0.134941 0.123041 0.376761
v -0.134965 -0.018326 0.373417
v -0.134923 -0.020468 0.381183
v -0.134852 0.128043 0.378534
v -0.134630 0.125653 0.388775
v -0.134487 -0.026587 0.371752
v -0.134449 -0.018423 0.378215
v -0.134352 0.121160 0.388211
v -0.134266 -0.018542 0.372443
v -0.134071 0.128645 0.387667
v -0.134099 -0.019385 0.380322
v -0.133508 0.128274 0.379075
v -0.133550 -0.026106 0.380746
v -0.133351 -0.027388 0.376542
v -0.133291 -0.022598 0.381623
v -0.133174 0.129065 0.381496
v -0.133144 0.121825 0.377025
v -0.133030 0.127054 0.388677
v -0.133066 -0.019174 0.371285
v -0.132872 0.120490 0.387808
v -0.132700 -0.024752 0.381425
v -0.132688 -0.026576 0.380141
v -0.132696 -0.026066 0.371468
v -0.132581 -0.018215 0.374774
v -0.132556 -0.018664 0.379291
v -0.132546 -0.019907 0.380805
v -0.132394 0.119659 0.378822
v -0.131764 0.119933 0.377862
v -0.131703 0.126705 0.377820
v -0.131732 -0.018819 0.371839
v -0.131717 -0.027307 0.373239
v -0.131558 0.119994 0.387123
v -0.131523 0.124466 0.389150
v -0.131520 0.121661 0.388706
v -0.131527 0.129220 0.383257
v -0.131471 -0.020622 0.381199
v -0.131345 -0.027000 0.379203
v -0.131177 0.122634 0.388985
v -0.131212 -0.025112 0.371242
v -0.130970 0.127511 0.378491
v -0.130889 0.119362 0.384255
v -0.130678 0.127781 0.388512
v -0.130625 0.119317 0.380717
v -0.130567 0.119603 0.385955
v -0.130538 0.128446 0.379390
v -0.130463 -0.019336 0.380236
v -0.130406 -0.025542 0.381087
v -0.130260 0.125645 0.377493
v -0.129990 -0.021522 0.381456
v -0.129929 -0.026263 0.371499
v -0.129778 0.120911 0.388485
v -0.129649 -0.026929 0.372020
v -0.129519 -0.023108 0.370937
v -0.129476 -0.023741 0.381545
v -0.129370 -0.019901 0.370934
v -0.129211 -0.026784 0.371552
v -0.129180 -0.027306 0.378268
v -0.129107 -0.018408 0.372434
v -0.128990 0.123945 0.377172
v -0.129064 -0.019276 0.371339
v -0.128989 -0.018212 0.376650
v -0.128966 -0.026137 0.380632
v -0.128982 -0.027428 0.374787
v -0.128791 0.128658 0.388153
v -0.128674 0.129085 0.386628
v -0.128650 0.119916 0.377910
v -0.128343 0.126629 0.389185
v -0.128199 0.120867 0.377546
v -0.128189 -0.019870 0.380716
v -0.128108 0.120248 0.388090
v -0.128089 -0.018844 0.371724
v -0.127388 -0.018444 0.378812
v -0.127305 0.122177 0.377189
v -0.127170 -0.026686 0.380024
v -0.126787 -0.020648 0.381161
v -0.126676 0.121327 0.389116
v -0.126628 0.119190 0.383026
v -0.126564 0.128850 0.382515
v -0.126542 0.119347 0.379887
v -0.126564 -0.025974 0.371329
v -0.126522 -0.025629 0.380991
v -0.126528 -0.019840 0.371031
v -0.126476 -0.027305 0.373447
v -0.126222 -0.024844 0.381302
v -0.125963 0.128521 0.381082
v -0.125944 0.127128 0.378581
v -0.125873 0.127775 0.379342
v -0.125604 -0.019254 0.371296
v -0.125516 -0.022485 0.381511
v -0.125443 0.119762 0.387270
v -0.125388 -0.018939 0.379850
v -0.125301 0.126342 0.378120
v -0.125281 -0.021380 0.381377
v -0.125270 -0.026049 0.380657
v -0.125117 0.119569 0.378879
v -0.125181 -0.018161 0.374527
v -0.125085 0.128787 0.387377
v -0.125042 -0.027497 0.376367
v -0.124955 0.128072 0.380012
v -0.124849 0.120666 0.388786
v -0.124771 0.128622 0.388353
v -0.124757 -0.018659 0.371728
v -0.124411 -0.027170 0.378613
v -0.124245 -0.026765 0.371503
v -0.123964 0.127411 0.389239
v -0.123868 0.125261 0.389655
v -0.123557 0.119123 0.381234
v -0.123457 -0.018399 0.378932
v -0.123360 0.125390 0.377913
v -0.123240 0.128931 0.384398
v -0.123177 0.122517 0.389747
v -0.123182 -0.025523 0.381008
v -0.122929 0.128844 0.386366
v -0.122824 -0.018310 0.372778
v -0.122571 0.126585 0.389594
v -0.122552 0.121138 0.389422
v -0.122492 0.119287 0.385946
v -0.122551 -0.019813 0.380736
v -0.122528 -0.020720 0.381148
v -0.122524 -0.027233 0.372651
v -0.122431 0.119869 0.378042
v -0.122365 -0.026084 0.371303
v -0.122145 0.120034 0.388316
v -0.122122 0.127503 0.379511
v -0.122077 -0.019206 0.371236
v -0.121863 0.124052 0.377731
v -0.121758 -0.026862 0.379487
v -0.121721 -0.026173 0.380463
v -0.121603 0.127989 0.388828
v -0.121671 -0.026801 0.371533
v -0.121574 -0.024898 0.370996
v -0.121462 0.120887 0.377847
v -0.121496 -0.023901 0.381414
v -0.121461 -0.024930 0.381257
v -0.121123 0.119215 0.379854
v -0.121031 -0.027284 0.377799
v -0.120890 0.122280 0.377711
v -0.120772 0.128631 0.387477
v -0.120857 -0.018575 0.371679
v -0.120663 0.119047 0.384630
v -0.120589 0.127469 0.389328
v -0.120610 -0.018058 0.376671
v -0.120584 -0.021450 0.381315
v -0.120456 0.125819 0.378445
v -0.120243 0.119511 0.378866
v -0.120276 -0.018511 0.379116
v -0.120184 -0.027502 0.374497
v -0.120106 0.128061 0.380767
v -0.120081 0.128347 0.388364
v -0.120074 0.126861 0.379027
v -0.119960 0.119555 0.387624
v -0.119452 0.120439 0.389109
v -0.119394 0.128444 0.382280
v -0.119288 0.118929 0.383143
v -0.119316 -0.025534 0.381150
v -0.118643 0.126735 0.389718
v -0.118662 -0.018924 0.379794
v -0.118594 -0.025104 0.381221
v -0.118546 -0.018175 0.378144
v -0.118477 -0.025819 0.380771
v -0.118423 -0.025517 0.381144
v -0.118143 0.128005 0.388886
v -0.118141 0.119950 0.378416
v -0.117748 -0.027062 0.372275
v -0.117569 -0.026597 0.380101
v -0.117513 0.123083 0.377950
v -0.117579 -0.026647 0.371666
v -0.117560 -0.018242 0.372304
v -0.117528 -0.020407 0.380955
v -0.117420 0.125289 0.390148
v -0.117167 0.123045 0.390329
v -0.117171 -0.026008 0.371212
v -0.117142 -0.017947 0.373998
v -0.117010 0.128660 0.386193
v -0.116926 -0.022574 0.381473
v -0.116763 0.120999 0.389710
v -0.116767 0.120832 0.378094
v -0.116654 -0.027364 0.376620
v -0.116417 0.118838 0.381053
v -0.116316 0.124357 0.378269
v -0.116281 0.127242 0.379519
v -0.116301 -0.018426 0.371377
v -0.115851 0.126740 0.379239
v -0.115685 0.127371 0.380134
v -0.115661 0.119694 0.388680
v -0.115493 0.128375 0.388341
v -0.115531 -0.026996 0.378387
v -0.115433 -0.025288 0.380997
v -0.115377 0.127178 0.379594
v -0.115377 0.119030 0.379267
v -0.115195 0.121879 0.378011
v -0.115220 -0.021156 0.381177
v -0.115112 0.128484 0.384521
v -0.115063 -0.019458 0.380382
v -0.114993 0.119139 0.387540
v -0.115035 -0.025812 0.380600
v -0.114618 0.120271 0.389475
v -0.114576 0.125692 0.378876
v -0.114617 -0.018266 0.378796
v -0.114509 -0.023831 0.381300
v -0.114469 -0.018319 0.371676
v -0.114171 0.127362 0.389408
v -0.114095 0.127721 0.381320
v -0.114135 -0.018795 0.371170
v -0.114026 0.127916 0.388665
v -0.113923 0.119882 0.378535
v -0.113906 -0.021351 0.370584
v -0.113711 -0.024713 0.381125
v -0.113594 0.118754 0.386435
v -0.113643 -0.026646 0.371607
v -0.113467 0.121732 0.390164
v -0.113379 0.118581 0.383135
v -0.113367 -0.017812 0.377236
v -0.113167 -0.018722 0.379695
v -0.112965 0.123066 0.378182
v -0.112842 0.127238 0.380368
v -0.112776 0.128391 0.386408
v -0.112591 0.120727 0.378206
v -0.112529 0.128107 0.382984
v -0.112555 -0.026656 0.379220
v -0.112370 -0.018221 0.371296
v -0.112347 -0.027280 0.373528
v -0.112170 0.128084 0.387952
v -0.112141 -0.017983 0.372333
v -0.112043 -0.026210 0.379968
v -0.112044 -0.026902 0.372267
v -0.112000 -0.023447 0.370676
v -0.111900 -0.025162 0.380847
v -0.111589 -0.025289 0.370984
v -0.111393 0.120712 0.389964
v -0.111382 -0.026150 0.371233
v -0.111264 0.125186 0.390274
v -0.111078 0.119169 0.378982
v -0.111056 0.118629 0.379843
v -0.110972 -0.025679 0.380442
v -0.110886 -0.020612 0.370710
v -0.110816 -0.017534 0.375476
v -0.110252 0.127730 0.388725
v -0.110305 -0.020145 0.380882
v -0.110297 -0.026990 0.378248
v -0.110207 0.118350 0.381793
v -0.110124 0.127237 0.380855
v -0.110103 0.119829 0.378484
v -0.110060 -0.021336 0.381130
v -0.109940 0.126714 0.380065
v -0.109857 0.119696 0.389748
v -0.109857 0.125746 0.379277
v -0.109763 0.118660 0.387357
v -0.109739 0.121643 0.378156
v -0.109677 0.126589 0.389833
v -0.109741 -0.024244 0.381091
v -0.109665 0.124307 0.378620
v -0.109707 -0.019010 0.370891
v -0.109516 -0.018975 0.380062
v -0.109437 0.122515 0.390493
v -0.109286 0.127277 0.389249
v -0.109343 -0.026584 0.371596
v -0.109069 0.127491 0.381848
v -0.109116 -0.018261 0.379232
v -0.109052 -0.027296 0.375343
v -0.108973 0.120498 0.378247
v -0.108944 -0.025140 0.370722
v -0.108746 -0.022622 0.381290
v -0.108570 0.118925 0.388691
v -0.108638 -0.017523 0.373635
v -0.108577 -0.018100 0.371312
v -0.108487 0.118614 0.379154
v -0.108471 -0.025821 0.380156
v -0.108412 -0.017737 0.378077
v -0.108258 0.127913 0.387761
v -0.107948 -0.026328 0.379435
v -0.107855 -0.025838 0.371151
v -0.107773 0.122888 0.378314
v -0.107574 0.127937 0.384722
v -0.107477 0.119106 0.378810
v -0.107475 -0.025068 0.380677
v -0.107486 -0.026875 0.372319
v -0.107334 0.127503 0.388720
v -0.107162 0.121383 0.390427
v -0.106819 0.119520 0.389550
v -0.106819 0.118233 0.386319
v -0.106729 0.120277 0.390021
v -0.106605 0.126032 0.379754
v -0.106542 -0.025133 0.370700
v -0.106336 0.119731 0.378428
v -0.106279 -0.017301 0.376554
v -0.106218 0.118261 0.379984
v -0.106137 -0.018434 0.379687
v -0.106035 0.124078 0.390485
v -0.105700 0.127028 0.380850
v -0.105691 -0.017690 0.372121
v -0.105616 0.117960 0.384050
v -0.105622 -0.019133 0.380303
v -0.105454 0.127173 0.389487
v -0.105346 0.119014 0.389290
v -0.105241 0.120553 0.378234
v -0.105208 -0.026590 0.379008
v -0.105106 0.118503 0.379325
v -0.105078 -0.020182 0.380782
v -0.105050 -0.018054 0.371342
v -0.104911 -0.026494 0.371687
v -0.104826 -0.025684 0.380275
v -0.104834 -0.027013 0.373687
v -0.104824 -0.019394 0.370622
v -0.104575 -0.017772 0.378816
v -0.104239 0.124841 0.379124
v -0.104257 -0.021515 0.370493
v -0.104198 -0.018573 0.370942
v -0.104131 -0.024164 0.381091
v -0.104009 0.127353 0.388384
v -0.104000 -0.021464 0.381009
v -0.103841 0.125934 0.379677
v -0.103783 0.117748 0.381346
v -0.103721 0.127638 0.386810
v -0.103554 -0.026132 0.379330
v -0.103477 0.119616 0.389804
v -0.103447 0.118884 0.378677
v -0.103470 -0.017259 0.377572
v -0.103396 0.118214 0.387691
v -0.103341 0.127234 0.383198
v -0.103278 0.118592 0.388762
v -0.103221 0.122133 0.390547
v -0.103277 -0.017210 0.373151
v -0.103173 0.121596 0.378234
v -0.103179 -0.024719 0.380611
v -0.103143 -0.018197 0.379840
v -0.103122 -0.026748 0.377109
v -0.103099 -0.016999 0.374755
v -0.102914 0.119650 0.378383
v -0.102801 0.117625 0.380549
v -0.102724 0.117971 0.380031
v -0.102437 -0.026047 0.371190
v -0.102328 0.123082 0.378500
v -0.102126 0.126423 0.389695
v -0.101888 0.118321 0.379232
v -0.101778 0.120620 0.390360
v -0.101829 -0.026569 0.372264
v -0.101759 -0.025486 0.380067
v -0.101628 0.125473 0.390177
v -0.101593 -0.017818 0.371130
v -0.101533 -0.019047 0.380405
v -0.101333 -0.026809 0.374915
v -0.101247 0.126368 0.380996
v -0.101056 0.117592 0.380404
v -0.100987 0.118844 0.389401
v -0.100979 -0.023270 0.380957
v -0.100787 0.117495 0.382126
v -0.100541 0.123780 0.390504
v -0.100512 0.126780 0.389224
v -0.100588 -0.019137 0.370670
v -0.100497 -0.020155 0.380785
v -0.100283 0.120121 0.378257
v -0.100266 0.126694 0.382168
v -0.100139 -0.024707 0.380435
v -0.100049 0.117606 0.386185
v -0.100098 -0.016766 0.376490
v -0.100052 -0.017253 0.372099
v -0.099919 0.126376 0.389782
v -0.099865 0.118442 0.378891
v -0.099830 0.119061 0.378524
v -0.099631 0.119418 0.389923
v -0.099366 0.124867 0.379490
v -0.099228 -0.021370 0.380937
v -0.099039 0.126996 0.388434
v -0.099097 -0.020161 0.370564
v -0.099084 -0.018387 0.370861
v -0.098964 0.122087 0.390490
v -0.098967 -0.025313 0.380008
v -0.098844 0.123664 0.378709
v -0.098820 0.125677 0.380376
v -0.098760 0.118173 0.388715
v -0.098739 -0.016726 0.373388
v -0.098524 -0.016978 0.378364
v -0.098027 -0.017974 0.380076
v -0.097878 0.117900 0.379226
v -0.097821 -0.017677 0.371234
v -0.097787 -0.018790 0.380543
v -0.097666 -0.024053 0.370826
v -0.097596 -0.017372 0.379524
v -0.097194 0.117541 0.379454
v -0.096968 0.117175 0.381039
v -0.096758 0.126128 0.389724
v -0.096752 0.117349 0.380186
v -0.096680 0.118465 0.389729
v -0.096645 0.117105 0.384115
v -0.096682 -0.016314 0.375057
v -0.096567 0.124735 0.390161
v -0.096556 0.119190 0.378262
v -0.096417 -0.024920 0.380355
v -0.096319 0.126868 0.387671
v -0.096315 0.118175 0.378840
v -0.096270 -0.017118 0.371583
v -0.096107 0.117499 0.387647
v -0.096024 0.126040 0.381496
v -0.095956 0.124918 0.379841
v -0.095871 0.119553 0.390125
v -0.095803 0.123048 0.390434
v -0.095804 0.126789 0.385237
v -0.095823 -0.018923 0.370637
v -0.095765 -0.025231 0.380025
v -0.095681 -0.016651 0.372272
v -0.095594 0.126421 0.388776
v -0.095609 -0.022198 0.370607
v -0.095292 -0.018088 0.370839
v -0.095032 0.125334 0.380452
v -0.094812 -0.021688 0.380914
v -0.094633 -0.026450 0.373726
v -0.094300 0.120517 0.378126
v -0.094313 -0.016054 0.376870
v -0.094238 -0.017078 0.379952
v -0.094144 0.121093 0.390514
v -0.094119 0.117114 0.380022
v -0.094077 -0.024747 0.371208
v -0.093924 0.123756 0.379147
v -0.093755 -0.017414 0.371070
v -0.093636 0.126639 0.386574
v -0.093610 -0.016059 0.373213
v -0.093500 -0.017382 0.380189
v -0.093441 -0.016635 0.379384
v -0.093386 0.117357 0.379349
v -0.093341 0.118345 0.378447
v -0.093299 -0.020281 0.380899
v -0.093202 0.116877 0.386215
v -0.093182 0.117691 0.388842
v -0.093110 -0.016871 0.380013
v -0.093081 -0.026115 0.377033
v -0.093060 -0.024466 0.380183
v -0.093004 0.122077 0.378372
v -0.092992 0.116788 0.381062
v -0.092842 0.126262 0.383669
v -0.092878 -0.016645 0.371335
v -0.092750 0.125174 0.389831
v -0.092738 0.125879 0.389598
v -0.092725 0.126291 0.388013
v -0.092576 0.118418 0.389709
v -0.092629 -0.023170 0.380644
v -0.092560 0.116625 0.382735
v -0.092522 0.117720 0.378767
v -0.092363 -0.024923 0.379625
v -0.092099 0.125130 0.380708
v -0.091984 -0.019529 0.370585
v -0.091952 -0.025712 0.372523
v -0.091937 -0.016200 0.372128
v -0.091857 -0.015943 0.378287
v -0.091606 0.124159 0.390332
v -0.091570 0.125931 0.388795
v -0.091557 -0.023560 0.371022
v -0.091462 0.124518 0.379639
v -0.091386 0.118825 0.378202
v -0.091357 -0.015749 0.372691
v -0.091046 0.123878 0.379337
v -0.090967 -0.015452 0.375419
v -0.090845 0.124561 0.380028
v -0.090827 -0.025983 0.374522
v -0.090712 0.116719 0.380151
v -0.090625 -0.025192 0.371732
v -0.090619 -0.017941 0.370630
v -0.090549 0.124424 0.379716
v -0.090512 0.119066 0.390306
v -0.090457 0.117715 0.389354
v -0.090365 -0.025212 0.378902
v -0.090305 0.116359 0.384487
v -0.090264 0.117134 0.379058
v -0.090267 -0.018743 0.380755
v -0.090123 0.125298 0.381701
v -0.090054 0.125438 0.389252
v -0.090062 -0.025721 0.373468
v -0.089920 -0.016048 0.379359
v -0.089819 -0.016361 0.371478
v -0.089732 -0.024519 0.371450
v -0.089698 -0.021427 0.380915
v -0.089455 0.117727 0.378300
v -0.089156 0.124956 0.389755
v -0.089168 -0.016955 0.371008
v -0.089103 0.124672 0.380551
v -0.089004 0.117224 0.378420
v -0.089019 -0.016415 0.380019
v -0.088942 -0.024146 0.380180
v -0.088869 0.116633 0.387608
v -0.088864 0.117379 0.389520
v -0.088792 0.117182 0.388899
v -0.088767 -0.025622 0.375633
v -0.088607 0.125892 0.385238
v -0.088667 -0.015113 0.377063
v -0.088533 0.118108 0.389765
v -0.088341 0.116209 0.386004
v -0.088339 -0.015789 0.371875
v -0.087686 -0.021713 0.370737
v -0.087659 -0.014966 0.373923
v -0.087479 0.115982 0.382111
v -0.087509 -0.024793 0.371888
v -0.087393 0.118998 0.378064
v -0.087312 0.120425 0.378175
v -0.087165 0.117763 0.378216
v -0.087148 0.116241 0.379522
v -0.087065 0.123403 0.379454
v -0.087000 0.125523 0.388379
v -0.087018 0.122148 0.378725
v -0.087068 -0.016150 0.371280
v -0.086979 0.125068 0.389114
v -0.086955 0.124063 0.380080
v -0.086858 -0.025312 0.374266
v -0.086392 0.117358 0.389373
v -0.086429 -0.016821 0.380462
v -0.086421 -0.023943 0.379567
v -0.086356 0.125034 0.382561
v -0.086391 -0.014995 0.378502
v -0.086366 -0.023345 0.380229
v -0.086270 0.122336 0.390196
v -0.086295 -0.019879 0.370585
v -0.086250 -0.015092 0.372495
v -0.086143 0.118935 0.390098
v -0.086187 -0.024420 0.371485
v -0.086143 -0.025148 0.372538
v -0.086057 -0.022238 0.380842
v -0.085791 0.116910 0.378457
v -0.085714 0.120452 0.390336
v -0.085752 -0.015512 0.379968
v -0.085742 -0.014451 0.375711
v -0.085743 -0.017514 0.370697
v -0.085270 -0.024364 0.378372
v -0.085198 0.125425 0.386720
v -0.085201 0.115600 0.384530
v -0.085218 -0.024912 0.375791
v -0.085033 0.116317 0.378974
v -0.085042 -0.015632 0.380007
v -0.085047 -0.024583 0.372215
v -0.085044 -0.016360 0.370961
v -0.085005 -0.019647 0.381017
v -0.084788 0.124530 0.389478
v -0.084444 0.124345 0.380799
v -0.084392 0.116532 0.388658
v -0.084409 -0.024711 0.373124
v -0.084323 0.117000 0.378263
v -0.084246 0.117987 0.389883
v -0.083961 0.115559 0.386264
v -0.083902 0.123506 0.379952
v -0.083922 -0.014136 0.377132
v -0.083855 -0.022991 0.380285
v -0.083774 0.124776 0.388721
v -0.083725 -0.024131 0.371648
v -0.083687 -0.014323 0.373217
v -0.083582 0.124994 0.388003
v -0.083555 -0.015155 0.371371
v -0.083504 -0.014710 0.379371
v -0.083425 0.123180 0.389817
v -0.083433 -0.023464 0.379389
v -0.083069 0.117091 0.389469
v -0.083038 0.116261 0.378434
v -0.083024 0.117567 0.378023
v -0.082942 0.115590 0.379832
v -0.082909 -0.017548 0.380942
v -0.082722 -0.013848 0.374442
v -0.082599 0.122463 0.379138
v -0.082619 -0.024110 0.377185
v -0.082530 -0.015340 0.380261
v -0.082541 -0.014554 0.371985
v -0.082458 -0.024179 0.372579
v -0.082303 0.123906 0.380831
v -0.082310 -0.014707 0.379855
v -0.082236 0.116499 0.378318
v -0.082188 0.115604 0.387573
v -0.082115 0.118828 0.377895
v -0.081994 0.124593 0.383858
v -0.082003 -0.013924 0.378380
v -0.081935 0.114986 0.383197
v -0.081927 0.115782 0.379027
v -0.081789 -0.024280 0.373968
v -0.081741 0.116037 0.378319
v -0.081581 0.119001 0.390111
v -0.081577 0.124209 0.388989
v -0.081562 0.123790 0.389354
v -0.081497 0.115011 0.381375
v -0.081539 -0.013473 0.375830
v -0.081354 -0.022726 0.371479
v -0.081339 -0.020356 0.370837
v -0.081192 0.124141 0.382250
v -0.081001 0.121566 0.390065
v -0.080859 -0.023269 0.378670
v -0.080702 0.116368 0.389068
v -0.080718 -0.015784 0.380699
v -0.080716 -0.023544 0.372002
v -0.080518 0.123060 0.379657
v -0.080538 -0.022598 0.380106
v -0.080529 -0.015779 0.370713
v -0.080309 0.117843 0.389854
v -0.080342 -0.014090 0.380024
v -0.080257 0.119972 0.378038
v -0.080178 -0.013205 0.377182
v -0.080081 -0.023741 0.375893
v -0.080067 -0.014908 0.371184
v -0.080025 -0.022059 0.380356
v -0.079853 0.121128 0.378379
v -0.079793 -0.022560 0.379563
v -0.079771 -0.013717 0.379639
v -0.079654 -0.022450 0.379971
v -0.079526 0.120209 0.390091
v -0.079519 0.115643 0.388465
v -0.079451 0.114850 0.380148
v -0.079397 0.123391 0.389498
v -0.079418 -0.013283 0.373154
v -0.079340 -0.014429 0.380291
v -0.079327 -0.023781 0.372570
v -0.079218 0.124299 0.388442
v -0.079092 -0.023631 0.374527
v -0.079047 -0.013154 0.378539
v -0.078928 0.116310 0.377985
v -0.078877 0.115096 0.379104
v -0.078851 0.114664 0.386440
v -0.078888 -0.013906 0.371458
v -0.078745 0.122550 0.389584
v -0.078798 -0.012801 0.374530
v -0.078688 -0.019530 0.381171
v -0.078531 0.116737 0.389530
v -0.078462 0.123608 0.388821
v -0.078408 -0.023051 0.377160
v -0.078255 0.115423 0.378408
v -0.078192 0.114324 0.385137
v -0.078143 -0.018401 0.370738
v -0.078034 0.124199 0.385371
v -0.078061 -0.012503 0.375833
v -0.078065 -0.023346 0.373284
v -0.077994 -0.013200 0.379504
v -0.077963 0.117432 0.377687
v -0.077904 -0.023004 0.372400
v -0.077863 -0.013383 0.372047
v -0.077802 -0.012815 0.379151
v -0.077768 -0.015632 0.370675
v -0.077632 -0.022300 0.378668
v -0.077358 -0.015814 0.381065
v -0.077254 -0.013488 0.380102
v -0.077130 0.115863 0.389156
v -0.077137 0.122779 0.380341
v -0.077022 0.114699 0.387627
v -0.077033 -0.014454 0.370895
v -0.076844 -0.020405 0.380693
v -0.076810 0.121733 0.379038
v -0.076850 -0.012223 0.377383
v -0.076767 0.113943 0.383591
v -0.076711 0.122267 0.379588
v -0.076307 0.122813 0.389069
v -0.076318 -0.021245 0.380133
v -0.076108 0.113868 0.381617
v -0.076075 -0.012806 0.380038
v -0.076079 -0.013592 0.371404
v -0.075999 0.114095 0.380013
v -0.075933 0.114544 0.378831
v -0.075959 -0.011887 0.374598
v -0.075913 -0.021498 0.379516
v -0.075858 0.123516 0.387879
v -0.075889 -0.016657 0.381271
v -0.075829 -0.021778 0.371564
v -0.075797 -0.012506 0.372441
v -0.075693 -0.022506 0.375760
v -0.075614 0.115085 0.377967
v -0.075369 -0.020461 0.380464
v -0.075369 -0.021068 0.380027
v -0.075337 -0.022110 0.377251
v -0.075270 -0.012877 0.380178
v -0.075168 -0.022421 0.372586
v -0.075122 -0.011891 0.373308
v -0.074988 -0.013586 0.380698
v -0.074985 -0.014354 0.370838
v -0.074932 -0.012231 0.379598
v -0.074893 -0.012725 0.371830
v -0.074776 0.114842 0.388478
v -0.074761 -0.011376 0.375592
v -0.074639 0.123454 0.386482
v -0.074442 0.122977 0.388333
v -0.074489 -0.011566 0.378472
v -0.074224 0.113748 0.386641
v -0.074094 0.118127 0.389626
v -0.074112 0.117347 0.377417
v -0.074009 0.122010 0.389332
v -0.074073 -0.021448 0.371721
v -0.073828 -0.017512 0.381314
v -0.073723 -0.021639 0.372356
v -0.073536 -0.018809 0.381240
v -0.073485 0.116210 0.389351
v -0.073472 0.113415 0.379339
v -0.073491 -0.021904 0.374466
v -0.073381 0.114159 0.378375
v -0.073397 -0.016455 0.370888
v -0.073282 0.118182 0.377466
v -0.073279 -0.012046 0.380176
v -0.073233 -0.010791 0.376922
v -0.073105 0.122533 0.381427
v -0.073057 -0.021008 0.378390
v -0.072945 -0.018112 0.371049
v -0.072870 0.119324 0.377826
v -0.072890 -0.014174 0.381219
v -0.072861 -0.010805 0.374049
v -0.072777 0.115959 0.377385
v -0.072690 -0.012763 0.371454
v -0.072614 -0.011149 0.379386
v -0.072567 0.113025 0.381186
v -0.072496 0.113832 0.387803
v -0.072431 0.113066 0.385306
v -0.072411 0.121701 0.379588
v -0.072318 0.122987 0.384314
v -0.072292 -0.020425 0.371616
v -0.072287 -0.021379 0.373307
v -0.072271 -0.018875 0.380826
v -0.072181 -0.011485 0.371932
v -0.072147 -0.019867 0.380200
v -0.072119 -0.020164 0.379573
v -0.072115 -0.011255 0.380205
v -0.072062 0.122151 0.388624
v -0.071973 0.122991 0.387532
v -0.071932 0.114523 0.377786
v -0.071728 0.113443 0.378377
v -0.071705 -0.021035 0.376404
v -0.071670 -0.017563 0.381250
v -0.071425 0.113726 0.378187
v -0.071315 0.112614 0.383453
v -0.071262 -0.019726 0.380058
v -0.071199 0.114880 0.389026
v -0.071120 0.114189 0.388546
v -0.071153 -0.010613 0.372768
v -0.071098 -0.021055 0.372595
v -0.071016 0.113070 0.378912
v -0.071028 -0.009946 0.378147
v -0.070923 0.122396 0.387921
v -0.070891 0.120502 0.378484
v -0.070919 -0.018919 0.380459
v -0.070899 -0.009706 0.375213
v -0.070809 0.113259 0.378191
v -0.070747 0.120289 0.389380
v -0.070582 0.122623 0.386044
v -0.070592 -0.020360 0.372420
v -0.070521 -0.013913 0.371159
v -0.070407 -0.020765 0.374506
v -0.070304 -0.011003 0.380597
v -0.070289 -0.009372 0.376688
v -0.070204 -0.011045 0.371887
v -0.069936 0.112374 0.380399
v -0.069949 -0.009786 0.379363
v -0.069781 -0.020370 0.373380
v -0.069580 -0.011801 0.381144
v -0.069590 -0.019168 0.371607
v -0.069528 0.112663 0.386835
v -0.069479 0.113604 0.377762
v -0.069395 -0.017345 0.381298
v -0.069380 -0.012044 0.371401
v -0.069294 -0.009882 0.380087
v -0.069112 0.114519 0.388928
v -0.069028 -0.019585 0.378279
v -0.068966 -0.009165 0.373544
v -0.068917 -0.017296 0.371391
v -0.068860 -0.015012 0.381469
v -0.068848 -0.012882 0.381465
v -0.068740 0.114203 0.377376
v -0.068687 0.113051 0.388366
v -0.068692 0.111863 0.382273
v -0.068631 0.112044 0.385336
v -0.068660 -0.019367 0.372264
v -0.068523 0.120846 0.388762
v -0.068476 0.122062 0.386938
v -0.068510 -0.008451 0.377287
v -0.068090 0.111972 0.379187
v -0.067976 0.120329 0.379107
v -0.068014 -0.010061 0.371673
v -0.067942 -0.018175 0.380096
v -0.067926 -0.008298 0.378383
v -0.067790 0.115487 0.389178
v -0.067819 -0.009425 0.372333
v -0.067763 -0.017338 0.380716
v -0.067749 -0.008123 0.374528
v -0.067604 0.112556 0.378121
v -0.067542 -0.019553 0.374532
v -0.067532 -0.018634 0.371798
v -0.067472 -0.007764 0.375889
v -0.067431 -0.009043 0.380347
v -0.067353 -0.011540 0.371184
v -0.067217 0.121646 0.382758
v -0.067211 0.120707 0.380047
v -0.067118 0.121546 0.388122
v -0.067069 0.121357 0.381671
v -0.067103 -0.018383 0.379300
v -0.067051 -0.012790 0.371250
v -0.066998 0.118443 0.377752
v -0.066953 -0.008115 0.379518
v -0.066921 -0.019140 0.373338
v -0.066695 0.121017 0.388294
v -0.066589 0.119343 0.389013
v -0.066571 0.111930 0.378171
v -0.066563 -0.015657 0.381368
v -0.066462 0.114713 0.377131
v -0.066424 0.111660 0.378816
v -0.066393 0.117470 0.389180
v -0.066290 0.113037 0.377230
v -0.066314 -0.009360 0.371866
v -0.066237 0.119319 0.378337
v -0.066270 -0.007524 0.373721
v -0.066098 -0.008887 0.380891
v -0.066094 -0.006925 0.377198
v -0.066033 0.112039 0.387560
v -0.065936 0.121604 0.385572
v -0.065731 0.110992 0.384232
v -0.065776 -0.007801 0.372866
v -0.065739 -0.018640 0.375899
v -0.065594 0.112322 0.377656
v -0.065517 -0.018425 0.372639
v -0.065426 0.120713 0.388387
v -0.065362 -0.017134 0.380241
v -0.065306 0.111268 0.386367
v -0.065190 0.113533 0.389003
v -0.065243 -0.016589 0.371734
v -0.065214 -0.006492 0.378385
v -0.065102 0.113001 0.377224
v -0.065126 -0.017988 0.377774
v -0.065117 -0.009649 0.381464
v -0.065061 0.120934 0.387754
v -0.065068 -0.014762 0.371318
v -0.064980 -0.017765 0.372265
v -0.064912 -0.008247 0.372106
v -0.064899 -0.018267 0.374627
v -0.064829 -0.007037 0.380127
v -0.064834 -0.009823 0.371485
v -0.064792 -0.006234 0.374547
v -0.064721 0.119805 0.388620
v -0.064662 0.110559 0.381718
v -0.064602 0.116264 0.377215
v -0.064613 -0.017936 0.373352
v -0.064566 0.111524 0.378048
v -0.064471 0.121127 0.386710
v -0.064309 -0.006102 0.379272
v -0.064269 -0.005610 0.375936
v -0.063969 -0.016902 0.379312
v -0.063875 0.110483 0.379788
v -0.063784 0.112281 0.388587
v -0.063823 -0.006138 0.373327
v -0.063568 0.118296 0.378017
v -0.063473 0.119293 0.378893
v -0.063434 0.110679 0.386987
v -0.063469 -0.004981 0.377152
v -0.063420 0.111800 0.377241
v -0.063359 0.117342 0.377536
v -0.063237 0.118681 0.388982
v -0.063213 -0.010082 0.371280
v -0.063173 -0.012525 0.381646
v -0.062989 0.111065 0.387579
v -0.062991 -0.007199 0.381276
v -0.062963 0.110491 0.378680
v -0.062984 -0.016732 0.378303
v -0.062949 -0.006339 0.372486
v -0.062911 -0.009959 0.381788
v -0.062883 -0.016996 0.372737
v -0.062865 -0.015303 0.371796
v -0.062750 0.118923 0.378386
v -0.062732 0.119951 0.388041
v -0.062748 0.111085 0.377739
v -0.062633 -0.015727 0.380286
v -0.062613 -0.004427 0.378291
v -0.062510 0.117396 0.389110
v -0.062548 -0.016896 0.376543
v -0.062514 0.110473 0.378065
v -0.062546 -0.016495 0.372591
v -0.062501 -0.011417 0.371312
v -0.062486 -0.016972 0.374486
v -0.062424 0.111709 0.377201
v -0.062445 -0.015815 0.371900
v -0.062348 -0.005482 0.380575
v -0.062246 -0.004532 0.379447
v -0.062181 0.113269 0.388899
v -0.062191 -0.014189 0.381337
v -0.062113 -0.006879 0.371832
v -0.061957 0.119507 0.388390
v -0.062005 -0.003794 0.375981
v -0.062002 -0.003987 0.374833
v -0.061806 -0.004298 0.373704
v -0.061742 0.112197 0.388730
v -0.061638 0.120217 0.382377
v -0.061611 0.112596 0.376898
v -0.061614 -0.015369 0.379591
v -0.061540 0.120381 0.385242
v -0.061400 0.109697 0.385846
v -0.061417 -0.016080 0.373357
v -0.061248 0.120205 0.387222
v -0.061267 -0.014497 0.380575
v -0.061211 -0.015879 0.372600
v -0.061137 0.109268 0.383918
v -0.061042 -0.004390 0.372830
v -0.061035 -0.015124 0.372327
v -0.060905 0.109825 0.386771
v -0.060924 -0.002798 0.376826
v -0.060932 -0.014366 0.371746
v -0.060791 0.111322 0.388238
v -0.060785 0.109270 0.379384
v -0.060808 -0.007657 0.371601
v -0.060717 0.109102 0.380836
v -0.060575 0.110503 0.377226
v -0.060459 -0.004758 0.381266
v -0.060299 0.118168 0.388487
v -0.060308 -0.015246 0.373126
v -0.060286 -0.006076 0.381759
v -0.060222 0.119481 0.387540
v -0.060192 0.109861 0.377895
v -0.060189 0.110867 0.376943
v -0.060176 0.108807 0.382433
v -0.060086 -0.014293 0.380299
v -0.060028 -0.002553 0.379610
v -0.059885 -0.001893 0.378042
v -0.059881 -0.004442 0.372198
v -0.059729 -0.009714 0.381977
v -0.059693 -0.012792 0.381378
v -0.059610 0.109769 0.387355
v -0.059609 0.118895 0.379380
v -0.059612 -0.001745 0.375142
v -0.059438 -0.002680 0.380620
v -0.059437 -0.002044 0.373845
v -0.059423 -0.002597 0.373083
v -0.059378 0.109255 0.386979
v -0.059304 0.110234 0.388141
v -0.059343 -0.014963 0.374479
v -0.059234 0.119551 0.386604
v -0.059071 -0.005138 0.371826
v -0.058830 0.116403 0.377209
v -0.058834 -0.014285 0.372783
v -0.058797 -0.013054 0.371911
v -0.058729 0.118651 0.387805
v -0.058701 0.111699 0.388478
v -0.058731 -0.013936 0.378868
v -0.058678 0.115272 0.388714
v -0.058624 -0.008416 0.371630
v -0.058499 0.117442 0.378103
v -0.058524 -0.000447 0.376101
v -0.058498 -0.012680 0.380458
v -0.058477 -0.003515 0.381668
v -0.058474 -0.011851 0.381467
v -0.058406 -0.014034 0.376857
v -0.058386 -0.002427 0.381268
v -0.058301 0.108255 0.379791
v -0.058304 -0.000311 0.378599
v -0.058252 0.116850 0.388505
v -0.058103 -0.013392 0.372726
v -0.058077 -0.002107 0.372514
v -0.057974 0.118752 0.380758
v -0.057973 -0.010631 0.371775
v -0.057931 -0.009791 0.381835
v -0.057932 -0.000291 0.379702
v -0.057816 0.108965 0.387164
v -0.057816 0.000068 0.374916
v -0.057736 0.108886 0.377710
v -0.057710 0.109628 0.377069
v -0.057672 0.108409 0.386389
v -0.057604 0.107987 0.385168
v -0.057496 0.113176 0.376529
v -0.057466 0.109874 0.388059
v -0.057398 -0.013014 0.372792
v -0.057332 0.107635 0.383622
v -0.057314 -0.013177 0.373450
v -0.057110 0.118834 0.387126
v -0.057105 0.117756 0.388052
v -0.057096 -0.010188 0.381522
v -0.057043 0.117535 0.378262
v -0.057035 0.107480 0.381668
v -0.057045 0.001364 0.376909
v -0.057016 0.000448 0.373814
v -0.056981 -0.011070 0.380872
v -0.056904 0.107896 0.378757
v -0.056896 -0.011918 0.379863
v -0.056865 0.108934 0.377035
v -0.056859 0.000167 0.380778
v -0.056769 -0.012421 0.378468
v -0.056692 -0.002732 0.382026
v -0.056637 0.116164 0.377469
v -0.056669 0.000174 0.372838
v -0.056626 0.118771 0.382915
v -0.056629 0.107836 0.378113
v -0.056612 0.001801 0.378458
v -0.056559 0.001564 0.374996
v -0.056491 -0.004938 0.371676
v -0.056429 -0.011965 0.372731
v -0.056387 -0.008465 0.382071
v -0.056209 0.109899 0.376627
v -0.056154 0.117520 0.378945
v -0.056143 -0.011280 0.372664
v -0.056104 0.115128 0.377018
v -0.056132 0.000693 0.372950
v -0.056024 0.111432 0.376370
v -0.056037 -0.000467 0.381704
v -0.056013 0.002196 0.379678
v -0.055996 -0.010416 0.372340
v -0.055931 -0.006663 0.382129
v -0.055878 0.116677 0.378008
v -0.055848 0.118746 0.385886
v -0.055805 -0.009712 0.381384
v -0.055806 -0.001465 0.371962
v -0.055784 -0.011889 0.377065
v -0.055712 -0.011936 0.375653
v -0.055652 0.000493 0.372545
v -0.055505 0.118010 0.387122
v -0.055482 0.116751 0.388116
v -0.055409 0.107690 0.387024
v -0.055354 0.115549 0.388379
v -0.055379 0.001750 0.372849
v -0.055287 0.106812 0.380108
v -0.055279 -0.010644 0.379575
v -0.055202 -0.009899 0.380585
v -0.055134 0.003882 0.378573
v -0.055121 0.004037 0.377180
v -0.055080 -0.010754 0.373295
v -0.054996 0.113233 0.388539
v -0.055028 0.003046 0.380544
v -0.054917 -0.008283 0.371960
v -0.054902 -0.003259 0.382394
v -0.054894 0.003001 0.373680
v -0.054675 0.004312 0.375327
v -0.054667 -0.010326 0.372907
v -0.054579 0.002668 0.381354
v -0.054526 0.106302 0.383166
v -0.054518 0.002338 0.372788
v -0.054476 0.106956 0.386254
v -0.054412 0.106622 0.378918
v -0.054385 0.107101 0.377887
v -0.054362 -0.010164 0.378610
v -0.054360 -0.005154 0.371915
v -0.054269 0.004898 0.379554
v -0.053964 0.117652 0.381367
v -0.053859 0.115140 0.377099
v -0.053759 0.106123 0.384804
v -0.053738 0.107131 0.386997
v -0.053728 0.117103 0.387457
v -0.053695 0.000602 0.382290
v -0.053681 0.006269 0.376295
v -0.053651 0.113253 0.376555
v -0.053657 -0.009042 0.372837
v -0.053577 0.006527 0.377877
v -0.053473 0.105747 0.381742
v -0.053452 0.004331 0.372859
v -0.053391 0.002331 0.372338
v -0.053372 -0.005470 0.382049
v -0.053328 -0.008800 0.380385
v -0.053311 0.005649 0.380801
v -0.053221 0.107329 0.377113
v -0.053193 0.003259 0.382033
v -0.053157 -0.007265 0.381456
v -0.053113 0.117673 0.384327
v -0.053169 0.017786 0.355419
v -0.053127 -0.003362 0.382382
v -0.053095 0.117420 0.387057
v -0.053145 0.017810 0.356547
v -0.053127 0.018999 0.356583
v -0.053111 0.018958 0.355449
v -0.052984 0.107574 0.387538
v -0.052979 0.007112 0.375214
v -0.052906 0.116389 0.388069
v -0.052932 0.004996 0.381668
v -0.052893 0.116175 0.378226
v -0.052883 0.111301 0.376256
v -0.052843 0.020264 0.356643
v -0.052814 -0.007135 0.372685
v -0.052735 0.117495 0.386328
v -0.052802 0.016726 0.355408
v -0.052795 0.019065 0.357760
v -0.052741 -0.009195 0.375921
v -0.052764 0.016730 0.356534
v -0.052750 0.017787 0.354331
v -0.052739 0.020216 0.355496
v -0.052696 0.006508 0.373873
v -0.052602 -0.008312 0.379126
v -0.052607 0.020335 0.357833
v -0.052560 -0.008758 0.374742
v -0.052576 0.018983 0.354271
v -0.052462 -0.008765 0.377214
v -0.052456 -0.007342 0.380633
v -0.052470 0.016794 0.354395
v -0.052426 0.008353 0.379305
v -0.052417 0.016141 0.355403
v -0.052349 0.006751 0.381644
v -0.052325 0.105253 0.380225
v -0.052351 0.019144 0.358672
v -0.052285 0.108973 0.388079
v -0.052290 0.116113 0.378782
v -0.052342 0.017793 0.353694
v -0.052304 0.008917 0.377887
v -0.052287 -0.001240 0.371906
v -0.052314 0.017183 0.353745
v -0.052308 0.016210 0.357097
v -0.052303 0.018618 0.353726
v -0.052266 -0.005161 0.372365
v -0.052278 0.017282 0.358244
v -0.052145 0.106158 0.387011
v -0.052190 0.020965 0.354896
v -0.052171 0.019401 0.353876
v -0.052106 0.022331 0.356787
v -0.052098 0.022224 0.356149
v -0.052062 -0.007378 0.380272
v -0.052041 0.009334 0.376333
v -0.051827 0.104902 0.383472
v -0.051810 0.114738 0.388156
v -0.051863 0.021819 0.359105
v -0.051840 0.022902 0.358059
v -0.051806 0.009066 0.374693
v -0.051748 -0.003036 0.372077
v -0.051743 0.018998 0.353378
v -0.051670 0.117145 0.385311
v -0.051667 -0.006538 0.372872
v -0.051692 0.016804 0.353519
v -0.051692 0.017803 0.353197
v -0.051615 0.006376 0.372818
v -0.051569 -0.006827 0.373476
v -0.051513 0.105093 0.378901
v -0.051545 0.023032 0.359180
v -0.051478 0.009308 0.380854
v -0.051439 0.116852 0.386300
v -0.051472 0.008921 0.373898
v -0.051435 -0.004572 0.381706
v -0.051406 0.115212 0.377932
v -0.051436 0.018330 0.359260
v -0.051366 0.006870 0.382129
v -0.051392 0.021483 0.354525
v -0.051374 0.017196 0.358636
v -0.051314 0.019285 0.359955
v -0.051255 0.105316 0.386251
v -0.051236 0.110646 0.388267
v -0.051293 0.020685 0.360032
v -0.051158 0.107156 0.376604
v -0.051157 0.011371 0.377978
v -0.051137 0.002111 0.382603
v -0.051131 -0.005284 0.380936
v -0.051080 0.008741 0.381743
v -0.051113 0.021137 0.353712
v -0.051084 0.023044 0.355508
v -0.051006 0.005305 0.382514
v -0.050975 0.022017 0.360652
v -0.050951 0.017560 0.359412
v -0.050942 0.024483 0.357297
v -0.050862 0.116019 0.379787
v -0.050886 -0.006709 0.378516
v -0.050878 0.011274 0.374857
v -0.050899 0.017830 0.352739
v -0.050885 0.018989 0.352751
v -0.050820 0.003001 0.372032
v -0.050784 -0.002587 0.382117
v -0.050738 0.011209 0.374187
v -0.050683 0.105154 0.377821
v -0.050720 0.021309 0.360942
v -0.050699 0.022159 0.354049
v -0.050672 0.008851 0.372935
v -0.050653 0.012203 0.379598
v -0.050645 0.005110 0.372077
v -0.050647 0.025596 0.358121
v -0.050612 0.020480 0.360743
v -0.050548 0.104070 0.381908
v -0.050597 0.016862 0.353011
v -0.050499 0.007134 0.372388
v -0.050392 0.105481 0.387206
v -0.050347 0.115669 0.387528
v -0.050371 0.021432 0.353560
v -0.050335 0.019570 0.360602
v -0.050326 0.025851 0.359052
v -0.050265 0.104257 0.385005
v -0.050324 0.019029 0.352552
v -0.050280 0.025653 0.360419
v -0.050244 0.017483 0.359586
v -0.050224 0.020090 0.352767
v -0.050116 -0.004161 0.372815
v -0.050094 0.011397 0.381619
v -0.050058 0.112862 0.388246
v -0.050064 0.112802 0.376762
v -0.050097 0.017292 0.352671
v -0.050047 -0.001914 0.372414
v -0.050011 -0.000274 0.382511
v -0.049978 -0.004687 0.379992
v -0.049889 0.011862 0.373875
v -0.049870 0.013297 0.380787
v -0.049826 0.010362 0.382234
v -0.049772 -0.002690 0.381551
v -0.049713 0.014481 0.376284
v -0.049646 0.111131 0.376297
v -0.049671 0.027489 0.359427
v -0.049607 0.105373 0.377006
v -0.049602 0.026397 0.357018
v -0.049537 0.103562 0.380279
v -0.049572 0.022781 0.353645
v -0.049527 0.015355 0.378339
v -0.049519 0.009215 0.382596
v -0.049526 0.021517 0.362014
v -0.049510 0.005932 0.372185
v -0.049469 -0.004538 0.374058
v -0.049410 0.104658 0.387012
v -0.049411 0.025763 0.355884
v -0.049383 0.013967 0.374283
v -0.049344 0.116080 0.381622
v -0.049355 0.019099 0.352412
v -0.049273 -0.003078 0.380889
v -0.049296 0.027824 0.358038
v -0.049247 0.026176 0.362296
v -0.049245 0.027555 0.361276
v -0.049195 0.014681 0.374756
v -0.049204 0.020937 0.352700
v -0.049073 0.103206 0.383654
v -0.049103 0.004015 0.372183
v -0.049005 0.016406 0.379791
v -0.048960 0.115935 0.386318
v -0.048916 0.106698 0.387903
v -0.048938 0.013184 0.382159
v -0.048919 -0.002340 0.373094
v -0.048900 0.014777 0.381613
v -0.048789 0.114746 0.378261
v -0.048813 0.011735 0.373123
v -0.048777 0.113594 0.377109
v -0.048798 0.027545 0.361983
v -0.048774 0.014276 0.373967
v -0.048774 -0.002980 0.373426
v -0.048778 0.025270 0.354882
v -0.048765 0.028518 0.360818
v -0.048711 -0.003512 0.379049
v -0.048686 0.017930 0.359879
v -0.048647 -0.000236 0.381986
v -0.048663 0.028493 0.361897
v -0.048618 0.103277 0.378874
v -0.048655 0.024715 0.363031
v -0.048606 0.016755 0.380842
v -0.048521 0.116100 0.383977
v -0.048499 0.026770 0.362832
v -0.048489 0.023456 0.362996
v -0.048439 0.107281 0.376090
v -0.048426 0.028967 0.358534
v -0.048373 0.018331 0.377347
v -0.048389 0.027099 0.355983
v -0.048378 0.020639 0.352683
v -0.048312 0.103590 0.386291
v -0.048252 0.020294 0.362114
v -0.048200 0.115900 0.385275
v -0.048173 0.113978 0.387782
v -0.048180 0.002510 0.372239
v -0.048184 0.028235 0.362686
v -0.048132 0.029926 0.359549
v -0.048078 0.114583 0.378802
v -0.048091 0.016960 0.374239
v -0.048073 -0.003239 0.377239
v -0.048029 0.017622 0.374932
v -0.048004 0.007274 0.372104
v -0.047969 0.009987 0.382944
v -0.047971 -0.002103 0.380400
v -0.047994 0.030216 0.360768
v -0.047989 0.028765 0.357306
v -0.047909 0.018195 0.381700
v -0.047884 0.103967 0.386991
v -0.047872 0.016367 0.382187
v -0.047830 0.020002 0.378670
v -0.047858 0.024797 0.353934
v -0.047818 0.009808 0.372331
v -0.047810 -0.001748 0.373876
v -0.047786 0.013983 0.382833
v -0.047777 -0.000695 0.381587
v -0.047776 -0.000835 0.373027
v -0.047749 0.112652 0.377037
v -0.047785 0.029783 0.362221
v -0.047782 0.029601 0.362930
v -0.047695 0.115055 0.387159
v -0.047689 0.108024 0.388076
v -0.047659 -0.002450 0.374740
v -0.047671 0.026176 0.354805
v -0.047592 0.105169 0.376430
v -0.047550 0.104678 0.387418
v -0.047559 0.019709 0.375896
v -0.047542 0.017742 0.374247
v -0.047516 0.104097 0.376792
v -0.047489 0.102444 0.385134
v -0.047410 0.007292 0.382918
v -0.047385 0.114939 0.379920
v -0.047420 0.027762 0.364087
v -0.047358 0.102033 0.380129
v -0.047334 0.101830 0.382108
v -0.047295 0.102968 0.377643
v -0.047222 0.113448 0.377740
v -0.047234 0.016511 0.373663
v -0.047214 0.000995 0.381703
v -0.047174 0.021418 0.380202
v -0.047132 0.103256 0.376983
v -0.047127 0.003799 0.372571
v -0.047068 0.030780 0.358380
v -0.047047 0.023699 0.363906
v -0.047023 -0.001174 0.374740
v -0.047038 0.027759 0.355220
v -0.046993 0.021140 0.381169
v -0.046995 -0.001401 0.376893
v -0.046958 0.020395 0.374907
v -0.046899 0.020190 0.381867
v -0.046843 0.022593 0.377339
v -0.046855 0.028579 0.356061
v -0.046778 0.101585 0.384024
v -0.046806 0.019952 0.374259
v -0.046791 0.005283 0.372357
v -0.046762 -0.000834 0.379223
v -0.046745 0.002495 0.372950
v -0.046732 0.007318 0.372247
v -0.046718 0.000604 0.380883
v -0.046710 0.005691 0.382717
v -0.046639 0.110952 0.376549
v -0.046656 0.013956 0.372938
v -0.046638 0.018710 0.382587
v -0.046626 -0.000558 0.374334
v -0.046601 0.020891 0.374419
v -0.046629 0.023064 0.353048
v -0.046509 0.109961 0.388137
v -0.046443 0.003701 0.382296
v -0.046439 0.030209 0.364735
v -0.046420 0.058518 0.373724
v -0.046402 0.057486 0.373760
v -0.046395 0.001600 0.381591
v -0.046388 0.058314 0.372469
v -0.046306 0.055273 0.373000
v -0.046303 0.055262 0.370584
v -0.046285 0.024274 0.353512
v -0.046251 0.055299 0.372321
v -0.046248 0.053880 0.370407
v -0.046238 0.025859 0.353979
v -0.046224 0.032558 0.362781
v -0.046188 0.053979 0.371700
v -0.046145 0.102717 0.387113
v -0.046164 0.026143 0.365165
v -0.046114 0.031626 0.364479
v -0.046099 0.020591 0.373973
v -0.046088 0.053477 0.369001
v -0.046039 0.111851 0.388049
v -0.046080 0.030951 0.357482
v -0.046054 0.052565 0.368979
v -0.046036 0.054507 0.372623
v -0.046021 0.025375 0.378660
v -0.046019 0.052468 0.366990
v -0.045957 0.101143 0.379071
v -0.045964 0.024059 0.375807
v -0.045959 0.052673 0.370278
v -0.045945 0.060436 0.373052
v -0.045939 0.053882 0.367010
v -0.045930 0.000189 0.376092
v -0.045921 0.060458 0.371830
v -0.045912 0.028024 0.355098
v -0.045844 0.113503 0.378162
v -0.045825 0.112330 0.377106
v -0.045804 0.011754 0.372620
v -0.045727 0.113765 0.387203
v -0.045735 0.022839 0.382312
v -0.045738 0.055663 0.366198
v -0.045720 0.019755 0.373661
v -0.045693 0.018546 0.383135
v -0.045691 0.057894 0.374956
v -0.045712 0.033021 0.360707
v -0.045680 0.052757 0.371589
v -0.045668 0.021034 0.382979
v -0.045666 0.056638 0.374904
v -0.045669 0.024102 0.375017
v -0.045666 0.030046 0.365861
v -0.045644 0.002655 0.373788
v -0.045617 0.108217 0.376073
v -0.045625 0.025247 0.381313
v -0.045629 0.058027 0.367832
v -0.045613 0.060398 0.374169
v -0.045584 0.002860 0.381205
v -0.045588 0.017590 0.373246
v -0.045580 0.051446 0.368804
v -0.045580 0.051288 0.366750
v -0.045526 0.059558 0.374804
v -0.045505 0.052001 0.370604
v -0.045494 0.004183 0.381863
v -0.045522 0.029013 0.355350
v -0.045508 0.052190 0.362285
v -0.045504 0.051199 0.364044
v -0.045505 0.028354 0.366144
v -0.045455 0.105473 0.387868
v -0.045451 0.114729 0.382720
v -0.045416 0.050400 0.365525
v -0.045394 0.053507 0.373492
v -0.045392 0.054712 0.374659
v -0.045359 0.100252 0.380806
v -0.045383 0.050161 0.363537
v -0.045387 0.023177 0.353180
v -0.045324 0.101501 0.386323
v -0.045337 0.023991 0.374329
v -0.045328 0.050902 0.368305
v -0.045334 0.033117 0.359102
v -0.045317 0.023929 0.364620
v -0.045267 0.101675 0.377157
v -0.045292 0.024464 0.353425
v -0.045236 0.021876 0.363442
v -0.045197 0.003574 0.381519
v -0.045144 0.005444 0.372949
v -0.045133 0.002738 0.380396
v -0.045138 0.024915 0.374480
v -0.045147 0.031917 0.366457
v -0.045151 0.052424 0.358753
v -0.045099 0.114036 0.386544
v -0.045127 0.027661 0.377164
v -0.045114 0.062086 0.371791
v -0.045109 0.056737 0.362916
v -0.045110 0.049656 0.363493
v -0.045086 0.017355 0.383365
v -0.045060 0.061996 0.372960
v -0.045076 0.054559 0.358829
v -0.045053 0.004757 0.373120
v -0.045033 0.028344 0.379913
v -0.045055 0.050651 0.359054
v -0.045035 0.002677 0.374911
v -0.045003 0.113307 0.378729
v -0.044994 0.114179 0.381080
v -0.044976 0.112441 0.377759
v -0.044954 0.099976 0.383801
v -0.044972 0.051571 0.370089
v -0.044939 0.033693 0.365665
v -0.044914 0.009491 0.372757
v -0.044926 0.055483 0.359080
v -0.044872 0.052784 0.372646
v -0.044871 0.050387 0.367446
v -0.044877 0.050055 0.359547
v -0.044848 0.060385 0.374916
v -0.044826 0.099696 0.382454
v -0.044846 0.051144 0.358527
v -0.044820 0.022566 0.373771
v -0.044808 0.058787 0.364813
v -0.044767 0.100319 0.385300
v -0.044785 0.061555 0.374074
v -0.044767 0.007540 0.382733
v -0.044759 0.056507 0.375298
v -0.044755 0.049982 0.365707
v -0.044745 0.024264 0.374023
v -0.044718 0.111234 0.377070
v -0.044754 0.020031 0.361048
v -0.044649 0.062461 0.371768
v -0.044650 0.049206 0.362159
v -0.044589 0.052269 0.372424
v -0.044585 0.062366 0.372942
v -0.044567 0.102756 0.376347
v -0.044584 0.049241 0.360890
v -0.044567 0.028176 0.375724
v -0.044558 0.027061 0.382368
v -0.044525 0.005958 0.381814
v -0.044522 0.004766 0.381082
v -0.044537 0.052478 0.357793
v -0.044475 0.103259 0.387565
v -0.044503 0.016277 0.372955
v -0.044486 0.049622 0.365646
v -0.044447 0.114312 0.383908
v -0.044476 0.005358 0.373627
v -0.044483 0.054406 0.357763
v -0.044443 0.011058 0.383021
v -0.044449 0.030342 0.356104
v -0.044433 0.050325 0.358776
v -0.044403 0.062214 0.373670
v -0.044372 0.057035 0.375771
v -0.044330 0.058582 0.375761
v -0.044324 0.050694 0.358088
v -0.044285 0.100098 0.378045
v -0.044303 0.057548 0.359652
v -0.044300 0.049569 0.359090
v -0.044289 0.055889 0.357895
v -0.044269 0.060117 0.365159
v -0.044256 0.053658 0.374580
v -0.044253 0.035292 0.363857
v -0.044253 0.034302 0.359791
v -0.044238 0.057139 0.358764
v -0.044235 0.056225 0.358382
v -0.044175 0.061292 0.367538
v -0.044175 0.058685 0.361985
v -0.044145 0.056191 0.375702
v -0.044138 0.031316 0.378446
v -0.044109 0.101743 0.387129
v -0.044120 0.028339 0.374796
v -0.044101 0.062131 0.368934
v -0.044098 0.058315 0.360585
v -0.044065 0.026423 0.383055
v -0.044069 0.059681 0.363339
v -0.044054 0.008348 0.373148
v -0.044043 0.004216 0.378661
v -0.044038 0.024566 0.353617
v -0.044025 0.035726 0.362180
v -0.044005 0.028193 0.374339
v -0.044000 0.033513 0.367203
v -0.043940 0.113453 0.386992
v -0.043970 0.020987 0.373323
v -0.043956 0.022034 0.383522
v -0.043943 0.013547 0.372672
v -0.043905 0.112323 0.387561
v -0.043889 0.049842 0.366370
v -0.043879 0.051272 0.370336
v -0.043904 0.026655 0.354020
v -0.043867 0.004409 0.377161
v -0.043857 0.006365 0.381520
v -0.043880 0.055955 0.358018
v -0.043850 0.027111 0.366729
v -0.043837 0.049061 0.363414
v -0.043840 0.052495 0.357676
v -0.043836 0.035267 0.360699
v -0.043832 0.055056 0.357691
v -0.043811 0.029129 0.374493
v -0.043790 0.103103 0.376102
v -0.043816 0.048905 0.362128
v -0.043804 0.048967 0.360874
v -0.043803 0.050166 0.358659
v -0.043798 0.057904 0.359337
v -0.043776 0.052546 0.373234
v -0.043783 0.032017 0.367858
v -0.043794 0.033338 0.357785
v -0.043763 0.007817 0.373267
v -0.043765 0.056634 0.358146
v -0.043736 0.016407 0.383512
v -0.043730 0.032173 0.381075
v -0.043704 0.099985 0.386229
v -0.043722 0.005244 0.374602
v -0.043713 0.062635 0.372930
v -0.043706 0.062800 0.371735
v -0.043731 0.029037 0.354935
v -0.043698 0.062274 0.373827
v -0.043691 0.061869 0.374351
v -0.043713 0.051496 0.357987
v -0.043686 0.061316 0.374823
v -0.043685 0.060378 0.375308
v -0.043677 0.055385 0.375607
v -0.043660 0.010521 0.382745
v -0.043659 0.062690 0.370508
v -0.043637 0.031050 0.382185
v -0.043636 0.050711 0.358102
v -0.043618 0.057461 0.358806
v -0.043565 0.100949 0.376656
v -0.043565 0.010611 0.373070
v -0.043556 0.030442 0.375132
v -0.043570 0.032032 0.356925
v -0.043534 0.006366 0.374038
v -0.043532 0.036325 0.365254
v -0.043522 0.008710 0.373181
v -0.043491 0.113275 0.379575
v -0.043519 0.022137 0.363026
v -0.043509 0.058993 0.361131
v -0.043478 0.029022 0.374352
v -0.043481 0.060375 0.363844
v -0.043408 0.025017 0.365560
v -0.043293 0.098157 0.381925
v -0.043314 0.049658 0.365492
v -0.043325 0.034440 0.358778
v -0.043284 0.109537 0.376628
v -0.043291 0.033103 0.376376
v -0.043283 0.035373 0.367278
v -0.043263 0.009513 0.382155
v -0.043261 0.008075 0.373799
v -0.043243 0.056535 0.375767
v -0.043242 0.049559 0.359099
v -0.043233 0.055948 0.357980
v -0.043223 0.057997 0.359241
v -0.043201 0.025563 0.373480
v -0.043192 0.049426 0.359933
v -0.043171 0.006134 0.375825
v -0.043150 0.026462 0.366550
v -0.043120 0.098195 0.379832
v -0.043112 0.098085 0.383638
v -0.043136 0.030986 0.368499
v -0.043130 0.051484 0.357981
v -0.043104 0.034941 0.379786
v -0.043078 0.112177 0.378184
v -0.043042 0.015790 0.373023
v -0.042995 0.062030 0.367172
v -0.042982 0.030707 0.355871
v -0.042955 0.029694 0.368260
v -0.042972 0.026888 0.354192
v -0.042900 0.021089 0.360987
v -0.042870 0.007301 0.380200
v -0.042848 0.031243 0.383317
v -0.042869 0.050137 0.358833
v -0.042867 0.021434 0.361812
v -0.042856 0.034456 0.368618
v -0.042818 0.098242 0.385024
v -0.042838 0.030598 0.374332
v -0.042795 0.112656 0.386976
v -0.042785 0.113407 0.385363
v -0.042809 0.049193 0.360860
v -0.042805 0.058301 0.359933
v -0.042786 0.049372 0.363306
v -0.042792 0.051144 0.358285
v -0.042741 0.049746 0.359552
v -0.042677 0.099755 0.386861
v -0.042684 0.010548 0.373546
v -0.042658 0.026896 0.383809
v -0.042637 0.110730 0.377346
v -0.042671 0.035927 0.359792
v -0.042621 0.059483 0.361682
v -0.042564 0.062588 0.372936
v -0.042560 0.062240 0.373830
v -0.042558 0.062748 0.371727
v -0.042539 0.028894 0.373807
v -0.042534 0.062568 0.369827
v -0.042516 0.035677 0.382003
v -0.042517 0.061299 0.374849
v -0.042489 0.106943 0.388039
v -0.042493 0.009695 0.381367
v -0.042501 0.051933 0.370618
v -0.042481 0.033063 0.374813
v -0.042505 0.029513 0.355250
v -0.042468 0.051243 0.368405
v -0.042455 0.059927 0.375522
v -0.042455 0.053624 0.374715
v -0.042432 0.112869 0.380393
v -0.042423 0.112876 0.386384
v -0.042446 0.036961 0.378359
v -0.042411 0.049698 0.363721
v -0.042377 0.098803 0.377276
v -0.042379 0.055030 0.375709
v -0.042367 0.103726 0.375930
v -0.042373 0.057856 0.376039
v -0.042360 0.008804 0.374239
v -0.042370 0.034064 0.357764
v -0.042343 0.019555 0.373176
v -0.042333 0.035722 0.375658
v -0.042329 0.036047 0.369258
v -0.042315 0.032460 0.369512
v -0.042307 0.008416 0.374961
v -0.042313 0.057034 0.359158
v -0.042308 0.049548 0.362786
v -0.042310 0.049519 0.360177
v -0.042282 0.037265 0.360919
v -0.042219 0.097788 0.378325
v -0.042248 0.050466 0.359006
v -0.042235 0.059474 0.361849
v -0.042196 0.038546 0.363643
v -0.042147 0.098458 0.386245
v -0.042182 0.058278 0.360371
v -0.042151 0.030736 0.383834
v -0.042156 0.013035 0.373241
v -0.042137 0.050085 0.359756
v -0.042119 0.051220 0.358829
v -0.042098 0.057521 0.359883
v -0.042054 0.107374 0.376242
v -0.042039 0.113174 0.382131
v -0.042069 0.033859 0.369845
v -0.042022 0.101511 0.387658
v -0.042039 0.038348 0.381050
v -0.042028 0.024138 0.383905
v -0.042037 0.032857 0.374019
v -0.042039 0.054412 0.358694
v -0.042032 0.050325 0.363698
v -0.042025 0.058762 0.361535
v -0.042019 0.052470 0.358663
v -0.042000 0.008679 0.378607
v -0.041999 0.051327 0.367257
v -0.041983 0.036009 0.382921
v -0.041969 0.037029 0.369048
v -0.041935 0.016385 0.373247
v -0.041899 0.038207 0.367757
v -0.041851 0.096453 0.381701
v -0.041879 0.025528 0.365839
v -0.041840 0.011601 0.374022
v -0.041817 0.062084 0.368175
v -0.041796 0.014334 0.382925
v -0.041795 0.030641 0.373694
v -0.041771 0.031772 0.369889
v -0.041743 0.053714 0.374701
v -0.041750 0.035622 0.370014
v -0.041740 0.024705 0.373268
v -0.041706 0.017781 0.383386
v -0.041602 0.009441 0.377365
v -0.041579 0.028727 0.368306
v -0.041537 0.034878 0.374144
v -0.041510 0.033627 0.373834
v -0.041482 0.099874 0.376261
v -0.041468 0.096502 0.384750
v -0.041459 0.109681 0.388009
v -0.041486 0.052317 0.369602
v -0.041471 0.010337 0.375731
v -0.041481 0.032748 0.356684
v -0.041440 0.012965 0.381947
v -0.041434 0.051944 0.366648
v -0.041430 0.051676 0.364274
v -0.041406 0.052665 0.371225
v -0.041359 0.102988 0.387957
v -0.041380 0.056524 0.376052
v -0.041386 0.029716 0.373321
v -0.041395 0.051253 0.362168
v -0.041376 0.055128 0.360123
v -0.041336 0.110963 0.378157
v -0.041340 0.053216 0.372974
v -0.041336 0.033122 0.370795
v -0.041329 0.053810 0.360044
v -0.041319 0.039291 0.362066
v -0.041293 0.061673 0.374050
v -0.041266 0.095769 0.383526
v -0.041286 0.036690 0.374437
v -0.041267 0.041508 0.379509
v -0.041254 0.040299 0.382265
v -0.041225 0.036099 0.383864
v -0.041228 0.011802 0.374770
v -0.041205 0.015438 0.373625
v -0.041219 0.036281 0.358792
v -0.041177 0.095571 0.380989
v -0.041177 0.051904 0.361458
v -0.041150 0.054344 0.374955
v -0.041148 0.055144 0.375650
v -0.041134 0.030138 0.373381
v -0.041136 0.038675 0.360651
v -0.041099 0.055726 0.375887
v -0.041064 0.098353 0.376627
v -0.041063 0.039998 0.375829
v -0.041037 0.053837 0.374218
v -0.041023 0.027969 0.367781
v -0.040983 0.060967 0.374702
v -0.040979 0.011791 0.379921
v -0.040976 0.059053 0.363931
v -0.040957 0.052935 0.366446
v -0.040951 0.028765 0.373209
v -0.040922 0.041562 0.377292
v -0.040910 0.059042 0.375774
v -0.040873 0.098724 0.387132
v -0.040906 0.037996 0.359983
v -0.040871 0.013984 0.374248
v -0.040853 0.030375 0.384204
v -0.040842 0.061958 0.373346
v -0.040846 0.060981 0.366891
v -0.040835 0.053128 0.369470
v -0.040801 0.095335 0.379582
v -0.040802 0.062062 0.371595
v -0.040813 0.056524 0.363334
v -0.040805 0.054768 0.363145
v -0.040750 0.111941 0.386892
v -0.040777 0.032285 0.371338
v -0.040746 0.031654 0.373334
v -0.040744 0.035656 0.357911
v -0.040695 0.111392 0.387070
v -0.040711 0.034298 0.372930
v -0.040706 0.033121 0.372049
v -0.040700 0.031556 0.370242
v -0.040692 0.037083 0.373415
v -0.040675 0.096098 0.377982
v -0.040687 0.035650 0.372937
v -0.040672 0.043728 0.381155
v -0.040678 0.053732 0.365724
v -0.040666 0.035006 0.371834
v -0.040662 0.037090 0.371362
v -0.040666 0.054235 0.364431
v -0.040660 0.018523 0.373309
v -0.040631 0.032889 0.373123
v -0.040619 0.017570 0.382989
v -0.040572 0.053702 0.368486
v -0.040567 0.053421 0.371612
v -0.040509 0.061851 0.372458
v -0.040479 0.111129 0.378980
v -0.040473 0.023379 0.383982
v -0.040439 0.041533 0.383403
v -0.040450 0.030279 0.372547
v -0.040414 0.014244 0.381215
v -0.040372 0.035353 0.384306
v -0.040374 0.059017 0.366232
v -0.040328 0.095989 0.386043
v -0.040331 0.023679 0.373354
v -0.040300 0.094175 0.382713
v -0.040302 0.042075 0.375917
v -0.040247 0.110502 0.387420
v -0.040236 0.045272 0.378603
v -0.040241 0.031428 0.372365
v -0.040224 0.016202 0.374138
v -0.040170 0.056930 0.366177
v -0.040166 0.039964 0.370186
v -0.040161 0.032347 0.373155
v -0.040151 0.057419 0.376148
v -0.040144 0.013132 0.378655
v -0.040141 0.038368 0.371452
v -0.040121 0.031769 0.371814
v -0.040072 0.046559 0.379881
v -0.040071 0.031311 0.370361
v -0.040029 0.099810 0.387619
v -0.040037 0.039831 0.384284
v -0.040037 0.045581 0.382403
v -0.039985 0.096213 0.377070
v -0.039990 0.016953 0.382192
v -0.040000 0.055099 0.368609
v -0.039972 0.013502 0.377259
v -0.039988 0.023532 0.361981
v -0.039973 0.056019 0.367427
v -0.039953 0.038823 0.372581
v -0.039943 0.054287 0.371818
v -0.039895 0.096300 0.386876
v -0.039912 0.061149 0.373093
v -0.039856 0.054706 0.370306
v -0.039806 0.093297 0.381661
v -0.039815 0.054049 0.373168
v -0.039810 0.054204 0.374320
v -0.039803 0.060742 0.373971
v -0.039771 0.094339 0.385212
v -0.039773 0.032704 0.356404
v -0.039742 0.021850 0.383597
v -0.039727 0.014460 0.375442
v -0.039721 0.016022 0.374465
v -0.039698 0.015976 0.381663
v -0.039692 0.014891 0.380499
v -0.039696 0.034611 0.357288
v -0.039688 0.023438 0.360748
v -0.039668 0.030573 0.371515
v -0.039636 0.111416 0.386401
v -0.039662 0.028838 0.373163
v -0.039660 0.030770 0.370047
v -0.039636 0.048502 0.381170
v -0.039613 0.060942 0.369894
v -0.039592 0.046669 0.377347
v -0.039589 0.041932 0.374394
v -0.039590 0.038811 0.371981
v -0.039581 0.060051 0.374996
v -0.039572 0.042661 0.367589
v -0.039550 0.040217 0.371715
v -0.039522 0.016917 0.374322
v -0.039484 0.099031 0.376022
v -0.039490 0.048612 0.378560
v -0.039500 0.042921 0.363283
v -0.039470 0.044619 0.375872
v -0.039426 0.111833 0.385540
v -0.039426 0.093562 0.378787
v -0.039456 0.036770 0.358117
v -0.039432 0.028556 0.368148
v -0.039411 0.054925 0.375386
v -0.039407 0.059111 0.369131
v -0.039397 0.057820 0.368910
v -0.039341 0.095843 0.386817
v -0.039367 0.043331 0.365486
v -0.039354 0.041089 0.373416
v -0.039341 0.055280 0.376821
v -0.039324 0.027499 0.367027
v -0.039332 0.038690 0.359365
v -0.039287 0.094306 0.377706
v -0.039283 0.050388 0.379652
v -0.039271 0.016997 0.374880
v -0.039244 0.104688 0.376080
v -0.039237 0.092741 0.384395
v -0.039191 0.035364 0.384649
v -0.039179 0.045128 0.384210
v -0.039182 0.057171 0.369887
v -0.039160 0.048181 0.383437
v -0.039157 0.059197 0.375691
v -0.039127 0.111730 0.384417
v -0.039133 0.020843 0.382932
v -0.039081 0.091988 0.380578
v -0.039094 0.056243 0.370785
v -0.039083 0.056505 0.376752
v -0.039077 0.040461 0.360364
v -0.038990 0.042794 0.369859
v -0.038978 0.016869 0.375719
v -0.038960 0.030008 0.384493
v -0.038966 0.028820 0.373308
v -0.038950 0.051238 0.382305
v -0.038933 0.109608 0.378138
v -0.038936 0.051576 0.378135
v -0.038905 0.091582 0.383407
v -0.038877 0.022959 0.373852
v -0.038868 0.054800 0.374879
v -0.038844 0.020555 0.374163
v -0.038816 0.019805 0.382243
v -0.038805 0.040324 0.384781
v -0.038799 0.052978 0.380722
v -0.038788 0.050271 0.377057
v -0.038764 0.043763 0.384701
v -0.038774 0.042437 0.372933
v -0.038745 0.091017 0.382353
v -0.038758 0.055414 0.372133
v -0.038763 0.042271 0.361553
v -0.038716 0.053620 0.378737
v -0.038687 0.027249 0.373514
v -0.038665 0.057755 0.376048
v -0.038640 0.094642 0.386880
v -0.038654 0.053722 0.377323
v -0.038614 0.093740 0.386330
v -0.038629 0.042449 0.371618
v -0.038620 0.052400 0.376950
v -0.038587 0.096555 0.387434
v -0.038605 0.060275 0.371850
v -0.038599 0.053852 0.376090
v -0.038598 0.017555 0.376966
v -0.038586 0.060367 0.373160
v -0.038555 0.110654 0.386920
v -0.038578 0.060190 0.374148
v -0.038565 0.056769 0.376230
v -0.038540 0.111192 0.385484
v -0.038559 0.058999 0.375859
v -0.038515 0.019272 0.381373
v -0.038518 0.048511 0.375966
v -0.038517 0.044671 0.374266
v -0.038502 0.091333 0.379313
v -0.038489 0.053946 0.375377
v -0.038487 0.054099 0.374653
v -0.038472 0.095621 0.376394
v -0.038441 0.056741 0.371863
v -0.038429 0.026474 0.365237
v -0.038404 0.030719 0.371864
v -0.038342 0.108937 0.387689
v -0.038359 0.027324 0.384141
v -0.038368 0.059232 0.371517
v -0.038365 0.058017 0.371591
v -0.038365 0.034495 0.357284
v -0.038330 0.018632 0.375417
v -0.038335 0.025527 0.363634
v -0.038324 0.030253 0.373383
v -0.038316 0.058107 0.376865
v -0.038327 0.030692 0.369930
v -0.038335 0.035488 0.357463
v -0.038317 0.020319 0.374576
v -0.038267 0.107401 0.387995
v -0.038280 0.056771 0.377141
v -0.038248 0.093425 0.377106
v -0.038242 0.043508 0.371539
v -0.038221 0.056472 0.378588
v -0.038204 0.091749 0.378110
v -0.038208 0.054262 0.373547
v -0.038176 0.047484 0.384840
v -0.038147 0.109869 0.387120
v -0.038156 0.050674 0.384392
v -0.038159 0.043006 0.372236
v -0.038155 0.050924 0.375863
v -0.038121 0.089189 0.381967
v -0.038132 0.021230 0.374442
v -0.038109 0.057212 0.379700
v -0.038086 0.056616 0.381729
v -0.038083 0.057983 0.378040
v -0.038074 0.089477 0.380376
v -0.038083 0.052339 0.375846
v -0.038076 0.046828 0.374792
v -0.038051 0.031146 0.373278
v -0.038051 0.031225 0.372718
v -0.038034 0.043781 0.372815
v -0.038018 0.022924 0.382821
v -0.037982 0.089052 0.383495
v -0.037994 0.059341 0.377058
v -0.037978 0.110324 0.379877
v -0.037986 0.055114 0.383365
v -0.037971 0.094191 0.386970
v -0.037952 0.060160 0.375797
v -0.037952 0.055176 0.373091
v -0.037940 0.020936 0.375023
v -0.037911 0.099185 0.387770
v -0.037902 0.089744 0.384728
v -0.037901 0.107227 0.376967
v -0.037929 0.033167 0.357130
v -0.037902 0.039132 0.359055
v -0.037864 0.020220 0.380301
v -0.037866 0.044971 0.373160
v -0.037847 0.022116 0.382195
v -0.037835 0.059958 0.372731
v -0.037806 0.091323 0.385902
v -0.037811 0.025383 0.383446
v -0.037784 0.040798 0.359831
v -0.037738 0.089361 0.379074
v -0.037742 0.023830 0.374295
v -0.037686 0.030416 0.369734
v -0.037646 0.050663 0.375134
v -0.037645 0.052465 0.374975
v -0.037570 0.046003 0.385206
v -0.037535 0.060596 0.378431
v -0.037503 0.086868 0.381413
v -0.037494 0.031357 0.370873
v -0.037458 0.087432 0.380046
v -0.037468 0.026087 0.374117
v -0.037458 0.060866 0.377123
v -0.037450 0.060161 0.382470
v -0.037448 0.045106 0.371650
v -0.037386 0.086387 0.383030
v -0.037392 0.023361 0.374679
v -0.037374 0.048957 0.374682
v -0.037336 0.022656 0.381539
v -0.037293 0.089154 0.378153
v -0.037292 0.062324 0.380599
v -0.037264 0.046475 0.373546
v -0.037243 0.059330 0.372589
v -0.037201 0.050949 0.385514
v -0.037189 0.056669 0.372645
v -0.037158 0.091840 0.386863
v -0.037152 0.086568 0.384480
v -0.037168 0.021573 0.376915
v -0.037157 0.052542 0.374376
v -0.037141 0.090415 0.377349
v -0.037126 0.030322 0.373555
v -0.037088 0.056754 0.384665
v -0.037066 0.061067 0.383637
v -0.037080 0.031645 0.371693
v -0.037065 0.031884 0.384458
v -0.037071 0.031500 0.373164
v -0.037053 0.022296 0.375968
v -0.037043 0.058068 0.372417
v -0.037028 0.084664 0.380606
v -0.037000 0.041493 0.385222
v -0.036980 0.083679 0.382206
v -0.036973 0.086329 0.379027
v -0.036980 0.059926 0.373473
v -0.036972 0.046638 0.363414
v -0.036943 0.064409 0.382437
v -0.036943 0.022762 0.375509
v -0.036952 0.045680 0.362361
v -0.036941 0.046963 0.369774
v -0.036935 0.047294 0.364572
v -0.036871 0.093827 0.387253
v -0.036890 0.050213 0.374594
v -0.036886 0.046658 0.371940
v -0.036867 0.061914 0.376725
v -0.036861 0.062944 0.377523
v -0.036844 0.064368 0.378636
v -0.036850 0.055081 0.373247
v -0.036866 0.037772 0.358355
v -0.036781 0.025548 0.382985
v -0.036753 0.109480 0.387076
v -0.036770 0.025548 0.374484
v -0.036746 0.087398 0.385751
v -0.036749 0.067483 0.381139
v -0.036733 0.091529 0.376640
v -0.036735 0.046807 0.373030
v -0.036730 0.060663 0.375793
v -0.036710 0.082794 0.383839
v -0.036699 0.066765 0.379673
v -0.036680 0.089179 0.386401
v -0.036693 0.031545 0.370443
v -0.036661 0.109660 0.386443
v -0.036671 0.080612 0.381327
v -0.036652 0.082794 0.379822
v -0.036642 0.080529 0.382777
v -0.036645 0.043905 0.360730
v -0.036627 0.026471 0.374397
v -0.036609 0.095191 0.376003
v -0.036600 0.068682 0.382562
v -0.036611 0.054064 0.373686
v -0.036564 0.091491 0.386979
v -0.036565 0.055724 0.385377
v -0.036560 0.065926 0.383712
v -0.036561 0.030057 0.384061
v -0.036557 0.087283 0.377755
v -0.036529 0.071710 0.381314
v -0.036520 0.060469 0.374739
v -0.036499 0.076053 0.381333
v -0.036490 0.077042 0.382602
v -0.036460 0.072834 0.382591
v -0.036470 0.047956 0.373350
v -0.036458 0.065269 0.377680
v -0.036450 0.070571 0.379898
v -0.036422 0.105130 0.388058
v -0.036424 0.079188 0.379969
v -0.036422 0.050918 0.374151
v -0.036413 0.030141 0.373805
v -0.036396 0.063086 0.384676
v -0.036401 0.052484 0.374065
v -0.036374 0.083800 0.385208
v -0.036386 0.025236 0.375254
v -0.036382 0.026414 0.374841
v -0.036369 0.074801 0.380068
v -0.036363 0.078340 0.383795
v -0.036378 0.030925 0.369611
v -0.036329 0.098035 0.375822
v -0.036319 0.070163 0.383734
v -0.036315 0.023851 0.378976
v -0.036307 0.059304 0.373129
v -0.036304 0.024561 0.375843
v -0.036262 0.074180 0.383735
v -0.036242 0.049291 0.373624
v -0.036252 0.041309 0.359633
v -0.036216 0.082684 0.378404
v -0.036214 0.028708 0.383349
v -0.036203 0.068817 0.378179
v -0.036181 0.037231 0.385048
v -0.036192 0.045274 0.361347
v -0.036162 0.073350 0.378909
v -0.036127 0.107597 0.377678
v -0.036112 0.077455 0.378801
v -0.036105 0.079876 0.384868
v -0.036099 0.048702 0.368590
v -0.036093 0.047869 0.371721
v -0.036053 0.088350 0.376920
v -0.036037 0.060238 0.385400
v -0.036030 0.068218 0.384714
v -0.036023 0.061500 0.375301
v -0.035985 0.071980 0.384588
v -0.035974 0.054362 0.385790
v -0.035979 0.031953 0.373254
v -0.035989 0.027066 0.362011
v -0.035979 0.037051 0.358353
v -0.035932 0.075625 0.384754
v -0.035921 0.065646 0.376719
v -0.035902 0.095990 0.387645
v -0.035910 0.032364 0.371524
v -0.035808 0.085337 0.377287
v -0.035779 0.079029 0.377819
v -0.035752 0.108448 0.387200
v -0.035747 0.081234 0.385707
v -0.035754 0.026546 0.381277
v -0.035739 0.084145 0.386162
v -0.035716 0.063224 0.375757
v -0.035689 0.074524 0.377644
v -0.035675 0.086321 0.386782
v -0.035637 0.028629 0.382612
v -0.035589 0.109500 0.381319
v -0.035601 0.025646 0.376807
v -0.035578 0.048797 0.371636
v -0.035577 0.032887 0.372640
v -0.035570 0.058642 0.373143
v -0.035554 0.026986 0.375538
v -0.035555 0.032953 0.371989
v -0.035537 0.050904 0.385952
v -0.035516 0.066391 0.385517
v -0.035499 0.034565 0.384475
v -0.035489 0.077476 0.385631
v -0.035508 0.029388 0.366705
v -0.035498 0.056555 0.373054
v -0.035499 0.028394 0.375258
v -0.035476 0.070563 0.376917
v -0.035469 0.081770 0.377254
v -0.035456 0.072328 0.385473
v -0.035455 0.074138 0.377021
v -0.035445 0.091325 0.376139
v -0.035438 0.031983 0.383864
v -0.035444 0.059387 0.373406
v -0.035428 0.060582 0.374152
v -0.035413 0.088915 0.376414
v -0.035406 0.049627 0.372860
v -0.035393 0.055202 0.373147
v -0.035383 0.053892 0.373297
v -0.035384 0.030494 0.374544
v -0.035385 0.049513 0.363833
v -0.035358 0.077754 0.377168
v -0.035345 0.027984 0.363593
v -0.035283 0.091835 0.387345
v -0.035283 0.049503 0.371726
v -0.035248 0.039662 0.359131
v -0.035227 0.050825 0.373216
v -0.035211 0.044544 0.360546
v -0.035114 0.031199 0.383259
v -0.035123 0.050044 0.370763
v -0.035057 0.042979 0.385446
v -0.035034 0.080086 0.386312
v -0.035011 0.052349 0.373355
v -0.035013 0.050802 0.366330
v -0.035005 0.032478 0.373822
v -0.034989 0.028859 0.365148
v -0.034954 0.068358 0.376091
v -0.034953 0.062530 0.374849
v -0.034946 0.075248 0.376666
v -0.034928 0.107385 0.387507
v -0.034888 0.054358 0.373207
v -0.034857 0.075454 0.386165
v -0.034863 0.065257 0.375512
v -0.034816 0.084653 0.376528
v -0.034819 0.032015 0.369765
v -0.034824 0.049452 0.362656
v -0.034790 0.079492 0.376627
v -0.034755 0.107754 0.378450
v -0.034739 0.084447 0.386855
v -0.034751 0.029373 0.376234
v -0.034745 0.028762 0.377012
v -0.034748 0.050680 0.371850
v -0.034720 0.108500 0.386607
v -0.034731 0.033293 0.372939
v -0.034669 0.071840 0.376217
v -0.034646 0.064096 0.386145
v -0.034653 0.033178 0.371497
v -0.034624 0.070676 0.386203
v -0.034578 0.099763 0.387946
v -0.034498 0.109024 0.384420
v -0.034502 0.053359 0.373250
v -0.034500 0.037868 0.359060
v -0.034497 0.047111 0.361092
v -0.034454 0.033245 0.374145
v -0.034438 0.052826 0.373177
v -0.034424 0.048789 0.385915
v -0.034384 0.042950 0.359934
v -0.034344 0.032066 0.382543
v -0.034348 0.031155 0.375911
v -0.034324 0.029804 0.378584
v -0.034281 0.087259 0.376125
v -0.034274 0.073700 0.375913
v -0.034243 0.051845 0.370826
v -0.034242 0.029321 0.362231
v -0.034216 0.059509 0.373550
v -0.034218 0.049906 0.362045
v -0.034204 0.058557 0.373153
v -0.034156 0.101419 0.376196
v -0.034143 0.076824 0.376165
v -0.034132 0.040366 0.385140
v -0.034144 0.051652 0.363515
v -0.034124 0.034133 0.374489
v -0.034115 0.030953 0.381033
v -0.034110 0.092250 0.375890
v -0.034110 0.057834 0.373157
v -0.034110 0.052453 0.371994
v -0.034113 0.049084 0.361763
v -0.034046 0.033175 0.375083
v -0.034007 0.035354 0.384177
v -0.034013 0.056462 0.372947
v -0.034001 0.053666 0.372282
v -0.033978 0.088101 0.387306
v -0.033974 0.076303 0.386709
v -0.033951 0.061247 0.374067
v -0.033945 0.052455 0.369754
v -0.033888 0.080071 0.376125
v -0.033878 0.068271 0.375390
v -0.033873 0.034234 0.371782
v -0.033845 0.031489 0.377202
v -0.033782 0.064167 0.374705
v -0.033672 0.107882 0.387024
v -0.033648 0.071959 0.375633
v -0.033606 0.054906 0.372145
v -0.033580 0.034627 0.374802
v -0.033492 0.069384 0.386781
v -0.033474 0.098229 0.375961
v -0.033462 0.108242 0.385636
v -0.033453 0.104064 0.376737
v -0.033428 0.058524 0.373292
v -0.033357 0.053359 0.370250
v -0.033325 0.032265 0.368482
v -0.033223 0.034175 0.371116
v -0.033218 0.046371 0.360596
v -0.033180 0.108248 0.382573
v -0.033171 0.053753 0.364774
v -0.033154 0.087659 0.375886
v -0.033079 0.081793 0.387190
v -0.033072 0.107263 0.387249
v -0.033072 0.051473 0.362045
v -0.033038 0.052920 0.363107
v -0.033020 0.036681 0.383320
v -0.032995 0.082722 0.375881
v -0.032984 0.035325 0.372976
v -0.032972 0.053271 0.363702
v -0.032940 0.033854 0.380022
v -0.032916 0.057243 0.386597
v -0.032916 0.035734 0.382400
v -0.032883 0.049850 0.386020
v -0.032879 0.059057 0.373406
v -0.032858 0.102396 0.388030
v -0.032841 0.034038 0.376950
v -0.032841 0.035375 0.375631
v -0.032833 0.035936 0.373153
v -0.032798 0.048927 0.360935
v -0.032745 0.093335 0.387733
v -0.032734 0.075317 0.375573
v -0.032730 0.034531 0.377923
v -0.032727 0.070035 0.375178
v -0.032676 0.055177 0.371531
v -0.032639 0.105499 0.387725
v -0.032646 0.041646 0.384774
v -0.032534 0.039447 0.384052
v -0.032517 0.055095 0.368918
v -0.032507 0.066095 0.374688
v -0.032497 0.064598 0.386861
v -0.032511 0.056291 0.371890
v -0.032496 0.036560 0.374443
v -0.032481 0.057549 0.372426
v -0.032480 0.058133 0.373284
v -0.032481 0.055084 0.370273
v -0.032454 0.045468 0.385436
v -0.032387 0.062204 0.374026
v -0.032339 0.105290 0.377228
v -0.032292 0.106046 0.378061
v -0.032286 0.106838 0.379109
v -0.032268 0.106354 0.387379
v -0.032262 0.107397 0.380536
v -0.032255 0.092932 0.375897
v -0.032216 0.073653 0.387082
v -0.032238 0.053585 0.363184
v -0.032191 0.054417 0.363920
v -0.032120 0.107221 0.386456
v -0.032115 0.036679 0.376653
v -0.032072 0.037064 0.375500
v -0.031922 0.036401 0.372560
v -0.031895 0.056152 0.370254
v -0.031847 0.038234 0.381788
v -0.031802 0.087491 0.387572
v -0.031704 0.052546 0.361995
v -0.031592 0.033666 0.368130
v -0.031541 0.038553 0.375943
v -0.031468 0.085674 0.375738
v -0.031465 0.046078 0.360436
v -0.031430 0.040960 0.383505
v -0.031385 0.043067 0.384393
v -0.031388 0.057010 0.370224
v -0.031381 0.038044 0.374517
v -0.031360 0.051190 0.386037
v -0.031297 0.056649 0.364725
v -0.031283 0.054693 0.363277
v -0.031266 0.050335 0.361097
v -0.031253 0.057364 0.366196
v -0.031243 0.059842 0.373472
v -0.031205 0.106409 0.386916
v -0.031165 0.046784 0.385301
v -0.031150 0.078935 0.375504
v -0.031153 0.035765 0.370848
v -0.031141 0.058094 0.372965
v -0.031108 0.064029 0.374234
v -0.031009 0.079722 0.387460
v -0.031017 0.074394 0.375240
v -0.030957 0.103463 0.387948
v -0.030970 0.069259 0.374849
v -0.030975 0.057693 0.370210
v -0.030946 0.037947 0.373345
v -0.030918 0.039934 0.377459
v -0.030897 0.061607 0.373751
v -0.030861 0.057798 0.371976
v -0.030819 0.051486 0.361496
v -0.030659 0.103413 0.377113
v -0.030651 0.039984 0.375750
v -0.030524 0.056933 0.386698
v -0.030481 0.037626 0.372313
v -0.030427 0.062122 0.386981
v -0.030409 0.050863 0.361339
v -0.030408 0.045488 0.360838
v -0.030368 0.057806 0.365225
v -0.030278 0.054343 0.362544
v -0.030229 0.058270 0.372633
v -0.030191 0.047879 0.384931
v -0.030171 0.041845 0.376852
v -0.030110 0.045374 0.383738
v -0.030109 0.082042 0.375586
v -0.030121 0.056371 0.363365
v -0.030086 0.052426 0.385944
v -0.030045 0.043162 0.381345
v -0.030009 0.042446 0.376305
v -0.030010 0.057352 0.364299
v -0.029967 0.058831 0.371881
v -0.029956 0.059515 0.369685
v -0.029945 0.059010 0.372750
v -0.029941 0.041463 0.375657
v -0.029933 0.061902 0.373937
v -0.029937 0.052159 0.361529
v -0.029892 0.100747 0.376693
v -0.029872 0.096348 0.388016
v -0.029873 0.058125 0.364717
v -0.029822 0.043357 0.378635
v -0.029806 0.047436 0.384372
v -0.029809 0.043107 0.377139
v -0.029816 0.049510 0.361238
v -0.029787 0.059249 0.370600
v -0.029682 0.104209 0.377731
v -0.029672 0.039942 0.373809
v -0.029657 0.041093 0.361628
v -0.029626 0.106337 0.385778
v -0.029633 0.045272 0.382646
v -0.029616 0.064669 0.374308
v -0.029598 0.060272 0.373097
v -0.029586 0.043841 0.361302
v -0.029551 0.105086 0.378304
v -0.029541 0.096742 0.376316
v -0.029505 0.051584 0.385501
v -0.029489 0.075615 0.375272
v -0.029452 0.056414 0.386424
v -0.029149 0.105331 0.387252
v -0.029098 0.085479 0.375803
v -0.029057 0.105758 0.386156
v -0.029040 0.059788 0.371503
v -0.029023 0.060307 0.369344
v -0.028951 0.050994 0.384880
v -0.028948 0.043022 0.375317
v -0.028906 0.100787 0.388107
v -0.028877 0.073344 0.387422
v -0.028868 0.045609 0.377222
v -0.028875 0.048213 0.361247
v -0.028787 0.105677 0.381156
v -0.028760 0.037305 0.365016
v -0.028735 0.044794 0.376204
v -0.028730 0.060810 0.368082
v -0.028714 0.060729 0.369727
v -0.028680 0.068624 0.374833
v -0.028685 0.052230 0.361619
v -0.028648 0.055864 0.386059
v -0.028608 0.037022 0.368521
v -0.028552 0.060653 0.366898
v -0.028507 0.062270 0.373785
v -0.028483 0.105768 0.384871
v -0.028484 0.055758 0.362566
v -0.028448 0.038295 0.370860
v -0.028434 0.057768 0.363497
v -0.028398 0.046282 0.376071
v -0.028388 0.060533 0.372835
v -0.028375 0.047118 0.376832
v -0.028384 0.043281 0.362063
v -0.028366 0.059731 0.365134
v -0.028302 0.050718 0.383940
v -0.028288 0.048798 0.380609
v -0.028264 0.060394 0.371492
v -0.028240 0.048367 0.378437
v -0.028201 0.105058 0.379503
v -0.028160 0.064398 0.374430
v -0.028116 0.102811 0.387978
v -0.028053 0.102716 0.377231
v -0.028044 0.054962 0.385455
v -0.028031 0.050536 0.361801
v -0.027997 0.062103 0.386870
v -0.027977 0.061123 0.368728
v -0.027918 0.103972 0.378224
v -0.027880 0.060879 0.371020
v -0.027868 0.049091 0.376982
v -0.027831 0.038355 0.367147
v -0.027795 0.059570 0.386484
v -0.027696 0.060840 0.365872
v -0.027655 0.102052 0.377244
v -0.027652 0.047593 0.362144
v -0.027635 0.062464 0.374132
v -0.027609 0.045951 0.375298
v -0.027515 0.105251 0.382794
v -0.027499 0.104793 0.380223
v -0.027466 0.058238 0.363578
v -0.027443 0.051415 0.379628
v -0.027422 0.091228 0.387948
v -0.027311 0.060616 0.371998
v -0.027299 0.051052 0.376900
v -0.027281 0.056308 0.362780
v -0.027257 0.049024 0.375710
v -0.027252 0.052397 0.378629
v -0.027241 0.052806 0.382379
v -0.027248 0.054861 0.362541
v -0.027231 0.063684 0.374675
v -0.027105 0.076202 0.375526
v -0.027113 0.040747 0.365211
v -0.027084 0.102941 0.378114
v -0.027093 0.060486 0.373119
v -0.027085 0.052792 0.377120
v -0.027070 0.048093 0.375554
v -0.027027 0.051874 0.375997
v -0.027029 0.059841 0.364604
v -0.027012 0.062079 0.374688
v -0.027002 0.060969 0.371043
v -0.026962 0.059244 0.386012
v -0.026958 0.061532 0.370141
v -0.026931 0.103792 0.379055
v -0.026925 0.066449 0.374996
v -0.026914 0.098424 0.376917
v -0.026923 0.061449 0.366574
v -0.026918 0.046217 0.362962
v -0.026863 0.104632 0.386447
v -0.026871 0.060562 0.374151
v -0.026839 0.054128 0.362293
v -0.026829 0.061799 0.367707
v -0.026817 0.051011 0.362177
v -0.026759 0.103638 0.387698
v -0.026720 0.057246 0.385043
v -0.026683 0.059712 0.373573
v -0.026625 0.061893 0.368824
v -0.026617 0.040924 0.366559
v -0.026486 0.055346 0.377314
v -0.026479 0.052711 0.375829
v -0.026479 0.058303 0.363582
v -0.026355 0.044311 0.364255
v -0.026327 0.093414 0.376600
v -0.026320 0.069354 0.387425
v -0.026279 0.061339 0.374969
v -0.026257 0.055352 0.380320
v -0.026241 0.063601 0.375190
v -0.026239 0.053804 0.375623
v -0.026234 0.055860 0.378130
v -0.026213 0.104041 0.387055
v -0.026191 0.099964 0.388307
v -0.026164 0.057037 0.383826
v -0.026150 0.055197 0.375747
v -0.026137 0.054488 0.362939
v -0.026110 0.059273 0.374288
v -0.026104 0.061943 0.367280
v -0.026087 0.056515 0.376836
v -0.026064 0.056372 0.363108
v -0.026039 0.058108 0.376104
v -0.026029 0.059445 0.373208
v -0.026018 0.056547 0.375592
v -0.026007 0.045046 0.373256
v -0.026002 0.059485 0.375897
v -0.025979 0.096451 0.388333
v -0.025966 0.057423 0.376497
v -0.025931 0.057875 0.374729
v -0.025889 0.057844 0.363569
v -0.025870 0.060451 0.375781
v -0.025868 0.060681 0.371511
v -0.025854 0.063593 0.386647
v -0.025865 0.061558 0.366694
v -0.025819 0.087554 0.388027
v -0.025825 0.056840 0.374609
v -0.025809 0.102806 0.388136
v -0.025813 0.060588 0.365094
v -0.025776 0.061694 0.370095
v -0.025768 0.061105 0.365667
v -0.025758 0.058292 0.377153
v -0.025735 0.042143 0.370249
v -0.025732 0.059370 0.364332
v -0.025709 0.043614 0.372134
v -0.025658 0.104433 0.383978
v -0.025634 0.104363 0.385329
v -0.025634 0.065250 0.375451
v -0.025619 0.050093 0.374651
v -0.025587 0.062379 0.375720
v -0.025583 0.049191 0.363321
v -0.025558 0.052641 0.374606
v -0.025556 0.047533 0.373823
v -0.025508 0.066654 0.387139
v -0.025414 0.099498 0.377488
v -0.025406 0.103988 0.381511
v -0.025307 0.060530 0.384936
v -0.025306 0.101537 0.378195
v -0.025282 0.101410 0.388289
v -0.025278 0.058590 0.382432
v -0.025174 0.046483 0.365081
v -0.025143 0.062552 0.385917
v -0.025144 0.060551 0.377263
v -0.025141 0.057232 0.363805
v -0.025106 0.059301 0.378867
v -0.025043 0.059901 0.371985
v -0.025027 0.058903 0.372867
v -0.024986 0.056253 0.373929
v -0.024988 0.061950 0.367129
v -0.024943 0.064466 0.375929
v -0.024855 0.057568 0.373352
v -0.024838 0.054502 0.373808
v -0.024792 0.077271 0.387950
v -0.024794 0.100215 0.377877
v -0.024720 0.061910 0.368776
v -0.024698 0.053568 0.363796
v -0.024657 0.061124 0.383966
v -0.024654 0.062320 0.376740
v -0.024648 0.061437 0.370047
v -0.024615 0.060319 0.365199
v -0.024605 0.061071 0.365806
v -0.024561 0.045146 0.367358
v -0.024527 0.046667 0.366207
v -0.024428 0.103628 0.386367
v -0.024417 0.045149 0.368199
v -0.024402 0.063168 0.385639
v -0.024400 0.045783 0.370983
v -0.024355 0.066526 0.375776
v -0.024337 0.056841 0.373212
v -0.024260 0.103083 0.387365
v -0.024259 0.061874 0.367711
v -0.024239 0.059578 0.364967
v -0.024228 0.059539 0.371790
v -0.024122 0.061354 0.381026
v -0.024103 0.060885 0.370578
v -0.024086 0.065903 0.386567
v -0.023937 0.062151 0.382792
v -0.023941 0.060974 0.365972
v -0.023892 0.067667 0.387051
v -0.023864 0.103512 0.382787
v -0.023836 0.100012 0.388596
v -0.023751 0.102495 0.388169
v -0.023760 0.060336 0.365738
v -0.023706 0.102782 0.380608
v -0.023702 0.062923 0.379115
v -0.023670 0.070019 0.387491
v -0.023651 0.101987 0.379291
v -0.023645 0.059643 0.365679
v -0.023570 0.075929 0.376092
v -0.023548 0.061162 0.366734
v -0.023489 0.049789 0.371494
v -0.023462 0.061443 0.367726
v -0.023432 0.093396 0.377273
v -0.023422 0.065856 0.386075
v -0.023431 0.061280 0.368876
v -0.023404 0.048533 0.370253
v -0.023386 0.054843 0.365517
v -0.023358 0.064006 0.384007
v -0.023302 0.070948 0.376149
v -0.023296 0.060168 0.366312
v -0.023198 0.066790 0.376811
v -0.023177 0.050081 0.370858
v -0.023159 0.093655 0.388767
v -0.023159 0.049208 0.368608
v -0.023124 0.053457 0.371681
v -0.023079 0.060830 0.369268
v -0.023058 0.053194 0.365929
v -0.023034 0.059691 0.366069
v -0.023021 0.060986 0.367188
v -0.022990 0.058626 0.370736
v -0.022938 0.061023 0.368501
v -0.022928 0.057877 0.365858
v -0.022843 0.065057 0.378626
v -0.022841 0.084038 0.376787
v -0.022828 0.055384 0.366552
v -0.022800 0.103221 0.384082
v -0.022814 0.059094 0.370096
v -0.022797 0.064475 0.382561
v -0.022762 0.085036 0.388649
v -0.022762 0.100071 0.378669
v -0.022774 0.059242 0.366501
v -0.022738 0.073615 0.388047
v -0.022716 0.065984 0.385156
v -0.022658 0.068217 0.386753
v -0.022636 0.064665 0.381114
v -0.022634 0.051814 0.369053
v -0.022526 0.054511 0.370212
v -0.022510 0.056520 0.370164
v -0.022448 0.066486 0.377953
v -0.022444 0.059189 0.368919
v -0.022422 0.059214 0.367744
v -0.022418 0.054535 0.367793
v -0.022353 0.101396 0.388516
v -0.022338 0.054528 0.369012
v -0.022313 0.057239 0.367751
v -0.022289 0.078094 0.388476
v -0.022282 0.057219 0.368960
v -0.022258 0.103027 0.385351
v -0.022244 0.097796 0.378077
v -0.022159 0.098525 0.389004
v -0.022149 0.070197 0.387359
v -0.022130 0.069951 0.376853
v -0.022117 0.068870 0.377079
v -0.022008 0.066383 0.383914
v -0.021988 0.102344 0.381642
v -0.021896 0.068111 0.386091
v -0.021820 0.102723 0.386466
v -0.021809 0.071973 0.387816
v -0.021759 0.087085 0.377311
v -0.021753 0.066449 0.380355
v -0.021602 0.067178 0.379189
v -0.021580 0.068680 0.377758
v -0.021416 0.102340 0.387419
v -0.021416 0.069810 0.377184
v -0.021387 0.075665 0.376875
v -0.021332 0.067062 0.382489
v -0.021295 0.068053 0.385109
v -0.021125 0.101911 0.388116
v -0.021037 0.091644 0.389302
v -0.021012 0.070223 0.387005
v -0.020922 0.101293 0.380603
v -0.020812 0.068201 0.384048
v -0.020718 0.068881 0.379001
v -0.020528 0.102124 0.382890
v -0.020407 0.082009 0.377441
v -0.020399 0.072105 0.387801
v -0.020262 0.068881 0.380366
v -0.020255 0.069988 0.386219
v -0.020249 0.068658 0.381726
v -0.020230 0.073868 0.388412
v -0.020195 0.080934 0.389276
v -0.020159 0.100517 0.389231
v -0.020018 0.097704 0.389595
v -0.019945 0.098566 0.379248
v -0.019855 0.102279 0.385608
v -0.019833 0.069741 0.385044
v -0.019710 0.100083 0.389488
v -0.019709 0.070723 0.378885
v -0.019609 0.099912 0.379759
v -0.019565 0.069620 0.383455
v -0.019540 0.072817 0.378067
v -0.019388 0.085746 0.378139
v -0.019363 0.076977 0.389238
v -0.019282 0.102029 0.384340
v -0.019174 0.101392 0.388773
v -0.019060 0.074552 0.378125
v -0.019038 0.102030 0.386568
v -0.019007 0.101077 0.381790
v -0.018990 0.086014 0.389890
v -0.018933 0.070822 0.380295
v -0.018772 0.072325 0.387549
v -0.018703 0.096715 0.379290
v -0.018703 0.093575 0.378944
v -0.018611 0.101746 0.387631
v -0.018549 0.070778 0.381999
v -0.018458 0.072678 0.379046
v -0.018374 0.074027 0.388617
v -0.018363 0.071111 0.384796
v -0.018319 0.100064 0.380844
v -0.018312 0.099105 0.380139
v -0.018098 0.071823 0.386228
v -0.017936 0.075640 0.389330
v -0.017749 0.071543 0.383730
v -0.017680 0.100655 0.389416
v -0.017547 0.072649 0.380320
v -0.017365 0.101072 0.383066
v -0.017357 0.077247 0.378789
v -0.017249 0.072369 0.381478
v -0.017019 0.101629 0.385508
v -0.016938 0.097834 0.380211
v -0.016769 0.091594 0.390699
v -0.016724 0.074922 0.379593
v -0.016564 0.099153 0.390300
v -0.016510 0.080417 0.379106
v -0.016379 0.073694 0.387745
v -0.016219 0.072956 0.385132
v -0.016184 0.075956 0.389705
v -0.016084 0.073100 0.383116
v -0.015991 0.098960 0.381098
v -0.015961 0.074464 0.380615
v -0.015938 0.074931 0.389036
v -0.015854 0.100025 0.382126
v -0.015842 0.084424 0.379494
v -0.015835 0.089146 0.379696
v -0.015789 0.101456 0.386750
v -0.015770 0.073583 0.386728
v -0.015644 0.073961 0.381765
v -0.015508 0.081733 0.391045
v -0.015476 0.101054 0.384318
v -0.015292 0.095866 0.380373
v -0.015283 0.095479 0.391101
v -0.015235 0.101276 0.387966
v -0.014929 0.100982 0.389267
v -0.014835 0.077173 0.380203
v -0.014612 0.078357 0.391006
v -0.014611 0.100420 0.383320
v -0.014593 0.100302 0.390304
v -0.014398 0.075230 0.388868
v -0.014307 0.097947 0.391208
v -0.014273 0.076171 0.381020
v -0.014005 0.100709 0.389846
v -0.013973 0.099773 0.390919
v -0.013960 0.074936 0.387953
v -0.013947 0.075498 0.381963
v -0.013828 0.074958 0.383129
v -0.013749 0.074665 0.384721
v -0.013720 0.093156 0.380641
v -0.013657 0.074744 0.386523
v -0.013592 0.079361 0.380487
v -0.013338 0.083820 0.391893
v -0.013318 0.077253 0.390597
v -0.013141 0.097447 0.381419
v -0.012981 0.098857 0.382138
v -0.012796 0.081487 0.391898
v -0.012752 0.100950 0.385731
v -0.012710 0.077441 0.381440
v -0.012640 0.076652 0.390096
v -0.012584 0.099680 0.383026
v -0.012524 0.101087 0.387112
v -0.012438 0.085864 0.380893
v -0.012282 0.076184 0.382974
v -0.012229 0.078462 0.381330
v -0.012220 0.076852 0.382186
v -0.012024 0.093152 0.392270
v -0.011995 0.095807 0.392110
v -0.011844 0.082040 0.381093
v -0.011772 0.076395 0.389428
v -0.011654 0.089567 0.381218
v -0.011642 0.100252 0.384225
v -0.011637 0.095251 0.381453
v -0.011251 0.098986 0.391615
v -0.011249 0.076223 0.384417
v -0.011205 0.075973 0.386332
v -0.011010 0.088737 0.392668
v -0.010813 0.076305 0.388288
v -0.010804 0.100950 0.388234
v -0.010775 0.092754 0.381542
v -0.010408 0.078226 0.382410
v -0.010369 0.079691 0.381927
v -0.010364 0.098066 0.392240
v -0.009998 0.077534 0.383159
v -0.009874 0.097655 0.382375
v -0.009846 0.098767 0.382930
v -0.009840 0.096305 0.382059
v -0.009751 0.099806 0.391357
v -0.009736 0.099477 0.383587
v -0.009654 0.082419 0.392778
v -0.009501 0.084853 0.381901
v -0.009345 0.079486 0.392241
v -0.008975 0.093979 0.392994
v -0.008961 0.096448 0.392774
v -0.008928 0.100740 0.389569
v -0.008902 0.077410 0.389968
v -0.008843 0.089365 0.382032
v -0.008835 0.081043 0.392734
v -0.008799 0.078058 0.391045
v -0.008768 0.076958 0.387768
v -0.008465 0.093613 0.382160
v -0.008395 0.100750 0.386942
v -0.008317 0.077125 0.386288
v -0.008292 0.077552 0.384664
v -0.008175 0.100336 0.385416
v -0.008174 0.079319 0.382945
v -0.007792 0.084793 0.393337
v -0.007750 0.099336 0.392340
v -0.007564 0.078473 0.383734
v -0.007322 0.099682 0.384324
v -0.007300 0.081203 0.382746
v -0.007193 0.079491 0.392279
v -0.007117 0.080312 0.392711
v -0.007114 0.088472 0.393492
v -0.006991 0.097796 0.392854
v -0.006951 0.077692 0.389404
v -0.006680 0.095672 0.382622
v -0.006564 0.097525 0.382979
v -0.006414 0.084579 0.382704
v -0.006288 0.077688 0.388061
v -0.006195 0.100346 0.391109
v -0.006167 0.089051 0.382609
v -0.006147 0.098716 0.383573
v -0.005909 0.099647 0.392206
v -0.005855 0.078457 0.390985
v -0.005832 0.078326 0.384865
v -0.005738 0.077969 0.385882
v -0.005697 0.095064 0.393446
v -0.005656 0.079629 0.383668
v -0.005603 0.092662 0.382658
v -0.005480 0.077869 0.387061
v -0.005096 0.100414 0.386260
v -0.004787 0.100744 0.388603
v -0.004684 0.098754 0.392756
v -0.004452 0.078173 0.389244
v -0.004449 0.089949 0.393867
v -0.004397 0.079024 0.384529
v -0.004360 0.097665 0.393204
v -0.004275 0.079662 0.392638
v -0.004102 0.083999 0.393870
v -0.003998 0.080517 0.383674
v -0.003979 0.100620 0.387275
v -0.003906 0.099236 0.384210
v -0.003808 0.095880 0.383006
v -0.003740 0.082039 0.383400
v -0.003669 0.078218 0.388233
v -0.003625 0.089137 0.382964
v -0.003584 0.078524 0.390413
v -0.003576 0.084990 0.383164
v -0.003527 0.096620 0.393496
v -0.003146 0.081076 0.393474
v -0.003135 0.099889 0.385187
v -0.003114 0.078341 0.387022
v -0.002939 0.092951 0.382952
v -0.002880 0.078670 0.385736
v -0.002851 0.099767 0.392532
v -0.002743 0.079746 0.384316
v -0.002579 0.100572 0.390343
v -0.002431 0.086417 0.394099
v -0.002370 0.079144 0.391634
v -0.002255 0.097039 0.383307
v -0.001876 0.078528 0.389522
v -0.001850 0.079224 0.385056
v -0.001593 0.098441 0.383791
v -0.001286 0.100376 0.386522
v -0.001186 0.089138 0.383147
v -0.001069 0.085640 0.383347
v -0.000996 0.078516 0.388301
v -0.000917 0.080579 0.384155
v -0.000898 0.079843 0.392507
v -0.000880 0.082520 0.383678
v -0.000850 0.081083 0.393562
v -0.000675 0.090063 0.394195
v -0.000454 0.094446 0.383118
v -0.000422 0.099196 0.384378
v -0.000189 0.098224 0.393382
v -0.000170 0.078614 0.387094
v 0.000094 0.079513 0.385005
v 0.000126 0.093343 0.394065
v 0.000203 0.078889 0.390853
v 0.000276 0.100216 0.391816
v 0.000374 0.078932 0.385985
v 0.000540 0.084469 0.394210
v 0.000593 0.079399 0.391918
v 0.000718 0.090948 0.383135
v 0.000793 0.100653 0.387888
v 0.001080 0.100081 0.385705
v 0.001149 0.099683 0.384961
v 0.001178 0.078623 0.389539
v 0.001257 0.081828 0.393738
v 0.001416 0.086529 0.383330
v 0.001566 0.078551 0.388318
v 0.001695 0.100711 0.389585
v 0.001758 0.082844 0.383656
v 0.001784 0.097274 0.383451
v 0.001836 0.095532 0.383209
v 0.001957 0.080825 0.384133
v 0.002177 0.096458 0.393713
v 0.002325 0.098456 0.383862
v 0.002368 0.089267 0.394313
v 0.002383 0.079957 0.392624
v 0.002421 0.079630 0.384879
v 0.002517 0.092263 0.394175
v 0.002574 0.100544 0.390809
v 0.002718 0.099842 0.392282
v 0.002974 0.078904 0.385917
v 0.003288 0.100399 0.386514
v 0.003369 0.099219 0.384391
v 0.003391 0.093132 0.383099
v 0.003476 0.080831 0.393250
v 0.003481 0.086839 0.394258
v 0.003570 0.099125 0.392843
v 0.003714 0.078428 0.387503
v 0.003749 0.079180 0.391733
v 0.004013 0.078678 0.390621
v 0.004143 0.088941 0.383133
v 0.004216 0.078410 0.389288
v 0.004597 0.079615 0.384529
v 0.004674 0.082094 0.383482
v 0.004697 0.080679 0.383832
v 0.004831 0.090032 0.394199
v 0.004922 0.095667 0.383143
v 0.005112 0.093931 0.393950
v 0.005207 0.079790 0.384009
v 0.005256 0.100337 0.391483
v 0.005333 0.097472 0.383376
v 0.005435 0.099884 0.385104
v 0.005575 0.078635 0.385594
v 0.005588 0.078270 0.386717
v 0.005643 0.100676 0.387366
v 0.005824 0.098569 0.383754
v 0.006086 0.098128 0.393414
v 0.006320 0.100828 0.388610
v 0.006420 0.081827 0.393626
v 0.006535 0.099252 0.384191
v 0.006719 0.092702 0.382912
v 0.006792 0.099827 0.392541
v 0.007261 0.079534 0.383777
v 0.007322 0.078239 0.390469
v 0.007345 0.080729 0.383256
v 0.007368 0.078692 0.391488
v 0.007403 0.077901 0.389151
v 0.007473 0.091053 0.393942
v 0.007575 0.078533 0.384701
v 0.007578 0.100782 0.390084
v 0.007641 0.087313 0.382803
v 0.007688 0.077706 0.387821
v 0.007795 0.077990 0.385703
v 0.007839 0.082710 0.382895
v 0.007861 0.095974 0.393450
v 0.007885 0.079483 0.392637
v 0.007897 0.077749 0.386584
v 0.007971 0.099090 0.392690
v 0.008022 0.095880 0.382894
v 0.008041 0.084399 0.393825
v 0.008507 0.100480 0.385955
v 0.008603 0.097698 0.383103
v 0.008895 0.087620 0.393770
v 0.009050 0.098761 0.383475
v 0.009118 0.093884 0.393573
v 0.009177 0.078517 0.383829
v 0.009312 0.079346 0.383164
v 0.009399 0.099504 0.384011
v 0.009485 0.097929 0.392911
v 0.009729 0.100875 0.387266
v 0.009740 0.092933 0.382494
v 0.009853 0.080374 0.392887
v 0.009913 0.096188 0.393244
v 0.009937 0.099949 0.391954
v 0.009943 0.084161 0.382334
v 0.010003 0.077187 0.385881
v 0.010023 0.080719 0.382498
v 0.010036 0.100049 0.384617
v 0.010115 0.081726 0.393166
v 0.010125 0.077702 0.390449
v 0.010367 0.078191 0.391583
v 0.010374 0.076940 0.387466
v 0.010632 0.078427 0.391685
v 0.010730 0.100727 0.391019
v 0.010759 0.077108 0.389152
v 0.010783 0.084887 0.393295
v 0.010863 0.077284 0.384369
v 0.010915 0.078063 0.383225
v 0.011099 0.096272 0.382423
v 0.011123 0.078889 0.382542
v 0.011159 0.089524 0.382087
v 0.011518 0.077784 0.391184
v 0.011555 0.101099 0.388392
v 0.011569 0.082004 0.392812
v 0.011575 0.099727 0.392234
v 0.011841 0.097916 0.382592
v 0.012095 0.100819 0.385929
v 0.012123 0.081745 0.381681
v 0.012180 0.093159 0.393037
v 0.012374 0.098949 0.382948
v 0.012643 0.094321 0.381898
v 0.012646 0.076002 0.386901
v 0.012687 0.076023 0.385516
v 0.012690 0.100430 0.391082
v 0.012706 0.076743 0.383253
v 0.012708 0.077280 0.391048
v 0.012748 0.095935 0.392731
v 0.012759 0.086443 0.381550
v 0.012789 0.077538 0.382310
v 0.012929 0.078880 0.381623
v 0.012933 0.099733 0.383490
v 0.012965 0.078983 0.391981
v 0.013001 0.076096 0.388319
v 0.013310 0.075897 0.384298
v 0.013326 0.100455 0.384456
v 0.013429 0.101045 0.389662
v 0.013472 0.076425 0.389580
v 0.013474 0.083289 0.392493
v 0.013499 0.077443 0.391169
v 0.013526 0.098651 0.392257
v 0.013563 0.079659 0.392184
v 0.013895 0.101190 0.386603
v 0.014076 0.091089 0.392592
v 0.014283 0.079823 0.380865
v 0.014286 0.078947 0.391791
v 0.014322 0.075501 0.383351
v 0.014332 0.096532 0.381652
v 0.014449 0.100165 0.391167
v 0.014486 0.080423 0.391911
v 0.014498 0.074990 0.385220
v 0.014529 0.082999 0.380784
v 0.014807 0.075689 0.382227
v 0.014896 0.075100 0.387837
v 0.014899 0.074805 0.386510
v 0.014900 0.077690 0.391032
v 0.014953 0.076615 0.381235
v 0.014955 0.087261 0.392216
v 0.014963 0.076634 0.390343
v 0.014994 0.101004 0.385121
v 0.015110 0.095135 0.392198
v 0.015160 0.099419 0.391459
v 0.015333 0.074492 0.384256
v 0.015405 0.098028 0.381700
v 0.015729 0.077133 0.390841
v 0.015786 0.094695 0.380981
v 0.015825 0.100828 0.390262
v 0.015828 0.099150 0.382112
v 0.015884 0.077323 0.380362
v 0.015926 0.097952 0.391699
v 0.015958 0.075122 0.389053
v 0.016086 0.078267 0.390970
v 0.016171 0.074063 0.383073
v 0.016255 0.088474 0.380393
v 0.016260 0.100038 0.382776
v 0.016419 0.076544 0.390264
v 0.016434 0.074242 0.387683
v 0.016482 0.074856 0.381094
v 0.016527 0.073594 0.385577
v 0.016554 0.074397 0.388560
v 0.016743 0.100296 0.390684
v 0.016815 0.073703 0.386797
v 0.016892 0.101693 0.387339
v 0.016998 0.078996 0.379668
v 0.017152 0.073584 0.381822
v 0.017234 0.075478 0.389730
v 0.017390 0.074949 0.380134
v 0.017422 0.101514 0.385193
v 0.017450 0.074159 0.388643
v 0.017537 0.100971 0.383546
v 0.017753 0.072468 0.384319
v 0.017758 0.076842 0.390094
v 0.017763 0.101563 0.388969
v 0.017838 0.082939 0.379418
v 0.017847 0.094132 0.391344
v 0.018226 0.073298 0.387630
v 0.018328 0.072545 0.386516
v 0.018365 0.071950 0.382898
v 0.018415 0.099331 0.381246
v 0.018509 0.072021 0.385552
v 0.018589 0.072792 0.380439
v 0.018634 0.092781 0.379800
v 0.018657 0.099688 0.390559
v 0.018705 0.096515 0.380219
v 0.018715 0.097491 0.390929
v 0.018854 0.074039 0.388594
v 0.018947 0.100555 0.382093
v 0.019031 0.078306 0.390079
v 0.019239 0.071269 0.381585
v 0.019240 0.101270 0.389867
v 0.019337 0.075231 0.389199
v 0.019369 0.074655 0.378781
v 0.019389 0.076744 0.378506
v 0.019450 0.072858 0.379302
v 0.019450 0.078610 0.378485
v 0.019550 0.098765 0.380478
v 0.019679 0.070813 0.385135
v 0.019761 0.071946 0.387165
v 0.019925 0.070269 0.384073
v 0.019969 0.076567 0.389459
v 0.020099 0.102273 0.385205
v 0.020235 0.072586 0.387863
v 0.020246 0.087159 0.378729
v 0.020289 0.102382 0.387651
v 0.020332 0.069657 0.382766
v 0.020395 0.101931 0.383502
v 0.020412 0.070744 0.386349
v 0.020428 0.070985 0.379386
v 0.020435 0.101387 0.382280
v 0.020449 0.102520 0.386425
v 0.020480 0.070115 0.380350
v 0.020837 0.073734 0.388442
v 0.020970 0.102166 0.388662
v 0.021028 0.068835 0.381512
v 0.021252 0.074788 0.388822
v 0.021485 0.101048 0.389604
v 0.021570 0.070384 0.378313
v 0.021568 0.070728 0.387363
v 0.021633 0.070042 0.386985
v 0.021642 0.101114 0.381045
v 0.021664 0.068057 0.383994
v 0.021689 0.097148 0.390131
v 0.021770 0.068708 0.385485
v 0.021788 0.077602 0.389128
v 0.021824 0.067881 0.380481
v 0.021859 0.079352 0.377437
v 0.021950 0.093891 0.390069
v 0.021969 0.101898 0.389102
v 0.022008 0.074572 0.377120
v 0.022008 0.067256 0.382722
v 0.022022 0.087910 0.389808
v 0.022066 0.068145 0.379264
v 0.022155 0.072214 0.387929
v 0.022165 0.069219 0.386582
v 0.022454 0.103080 0.385122
v 0.022542 0.066354 0.381475
v 0.022560 0.071041 0.377286
v 0.022612 0.099803 0.389676
v 0.022708 0.095123 0.378403
v 0.022844 0.066766 0.384953
v 0.022890 0.070641 0.387698
v 0.023033 0.069367 0.387144
v 0.023036 0.100469 0.379738
v 0.023156 0.103052 0.383507
v 0.023170 0.065405 0.380214
v 0.023183 0.083796 0.377389
v 0.023265 0.079933 0.388943
v 0.023347 0.065392 0.384077
v 0.023356 0.103203 0.387584
v 0.023378 0.066609 0.377973
v 0.023391 0.073894 0.388216
v 0.023418 0.103478 0.386177
v 0.023469 0.064682 0.382703
v 0.023511 0.102540 0.381666
v 0.023553 0.066474 0.385820
v 0.023560 0.067851 0.377138
v 0.023815 0.076937 0.376684
v 0.023808 0.102834 0.388376
v 0.023875 0.064474 0.378927
v 0.024013 0.063412 0.381473
v 0.024092 0.071964 0.387978
v 0.024105 0.070993 0.376471
v 0.024155 0.064878 0.385335
v 0.024154 0.067132 0.386940
v 0.024374 0.102109 0.388878
v 0.024496 0.069607 0.387473
v 0.024558 0.066195 0.376514
v 0.024625 0.067650 0.376361
v 0.024643 0.056550 0.369102
v 0.024659 0.062172 0.382691
v 0.024677 0.064769 0.376873
v 0.024742 0.062519 0.383856
v 0.024753 0.054547 0.369129
v 0.024747 0.063250 0.377753
v 0.024750 0.078567 0.388452
v 0.024790 0.057833 0.370280
v 0.024785 0.077452 0.376379
v 0.024922 0.055902 0.367901
v 0.024932 0.057862 0.367899
v 0.024950 0.059098 0.369078
v 0.024957 0.061381 0.379934
v 0.024977 0.055838 0.371517
v 0.024977 0.076295 0.388259
v 0.025004 0.062937 0.385043
v 0.025034 0.073633 0.376031
v 0.025089 0.064544 0.386252
v 0.025142 0.102441 0.379706
v 0.025169 0.061508 0.378529
v 0.025163 0.090526 0.388986
v 0.025351 0.051269 0.371418
v 0.025357 0.062830 0.385785
v 0.025369 0.064354 0.375890
v 0.025381 0.059832 0.370219
v 0.025369 0.097658 0.389149
v 0.025388 0.090437 0.377343
v 0.025405 0.056452 0.372409
v 0.025414 0.059894 0.368155
v 0.025473 0.059680 0.370913
v 0.025576 0.059647 0.367445
v 0.025582 0.061558 0.376850
v 0.025637 0.065056 0.386805
v 0.025679 0.058642 0.371475
v 0.025711 0.053407 0.372968
v 0.025717 0.050252 0.368587
v 0.025712 0.063196 0.376225
v 0.025714 0.099765 0.378182
v 0.025734 0.050865 0.372303
v 0.025762 0.060471 0.369022
v 0.025769 0.059282 0.381812
v 0.025768 0.059923 0.383447
v 0.025921 0.060511 0.377324
v 0.025913 0.104362 0.383934
v 0.025947 0.064940 0.375848
v 0.025960 0.048350 0.370640
v 0.026016 0.062460 0.386111
v 0.026034 0.074461 0.375971
v 0.026101 0.057807 0.372725
v 0.026107 0.067791 0.387313
v 0.026115 0.061442 0.376393
v 0.026134 0.068294 0.375819
v 0.026209 0.104493 0.386478
v 0.026215 0.103553 0.388173
v 0.026228 0.104120 0.387518
v 0.026272 0.059966 0.367015
v 0.026276 0.060883 0.368993
v 0.026285 0.059741 0.371433
v 0.026290 0.058398 0.378374
v 0.026322 0.065723 0.387070
v 0.026377 0.047092 0.369198
v 0.026401 0.060840 0.367868
v 0.026436 0.101515 0.388814
v 0.026453 0.056899 0.373727
v 0.026487 0.059689 0.372167
v 0.026528 0.059009 0.372559
v 0.026531 0.055260 0.374202
v 0.026555 0.060647 0.370721
v 0.026564 0.060745 0.367271
v 0.026581 0.059316 0.385017
v 0.026582 0.073977 0.387903
v 0.026626 0.056831 0.379881
v 0.026638 0.058494 0.376986
v 0.026645 0.058170 0.373605
v 0.026644 0.062281 0.375641
v 0.026652 0.085009 0.376670
v 0.026662 0.104795 0.385195
v 0.026686 0.060009 0.375951
v 0.026705 0.059867 0.385805
v 0.026797 0.070040 0.387589
v 0.026858 0.058872 0.373467
v 0.026868 0.104304 0.381842
v 0.026928 0.058232 0.375868
v 0.026923 0.058938 0.385603
v 0.026931 0.062649 0.386856
v 0.027005 0.046624 0.372651
v 0.027019 0.057659 0.374749
v 0.027028 0.045104 0.371011
v 0.027031 0.056556 0.376826
v 0.027043 0.082622 0.388195
v 0.027073 0.059043 0.374443
v 0.027074 0.056462 0.374631
v 0.027089 0.061168 0.368975
v 0.027098 0.061083 0.367839
v 0.027105 0.070903 0.375707
v 0.027118 0.060704 0.370869
v 0.027123 0.060821 0.367128
v 0.027119 0.055443 0.375589
v 0.027125 0.045268 0.370269
v 0.027171 0.059855 0.372495
v 0.027177 0.059812 0.366058
v 0.027171 0.055419 0.378344
v 0.027208 0.101618 0.378216
v 0.027230 0.064230 0.375382
v 0.027283 0.059402 0.373256
v 0.027325 0.053412 0.375706
v 0.027349 0.046395 0.367266
v 0.027351 0.060557 0.374841
v 0.027357 0.058753 0.385780
v 0.027405 0.050433 0.375092
v 0.027407 0.055599 0.383518
v 0.027429 0.045170 0.368294
v 0.027417 0.060209 0.386267
v 0.027453 0.093806 0.377166
v 0.027496 0.047042 0.374014
v 0.027503 0.053994 0.377153
v 0.027538 0.044469 0.369149
v 0.027569 0.044484 0.371273
v 0.027584 0.061902 0.375008
v 0.027622 0.103930 0.380141
v 0.027648 0.053924 0.381337
v 0.027644 0.103545 0.388328
v 0.027823 0.059593 0.373720
v 0.027920 0.055779 0.385005
v 0.027931 0.052694 0.379069
v 0.028009 0.051434 0.377134
v 0.028027 0.058246 0.365016
v 0.028006 0.093608 0.388506
v 0.028151 0.055925 0.385616
v 0.028178 0.079603 0.387987
v 0.028198 0.061083 0.367840
v 0.028200 0.060802 0.367110
v 0.028247 0.061220 0.368991
v 0.028280 0.059813 0.365972
v 0.028294 0.061027 0.370195
v 0.028313 0.042208 0.370346
v 0.028335 0.060130 0.372824
v 0.028355 0.060508 0.374334
v 0.028361 0.043367 0.371951
v 0.028350 0.053259 0.384559
v 0.028363 0.055017 0.385459
v 0.028432 0.057598 0.386096
v 0.028464 0.062057 0.374883
v 0.028482 0.052670 0.383977
v 0.028510 0.042563 0.367755
v 0.028551 0.060506 0.371251
v 0.028629 0.065305 0.387195
v 0.028686 0.081951 0.376263
v 0.028693 0.055459 0.385694
v 0.028703 0.047409 0.376010
v 0.028705 0.066562 0.375262
v 0.028751 0.091193 0.376804
v 0.028770 0.048707 0.377137
v 0.028838 0.049467 0.378530
v 0.028866 0.101439 0.388554
v 0.028890 0.105549 0.386616
v 0.028905 0.104983 0.387603
v 0.028984 0.060758 0.367568
v 0.029079 0.043592 0.365374
v 0.029090 0.105894 0.385382
v 0.029148 0.052639 0.385066
v 0.029173 0.059193 0.386726
v 0.029193 0.049497 0.382589
v 0.029226 0.072639 0.375659
v 0.029252 0.057947 0.364834
v 0.029317 0.060763 0.370111
v 0.029313 0.048757 0.380849
v 0.029301 0.103421 0.388358
v 0.029349 0.101313 0.377361
v 0.029364 0.061112 0.374630
v 0.029355 0.106015 0.383897
v 0.029389 0.041386 0.371561
v 0.029395 0.052967 0.385620
v 0.029441 0.049778 0.383776
v 0.029447 0.099999 0.377232
v 0.029544 0.060895 0.368965
v 0.029548 0.042198 0.373658
v 0.029565 0.060392 0.371444
v 0.029628 0.060678 0.373209
v 0.029634 0.045165 0.375967
v 0.029646 0.052028 0.385478
v 0.029679 0.103949 0.378394
v 0.029740 0.049214 0.384400
v 0.029741 0.049963 0.384656
v 0.029781 0.055140 0.386110
v 0.029848 0.039645 0.367721
v 0.029846 0.046629 0.377759
v 0.029890 0.046337 0.378378
v 0.029898 0.045656 0.377061
v 0.029958 0.058040 0.365041
v 0.029972 0.059386 0.366142
v 0.029976 0.060665 0.368542
v 0.029988 0.040600 0.365921
v 0.029996 0.039867 0.370036
v 0.030093 0.060650 0.370803
v 0.030111 0.060714 0.369340
v 0.030102 0.052519 0.385696
v 0.030155 0.106144 0.382233
v 0.030183 0.047347 0.383312
v 0.030225 0.043210 0.375519
v 0.030233 0.061965 0.374457
v 0.030350 0.069769 0.387428
v 0.030380 0.060252 0.369080
v 0.030398 0.047738 0.384260
v 0.030454 0.104827 0.379155
v 0.030502 0.056122 0.364366
v 0.030522 0.060229 0.371744
v 0.030574 0.105326 0.388046
v 0.030608 0.059085 0.366812
v 0.030635 0.058298 0.365739
v 0.030666 0.053261 0.363410
v 0.030712 0.048326 0.384904
v 0.030741 0.041864 0.375049
v 0.030888 0.039189 0.371594
v 0.030878 0.104807 0.388078
v 0.030908 0.063250 0.374571
v 0.030949 0.038240 0.369978
v 0.030959 0.038162 0.368822
v 0.030940 0.106363 0.386914
v 0.030986 0.046142 0.384439
v 0.030998 0.078760 0.376044
v 0.031008 0.060422 0.373010
v 0.031013 0.087215 0.376448
v 0.031082 0.095988 0.388163
v 0.031124 0.042899 0.379180
v 0.031137 0.042453 0.376218
v 0.031132 0.049958 0.385608
v 0.031158 0.037975 0.366483
v 0.031217 0.042513 0.377192
v 0.031220 0.053736 0.386243
v 0.031225 0.043099 0.382514
v 0.031244 0.058901 0.367699
v 0.031262 0.058109 0.365960
v 0.031276 0.044924 0.383850
v 0.031304 0.059659 0.369131
v 0.031378 0.040398 0.374288
v 0.031377 0.103060 0.377640
v 0.031391 0.059706 0.370351
v 0.031412 0.056843 0.364783
v 0.031406 0.071794 0.375617
v 0.031428 0.059541 0.371671
v 0.031432 0.061444 0.373813
v 0.031456 0.106018 0.387613
v 0.031484 0.041229 0.375918
v 0.031466 0.105522 0.388081
v 0.031553 0.066966 0.375154
v 0.031602 0.107064 0.385959
v 0.031610 0.106218 0.380295
v 0.031767 0.054309 0.363602
v 0.031758 0.057705 0.386800
v 0.031795 0.045579 0.384819
v 0.031841 0.059003 0.370596
v 0.031949 0.103855 0.388214
v 0.031969 0.101983 0.377228
v 0.031975 0.104567 0.378033
v 0.032056 0.058903 0.371781
v 0.032082 0.054847 0.364147
v 0.032111 0.040330 0.378797
v 0.032136 0.036695 0.368884
v 0.032137 0.040055 0.375639
v 0.032132 0.046220 0.385456
v 0.032200 0.046169 0.362354
v 0.032222 0.061493 0.386910
v 0.032241 0.107535 0.384463
v 0.032278 0.035931 0.367407
v 0.032308 0.040184 0.377390
v 0.032326 0.074180 0.375917
v 0.032347 0.083933 0.376392
v 0.032388 0.045275 0.385328
v 0.032408 0.042204 0.384290
v 0.032422 0.039678 0.374796
v 0.032434 0.060005 0.372990
v 0.032457 0.105902 0.379013
v 0.032479 0.038733 0.373771
v 0.032497 0.048640 0.385804
v 0.032521 0.050854 0.362777
v 0.032523 0.052041 0.363215
v 0.032530 0.055628 0.365214
v 0.032566 0.039111 0.381096
v 0.032587 0.078450 0.376220
v 0.032609 0.059056 0.372850
v 0.032613 0.107618 0.382951
v 0.032760 0.061575 0.373938
v 0.032754 0.088472 0.376519
v 0.032776 0.045751 0.385435
v 0.032795 0.058170 0.371865
v 0.032883 0.040459 0.383664
v 0.032913 0.058406 0.372808
v 0.032921 0.091115 0.387865
v 0.032939 0.039163 0.382692
v 0.032984 0.101359 0.388235
v 0.033039 0.038867 0.375910
v 0.033085 0.051479 0.386204
v 0.033112 0.056992 0.369808
v 0.033121 0.038383 0.374909
v 0.033128 0.069591 0.375687
v 0.033126 0.065184 0.386919
v 0.033143 0.063391 0.374585
v 0.033174 0.091767 0.376545
v 0.033266 0.037468 0.373038
v 0.033294 0.052137 0.363447
v 0.033332 0.034718 0.366995
v 0.033374 0.037704 0.377047
v 0.033367 0.040985 0.384497
v 0.033364 0.086167 0.387625
v 0.033412 0.036995 0.378767
v 0.033425 0.103442 0.377348
v 0.033475 0.057123 0.371675
v 0.033494 0.077415 0.387200
v 0.033493 0.107853 0.386994
v 0.033558 0.070129 0.387045
v 0.033645 0.080246 0.376568
v 0.033668 0.086015 0.376652
v 0.033684 0.074049 0.376304
v 0.033684 0.039185 0.384315
v 0.033679 0.106449 0.378539
v 0.033726 0.046482 0.362089
v 0.033724 0.042538 0.385315
v 0.033735 0.057934 0.373036
v 0.033830 0.065460 0.375195
v 0.033859 0.037229 0.375951
v 0.033869 0.037132 0.373250
v 0.033936 0.053616 0.364727
v 0.033976 0.046324 0.385734
v 0.033992 0.107171 0.387565
v 0.034029 0.037232 0.374469
v 0.034031 0.037489 0.383647
v 0.034073 0.056827 0.372956
v 0.034082 0.054558 0.366518
v 0.034107 0.089762 0.376643
v 0.034130 0.055779 0.371869
v 0.034194 0.035551 0.382535
v 0.034219 0.034430 0.381039
v 0.034225 0.035740 0.376644
v 0.034242 0.049615 0.362844
v 0.034249 0.058795 0.373200
v 0.034342 0.059989 0.373488
v 0.034358 0.039864 0.384791
v 0.034366 0.070137 0.376224
v 0.034398 0.036308 0.372821
v 0.034459 0.076147 0.376804
v 0.034498 0.054813 0.370084
v 0.034480 0.073186 0.386754
v 0.034534 0.047324 0.362224
v 0.034526 0.037980 0.384389
v 0.034533 0.079584 0.376971
v 0.034568 0.067224 0.375848
v 0.034624 0.034199 0.369318
v 0.034662 0.083755 0.377027
v 0.034679 0.054781 0.371847
v 0.034667 0.053191 0.386380
v 0.034690 0.061322 0.374030
v 0.034693 0.108456 0.381572
v 0.034724 0.036087 0.374601
v 0.034714 0.084441 0.387199
v 0.034748 0.079033 0.386848
v 0.034811 0.035510 0.372174
v 0.034855 0.057491 0.386533
v 0.034872 0.066267 0.386465
v 0.034895 0.087156 0.376957
v 0.034957 0.109028 0.385849
v 0.034994 0.056464 0.373169
v 0.034995 0.062842 0.374728
v 0.035008 0.032227 0.378608
v 0.035122 0.035269 0.384241
v 0.035126 0.068823 0.376495
v 0.035137 0.107534 0.379050
v 0.035173 0.076726 0.377370
v 0.035183 0.054090 0.372038
v 0.035162 0.106496 0.387940
v 0.035176 0.093311 0.376439
v 0.035185 0.032178 0.382509
v 0.035215 0.032337 0.366171
v 0.035230 0.035713 0.373508
v 0.035214 0.070926 0.386304
v 0.035228 0.080910 0.377520
v 0.035249 0.054957 0.373006
v 0.035264 0.035655 0.374101
v 0.035264 0.032991 0.376521
v 0.035261 0.034240 0.383648
v 0.035270 0.032477 0.383126
v 0.035280 0.053510 0.370926
v 0.035279 0.053965 0.372734
v 0.035282 0.064389 0.375490
v 0.035298 0.075349 0.386301
v 0.035325 0.052673 0.365730
v 0.035310 0.089899 0.376898
v 0.035395 0.071703 0.377041
v 0.035394 0.079581 0.386474
v 0.035404 0.090582 0.387501
v 0.035423 0.086401 0.377211
v 0.035462 0.033750 0.375419
v 0.035454 0.039918 0.385160
v 0.035458 0.047515 0.385891
v 0.035476 0.053179 0.371823
v 0.035486 0.083285 0.386720
v 0.035492 0.105392 0.377287
v 0.035524 0.087346 0.377156
v 0.035532 0.084108 0.377643
v 0.035577 0.051324 0.364767
v 0.035607 0.034666 0.374660
v 0.035598 0.102094 0.376741
v 0.035623 0.034586 0.371388
v 0.035662 0.066307 0.376443
v 0.035670 0.037126 0.384729
v 0.035732 0.049805 0.363416
v 0.035732 0.069630 0.377246
v 0.035742 0.078457 0.378157
v 0.035731 0.108621 0.387128
v 0.035752 0.042688 0.385509
v 0.035757 0.071788 0.385828
v 0.035768 0.078299 0.386009
v 0.035807 0.058664 0.373321
v 0.035814 0.034821 0.373194
v 0.035824 0.073840 0.378016
v 0.035835 0.034748 0.384319
v 0.035892 0.043735 0.361371
v 0.035882 0.067720 0.385809
v 0.035925 0.033287 0.375108
v 0.035911 0.095983 0.387876
v 0.035931 0.030160 0.381605
v 0.035951 0.081792 0.386146
v 0.035963 0.082391 0.378325
v 0.035962 0.060490 0.386056
v 0.035965 0.087751 0.386958
v 0.036052 0.051715 0.368143
v 0.036047 0.030620 0.382602
v 0.036064 0.051972 0.371774
v 0.036089 0.075103 0.385367
v 0.036138 0.076822 0.378909
v 0.036152 0.031099 0.376024
v 0.036158 0.053713 0.373354
v 0.036159 0.031661 0.383458
v 0.036186 0.067652 0.377529
v 0.036194 0.063669 0.375986
v 0.036194 0.070428 0.378201
v 0.036217 0.050873 0.365678
v 0.036230 0.089970 0.377350
v 0.036233 0.063501 0.385876
v 0.036244 0.091763 0.377011
v 0.036250 0.087635 0.378032
v 0.036261 0.080288 0.379157
v 0.036272 0.079775 0.385435
v 0.036321 0.085631 0.386339
v 0.036345 0.062230 0.375121
v 0.036336 0.054471 0.385979
v 0.036384 0.028130 0.379960
v 0.036390 0.109797 0.383355
v 0.036413 0.032387 0.384210
v 0.036441 0.033844 0.374346
v 0.036434 0.073397 0.379438
v 0.036454 0.069444 0.384954
v 0.036489 0.028269 0.377517
v 0.036483 0.094053 0.376535
v 0.036496 0.051890 0.373045
v 0.036514 0.051247 0.373000
v 0.036503 0.078183 0.380083
v 0.036520 0.034366 0.371802
v 0.036523 0.064982 0.377127
v 0.036545 0.034275 0.372580
v 0.036541 0.077646 0.384483
v 0.036559 0.051186 0.372175
v 0.036550 0.086684 0.378373
v 0.036567 0.095400 0.376436
v 0.036578 0.029640 0.383072
v 0.036591 0.055271 0.373570
v 0.036611 0.045543 0.361995
v 0.036599 0.059168 0.373289
v 0.036585 0.083651 0.385566
v 0.036608 0.060809 0.374028
v 0.036620 0.083983 0.379396
v 0.036663 0.049818 0.364513
v 0.036639 0.109621 0.386348
v 0.036655 0.072998 0.383931
v 0.036692 0.068065 0.378823
v 0.036697 0.075392 0.381082
v 0.036707 0.062935 0.385606
v 0.036714 0.076066 0.383419
v 0.036738 0.081588 0.384594
v 0.036752 0.082093 0.380495
v 0.036764 0.076753 0.382363
v 0.036778 0.079303 0.383431
v 0.036808 0.032228 0.374454
v 0.036801 0.073435 0.382378
v 0.036811 0.034262 0.384612
v 0.036823 0.080064 0.381832
v 0.036844 0.052402 0.374420
v 0.036846 0.050798 0.373541
v 0.036831 0.105062 0.388121
v 0.036846 0.089511 0.378044
v 0.036847 0.070799 0.380788
v 0.036902 0.031039 0.366606
v 0.036929 0.056825 0.373431
v 0.036928 0.028464 0.382479
v 0.036925 0.063247 0.385064
v 0.036974 0.033374 0.373470
v 0.036968 0.068332 0.383689
v 0.036973 0.091880 0.377154
v 0.036984 0.048874 0.385771
v 0.036991 0.058313 0.385651
v 0.036986 0.109258 0.379966
v 0.036996 0.089252 0.386520
v 0.037005 0.069650 0.382372
v 0.037022 0.033496 0.371516
v 0.037012 0.031836 0.384377
v 0.037034 0.065682 0.384320
v 0.037070 0.061772 0.376095
v 0.037068 0.083021 0.383412
v 0.037109 0.087253 0.385737
v 0.037139 0.058379 0.373144
v 0.037130 0.087258 0.379601
v 0.037147 0.029750 0.375136
v 0.037162 0.085272 0.384706
v 0.037165 0.091858 0.387099
v 0.037189 0.063929 0.378211
v 0.037201 0.085531 0.380786
v 0.037215 0.084259 0.382066
v 0.037216 0.107697 0.378081
v 0.037241 0.060946 0.384939
v 0.037274 0.066100 0.380483
v 0.037316 0.027446 0.376087
v 0.037335 0.054182 0.385600
v 0.037371 0.065850 0.382370
v 0.037396 0.049359 0.373335
v 0.037445 0.032231 0.369715
v 0.037467 0.091683 0.377833
v 0.037498 0.048743 0.365469
v 0.037521 0.094249 0.376982
v 0.037540 0.061975 0.383931
v 0.037545 0.089471 0.379230
v 0.037552 0.028784 0.383509
v 0.037563 0.059477 0.373202
v 0.037559 0.025622 0.381140
v 0.037573 0.024700 0.378553
v 0.037588 0.086554 0.383572
v 0.037609 0.061506 0.377397
v 0.037622 0.052496 0.374778
v 0.037624 0.026541 0.382420
v 0.037634 0.050850 0.374734
v 0.037667 0.043670 0.385586
v 0.037695 0.030761 0.374162
v 0.037694 0.055785 0.385185
v 0.037719 0.048528 0.371735
v 0.037715 0.049536 0.385654
v 0.037721 0.108908 0.387532
v 0.037741 0.029589 0.384170
v 0.037744 0.088020 0.381133
v 0.037764 0.048768 0.369908
v 0.037780 0.048703 0.367680
v 0.037766 0.062976 0.381144
v 0.037773 0.087434 0.382298
v 0.037807 0.047429 0.363794
v 0.037799 0.088558 0.384861
v 0.037808 0.062275 0.382452
v 0.037800 0.109940 0.387116
v 0.037839 0.054093 0.374117
v 0.037848 0.060554 0.374553
v 0.037851 0.036255 0.385163
v 0.037864 0.048124 0.372985
v 0.037858 0.026667 0.383116
v 0.037897 0.059388 0.376852
v 0.037917 0.048982 0.374388
v 0.037907 0.090424 0.385892
v 0.037940 0.047206 0.372353
v 0.037932 0.061157 0.379119
v 0.037930 0.058575 0.384500
v 0.037948 0.060300 0.375898
v 0.037940 0.092040 0.386611
v 0.037966 0.059361 0.376369
v 0.037954 0.101900 0.388094
v 0.037976 0.059982 0.377351
v 0.037984 0.055956 0.373243
v 0.037988 0.028664 0.384010
v 0.038010 0.045250 0.362387
v 0.037992 0.095454 0.376856
v 0.038004 0.052999 0.385420
v 0.038026 0.032856 0.372017
v 0.038050 0.041970 0.360893
v 0.038041 0.053632 0.374599
v 0.038072 0.110644 0.385089
v 0.038097 0.032601 0.384645
v 0.038135 0.089678 0.380772
v 0.038150 0.022881 0.377957
v 0.038148 0.059018 0.377296
v 0.038185 0.040061 0.360206
v 0.038178 0.028132 0.374547
v 0.038205 0.098905 0.376537
v 0.038242 0.047354 0.364251
v 0.038245 0.091480 0.379004
v 0.038261 0.054672 0.384676
v 0.038256 0.089405 0.383707
v 0.038289 0.060149 0.373257
v 0.038322 0.032788 0.372849
v 0.038322 0.046666 0.373123
v 0.038325 0.049106 0.385453
v 0.038330 0.058635 0.382503
v 0.038336 0.059374 0.380825
v 0.038370 0.096971 0.376651
v 0.038391 0.093715 0.377682
v 0.038398 0.058802 0.377996
v 0.038394 0.089788 0.382334
v 0.038420 0.058825 0.372259
v 0.038400 0.096059 0.387553
v 0.038420 0.022652 0.379639
v 0.038440 0.030856 0.368680
v 0.038434 0.049268 0.375010
v 0.038428 0.029377 0.384219
v 0.038465 0.057921 0.372308
v 0.038464 0.022722 0.377550
v 0.038467 0.024897 0.375285
v 0.038474 0.031455 0.373474
v 0.038505 0.045821 0.385324
v 0.038605 0.047875 0.374626
v 0.038619 0.050723 0.375489
v 0.038641 0.032084 0.370992
v 0.038632 0.094967 0.377304
v 0.038650 0.091281 0.384963
v 0.038671 0.059573 0.372477
v 0.038665 0.026225 0.383396
v 0.038673 0.052786 0.375301
v 0.038700 0.031539 0.369831
v 0.038711 0.046781 0.369855
v 0.038736 0.049050 0.385082
v 0.038766 0.056811 0.372380
v 0.038786 0.091541 0.380434
v 0.038817 0.022545 0.376155
v 0.038844 0.025145 0.383095
v 0.038842 0.051638 0.384486
v 0.038862 0.029361 0.373862
v 0.038875 0.026174 0.374204
v 0.038876 0.056318 0.378695
v 0.038909 0.094790 0.386994
v 0.038927 0.109418 0.378361
v 0.038963 0.046604 0.374817
v 0.038958 0.053472 0.383715
v 0.038993 0.055750 0.372759
v 0.038990 0.023355 0.382434
v 0.039003 0.032573 0.372704
v 0.039007 0.095716 0.377000
v 0.039059 0.091638 0.383697
v 0.039079 0.054622 0.382499
v 0.039096 0.058976 0.375963
v 0.039095 0.057466 0.377139
v 0.039101 0.107664 0.377408
v 0.039133 0.023783 0.383045
v 0.039133 0.055235 0.380605
v 0.039149 0.045242 0.373355
v 0.039137 0.091743 0.382124
v 0.039175 0.051983 0.376328
v 0.039185 0.055050 0.378604
v 0.039183 0.093561 0.386095
v 0.039209 0.036409 0.385089
v 0.039265 0.029371 0.366798
v 0.039259 0.047835 0.375544
v 0.039267 0.053935 0.374641
v 0.039276 0.055027 0.377258
v 0.039322 0.053455 0.377147
v 0.039337 0.053886 0.375928
v 0.039351 0.031787 0.373091
v 0.039352 0.022857 0.382875
v 0.039360 0.056138 0.377010
v 0.039383 0.031628 0.370364
v 0.039373 0.093771 0.378846
v 0.039407 0.044353 0.374067
v 0.039428 0.044758 0.371796
v 0.039428 0.041173 0.385090
v 0.039440 0.049723 0.376440
v 0.039455 0.093078 0.380025
v 0.039482 0.057636 0.371447
v 0.039478 0.021099 0.381222
v 0.039486 0.060000 0.372030
v 0.039477 0.030283 0.384739
v 0.039488 0.059994 0.375317
v 0.039504 0.031890 0.371927
v 0.039506 0.054748 0.373261
v 0.039505 0.019883 0.378464
v 0.039547 0.059329 0.371585
v 0.039562 0.041358 0.360939
v 0.039549 0.023149 0.382976
v 0.039570 0.045400 0.364678
v 0.039559 0.060450 0.373202
v 0.039550 0.048625 0.384278
v 0.039578 0.056495 0.371619
v 0.039592 0.055195 0.376097
v 0.039600 0.055674 0.372117
v 0.039621 0.043833 0.373091
v 0.039628 0.045663 0.366754
v 0.039627 0.021513 0.382147
v 0.039634 0.051161 0.377432
v 0.039663 0.035234 0.358460
v 0.039684 0.039352 0.360019
v 0.039689 0.060433 0.374236
v 0.039721 0.022058 0.374776
v 0.039718 0.026300 0.384190
v 0.039724 0.093509 0.384945
v 0.039780 0.031092 0.369928
v 0.039778 0.049623 0.383557
v 0.039802 0.058964 0.370601
v 0.039811 0.030299 0.373438
v 0.039812 0.044055 0.384797
v 0.039868 0.057829 0.375910
v 0.039910 0.051764 0.379836
v 0.039964 0.043912 0.363145
v 0.039982 0.046024 0.384426
v 0.040004 0.056560 0.375859
v 0.040000 0.050357 0.382467
v 0.040036 0.042557 0.361955
v 0.040046 0.051048 0.381131
v 0.040052 0.023817 0.383454
v 0.040083 0.059738 0.370744
v 0.040090 0.093647 0.383572
v 0.040115 0.043771 0.374875
v 0.040135 0.037004 0.359053
v 0.040142 0.057415 0.369756
v 0.040135 0.021815 0.382876
v 0.040188 0.027659 0.365444
v 0.040160 0.111550 0.381281
v 0.040191 0.042406 0.373125
v 0.040179 0.095702 0.378116
v 0.040191 0.093796 0.381729
v 0.040219 0.049724 0.378643
v 0.040270 0.055652 0.370780
v 0.040278 0.018108 0.376752
v 0.040302 0.100648 0.387913
v 0.040315 0.097636 0.387343
v 0.040365 0.029809 0.373331
v 0.040369 0.029201 0.373336
v 0.040378 0.054824 0.371858
v 0.040380 0.046673 0.376917
v 0.040396 0.058404 0.368919
v 0.040390 0.056595 0.375804
v 0.040412 0.056588 0.369435
v 0.040459 0.042415 0.374645
v 0.040512 0.054407 0.375101
v 0.040517 0.022397 0.373974
v 0.040529 0.044086 0.384324
v 0.040557 0.040608 0.384726
v 0.040568 0.045952 0.383654
v 0.040616 0.029746 0.368436
v 0.040593 0.095473 0.385819
v 0.040628 0.041617 0.373373
v 0.040635 0.060600 0.370948
v 0.040660 0.041292 0.374377
v 0.040660 0.099619 0.376498
v 0.040692 0.059491 0.368848
v 0.040686 0.033782 0.384822
v 0.040700 0.094907 0.380355
v 0.040746 0.100922 0.376407
v 0.040752 0.044362 0.384238
v 0.040761 0.019373 0.382413
v 0.040767 0.017116 0.380783
v 0.040784 0.057628 0.367501
v 0.040790 0.030429 0.372077
v 0.040789 0.054909 0.370459
v 0.040767 0.112090 0.385807
v 0.040797 0.047988 0.379928
v 0.040808 0.055567 0.369166
v 0.040821 0.030615 0.369805
v 0.040838 0.056593 0.367922
v 0.040840 0.028782 0.373180
v 0.040859 0.055187 0.375641
v 0.040875 0.025085 0.373486
v 0.040881 0.040525 0.373108
v 0.040868 0.109438 0.377747
v 0.040888 0.017648 0.375200
v 0.040882 0.025189 0.384048
v 0.040906 0.053972 0.373121
v 0.040888 0.109215 0.387993
v 0.040918 0.037491 0.384790
v 0.040940 0.046304 0.382519
v 0.040956 0.054054 0.374156
v 0.040955 0.057344 0.375799
v 0.040979 0.041513 0.371612
v 0.040973 0.058929 0.375627
v 0.040985 0.042624 0.384313
v 0.040973 0.097059 0.386723
v 0.040997 0.110360 0.387613
v 0.041015 0.111149 0.387210
v 0.041029 0.095809 0.379311
v 0.041045 0.060759 0.374348
v 0.041046 0.015726 0.378064
v 0.041045 0.095491 0.384850
v 0.041059 0.046830 0.381228
v 0.041051 0.112270 0.382569
v 0.041091 0.042680 0.375817
v 0.041141 0.028179 0.366750
v 0.041154 0.054232 0.371231
v 0.041149 0.043611 0.383704
v 0.041168 0.040893 0.374896
v 0.041174 0.061020 0.371601
v 0.041198 0.055238 0.367204
v 0.041197 0.061118 0.373128
v 0.041251 0.018732 0.374265
v 0.041258 0.060132 0.375123
v 0.041324 0.041999 0.369271
v 0.041342 0.054453 0.368977
v 0.041346 0.058770 0.365576
v 0.041348 0.020158 0.383130
v 0.041378 0.042482 0.367538
v 0.041345 0.111985 0.386469
v 0.041395 0.041911 0.363113
v 0.041382 0.045036 0.378487
v 0.041401 0.095612 0.383488
v 0.041442 0.055272 0.363864
v 0.041415 0.100009 0.387674
v 0.041458 0.042264 0.364150
v 0.041447 0.111248 0.379189
v 0.041496 0.057576 0.363748
v 0.041499 0.028254 0.384466
v 0.041573 0.098736 0.377130
v 0.041606 0.054239 0.365659
v 0.041596 0.060822 0.374703
v 0.041609 0.015225 0.380019
v 0.041641 0.056532 0.362163
v 0.041638 0.060037 0.366870
v 0.041647 0.053855 0.360800
v 0.041663 0.112086 0.386982
v 0.041718 0.055130 0.359542
v 0.041704 0.053763 0.371983
v 0.041746 0.053829 0.359511
v 0.041750 0.036761 0.359094
v 0.041728 0.038268 0.384467
v 0.041807 0.096092 0.381989
v 0.041830 0.060876 0.369014
v 0.041828 0.042455 0.382816
v 0.041853 0.019829 0.373261
v 0.041879 0.038370 0.373140
v 0.041872 0.105750 0.376574
v 0.041897 0.053646 0.370394
v 0.041904 0.041730 0.376856
v 0.041917 0.039382 0.374917
v 0.041939 0.016584 0.382255
v 0.041989 0.033435 0.357391
v 0.041974 0.017181 0.382851
v 0.041988 0.038295 0.371679
v 0.042012 0.052928 0.361772
v 0.042020 0.055090 0.358538
v 0.042013 0.014119 0.375936
v 0.042030 0.014863 0.374648
v 0.042057 0.038517 0.360304
v 0.042047 0.053438 0.367820
v 0.042059 0.030798 0.370011
v 0.042073 0.053133 0.364416
v 0.042076 0.030394 0.372159
v 0.042072 0.038968 0.384123
v 0.042103 0.057551 0.359782
v 0.042108 0.059606 0.363356
v 0.042105 0.022021 0.383926
v 0.042101 0.099528 0.387326
v 0.042141 0.037240 0.371864
v 0.042136 0.055019 0.375144
v 0.042163 0.051835 0.360760
v 0.042147 0.042982 0.379777
v 0.042166 0.053784 0.373035
v 0.042176 0.028826 0.372973
v 0.042204 0.058231 0.360294
v 0.042198 0.029856 0.369251
v 0.042191 0.037383 0.374387
v 0.042206 0.031689 0.371930
v 0.042204 0.014754 0.381177
v 0.042213 0.037251 0.372787
v 0.042232 0.035484 0.371900
v 0.042233 0.032969 0.372741
v 0.042234 0.035479 0.371977
v 0.042236 0.032982 0.372495
v 0.042252 0.052097 0.358946
v 0.042277 0.053820 0.357998
v 0.042270 0.034379 0.372062
v 0.042272 0.034373 0.372213
v 0.042289 0.031552 0.373195
v 0.042317 0.052847 0.358678
v 0.042309 0.036435 0.373139
v 0.042291 0.098358 0.377912
v 0.042365 0.039563 0.361513
v 0.042377 0.037835 0.384231
v 0.042382 0.041829 0.381383
v 0.042374 0.097110 0.384674
v 0.042412 0.031439 0.370372
v 0.042401 0.033981 0.384332
v 0.042406 0.097783 0.385864
v 0.042417 0.097588 0.379100
v 0.042455 0.052668 0.358235
v 0.042476 0.035717 0.372970
v 0.042506 0.051242 0.360785
v 0.042498 0.038820 0.383501
v 0.042522 0.030636 0.373317
v 0.042523 0.053209 0.371591
v 0.042510 0.099843 0.376927
v 0.042522 0.097144 0.380592
v 0.042555 0.028317 0.367589
v 0.042568 0.051988 0.363456
v 0.042565 0.036835 0.371367
v 0.042597 0.061931 0.371785
v 0.042606 0.024191 0.373118
v 0.042655 0.036669 0.374419
v 0.042695 0.053830 0.357679
v 0.042698 0.030076 0.372993
v 0.042732 0.055070 0.357722
v 0.042720 0.031900 0.370883
v 0.042721 0.015058 0.373756
v 0.042725 0.038286 0.370295
v 0.042727 0.035776 0.371369
v 0.042736 0.052864 0.370157
v 0.042777 0.057443 0.358891
v 0.042794 0.030531 0.384318
v 0.042779 0.113248 0.383961
v 0.042822 0.052304 0.366534
v 0.042844 0.012596 0.380070
v 0.042881 0.051872 0.358671
v 0.042886 0.052673 0.357830
v 0.042916 0.040173 0.365504
v 0.042913 0.032584 0.371099
v 0.042910 0.012780 0.374979
v 0.042962 0.034246 0.373344
v 0.043004 0.025889 0.365305
v 0.043038 0.058191 0.359080
v 0.043002 0.097560 0.383549
v 0.043029 0.034130 0.371114
v 0.043029 0.030404 0.373352
v 0.043044 0.059463 0.361256
v 0.043047 0.050616 0.360823
v 0.043039 0.016813 0.383086
v 0.043054 0.014346 0.382204
v 0.043077 0.058623 0.359967
v 0.043038 0.112852 0.386490
v 0.043088 0.056919 0.358013
v 0.043083 0.028969 0.373097
v 0.043099 0.052076 0.357997
v 0.043091 0.060704 0.364138
v 0.043096 0.039798 0.363963
v 0.043065 0.112439 0.387043
v 0.043093 0.062011 0.373637
v 0.043097 0.060341 0.375098
v 0.043125 0.050801 0.359632
v 0.043132 0.050614 0.362078
v 0.043133 0.032792 0.373417
v 0.043156 0.031508 0.373459
v 0.043175 0.039173 0.362463
v 0.043176 0.031714 0.370169
v 0.043191 0.056049 0.375785
v 0.043244 0.050970 0.359026
v 0.043213 0.100153 0.377306
v 0.043220 0.038019 0.382334
v 0.043221 0.101452 0.376853
v 0.043269 0.034902 0.374446
v 0.043270 0.010926 0.376530
v 0.043279 0.038650 0.378084
v 0.043331 0.038993 0.379186
v 0.043338 0.034375 0.383763
v 0.043351 0.038974 0.380085
v 0.043346 0.097864 0.382221
v 0.043365 0.018633 0.383595
v 0.043390 0.054114 0.373793
v 0.043400 0.030506 0.369467
v 0.043403 0.031697 0.384081
v 0.043400 0.111569 0.378359
v 0.043466 0.057495 0.358624
v 0.043478 0.051025 0.365261
v 0.043459 0.112982 0.380085
v 0.043458 0.099990 0.386892
v 0.043485 0.035826 0.383166
v 0.043504 0.054749 0.374848
v 0.043522 0.038176 0.368248
v 0.043524 0.056584 0.375799
v 0.043512 0.102832 0.387880
v 0.043551 0.051604 0.366572
v 0.043571 0.058204 0.359048
v 0.043571 0.059056 0.360172
v 0.043557 0.011813 0.381720
v 0.043574 0.011351 0.374293
v 0.043590 0.059626 0.361170
v 0.043587 0.028286 0.367939
v 0.043577 0.053570 0.373165
v 0.043599 0.053842 0.357418
v 0.043602 0.055076 0.357472
v 0.043567 0.113545 0.385305
v 0.043615 0.052658 0.357678
v 0.043637 0.052000 0.357976
v 0.043662 0.060777 0.363960
v 0.043665 0.061216 0.374787
v 0.043676 0.052016 0.367983
v 0.043683 0.029241 0.368396
v 0.043692 0.050899 0.359010
v 0.043702 0.035239 0.358765
v 0.043691 0.035469 0.375944
v 0.043702 0.052884 0.371475
v 0.043722 0.032759 0.370179
v 0.043729 0.026897 0.366745
v 0.043740 0.050536 0.359696
v 0.043727 0.031915 0.384058
v 0.043745 0.031543 0.373903
v 0.043740 0.026914 0.384105
v 0.043748 0.009887 0.378652
v 0.043775 0.055711 0.375336
v 0.043807 0.050178 0.360884
v 0.043802 0.016468 0.383509
v 0.043844 0.023423 0.362437
v 0.043846 0.050154 0.362106
v 0.043879 0.019032 0.373011
v 0.043874 0.030988 0.384103
v 0.043902 0.025243 0.373101
v 0.043906 0.061828 0.368047
v 0.043920 0.010312 0.374868
v 0.043956 0.010800 0.380965
v 0.043997 0.098846 0.380080
v 0.044001 0.108187 0.376739
v 0.044032 0.052459 0.369834
v 0.044019 0.103775 0.376607
v 0.044056 0.025843 0.365538
v 0.044076 0.058149 0.359076
v 0.044041 0.101882 0.387537
v 0.044096 0.056904 0.358029
v 0.044095 0.109584 0.377058
v 0.044147 0.032515 0.357113
v 0.044121 0.028659 0.384111
v 0.044153 0.012471 0.373327
v 0.044177 0.057321 0.358719
v 0.044172 0.029874 0.373910
v 0.044174 0.031969 0.374524
v 0.044198 0.059599 0.361408
v 0.044192 0.015126 0.373120
v 0.044208 0.051984 0.357986
v 0.044213 0.037917 0.365924
v 0.044204 0.019792 0.383815
v 0.044301 0.035525 0.380957
v 0.044295 0.099282 0.385078
v 0.044360 0.035113 0.369065
v 0.044353 0.023642 0.383967
v 0.044393 0.035669 0.359524
v 0.044365 0.101509 0.377167
v 0.044391 0.051105 0.366709
v 0.044405 0.033342 0.369442
v 0.044414 0.060101 0.363071
v 0.044417 0.099676 0.379017
v 0.044463 0.027562 0.367248
v 0.044448 0.031150 0.383424
v 0.044458 0.010722 0.381801
v 0.044463 0.008868 0.379924
v 0.044451 0.113454 0.386944
v 0.044479 0.058268 0.375463
v 0.044515 0.033811 0.382203
v 0.044556 0.051528 0.358633
v 0.044566 0.058924 0.360906
v 0.044574 0.052955 0.371278
v 0.044547 0.100268 0.386287
v 0.044594 0.054932 0.357746
v 0.044646 0.050656 0.359762
v 0.044609 0.099186 0.381496
v 0.044635 0.102584 0.376827
v 0.044680 0.060996 0.365142
v 0.044673 0.011705 0.382751
v 0.044707 0.031737 0.369266
v 0.044726 0.050228 0.360930
v 0.044738 0.056157 0.358522
v 0.044723 0.053561 0.372773
v 0.044730 0.051876 0.368344
v 0.044695 0.112386 0.387593
v 0.044757 0.050123 0.362124
v 0.044721 0.108285 0.388150
v 0.044748 0.034470 0.379187
v 0.044775 0.024355 0.364181
v 0.044767 0.009398 0.374025
v 0.044808 0.050411 0.364046
v 0.044808 0.061297 0.374566
v 0.044792 0.105270 0.388065
v 0.044828 0.062055 0.368410
v 0.044838 0.056680 0.375649
v 0.044883 0.052276 0.369924
v 0.044895 0.031914 0.382900
v 0.044901 0.060366 0.375273
v 0.044918 0.020365 0.372950
v 0.044927 0.029978 0.368320
v 0.044931 0.025497 0.373387
v 0.044928 0.100951 0.377890
v 0.044973 0.026712 0.366702
v 0.044958 0.009144 0.381300
v 0.045002 0.054423 0.357923
v 0.045020 0.057010 0.359013
v 0.045032 0.053192 0.357926
v 0.044988 0.114206 0.382471
v 0.045017 0.062615 0.370557
v 0.045018 0.029379 0.383269
v 0.045043 0.062321 0.373774
v 0.045062 0.059654 0.362980
v 0.045045 0.030997 0.383045
v 0.045071 0.051250 0.366468
v 0.045085 0.035805 0.360495
v 0.045091 0.062815 0.371801
v 0.045107 0.062695 0.372944
v 0.045095 0.113322 0.379256
v 0.045112 0.031262 0.382520
v 0.045123 0.014377 0.383455
v 0.045176 0.051785 0.358927
v 0.045171 0.060887 0.365623
v 0.045202 0.050769 0.360155
v 0.045195 0.006843 0.374715
v 0.045215 0.051444 0.359665
v 0.045183 0.099712 0.383414
v 0.045223 0.025543 0.365568
v 0.045254 0.006639 0.376017
v 0.045310 0.060260 0.365264
v 0.045333 0.050626 0.360940
v 0.045334 0.036438 0.363404
v 0.045323 0.062070 0.368601
v 0.045353 0.054971 0.374643
v 0.045386 0.050931 0.365728
v 0.045440 0.050545 0.362155
v 0.045450 0.056333 0.359657
v 0.045438 0.061648 0.368211
v 0.045438 0.009605 0.382203
v 0.045470 0.050623 0.363443
v 0.045482 0.035944 0.361748
v 0.045502 0.051372 0.366076
v 0.045500 0.052304 0.369707
v 0.045479 0.106670 0.376579
v 0.045489 0.027351 0.383305
v 0.045538 0.028320 0.367579
v 0.045555 0.053619 0.372386
v 0.045601 0.034676 0.366980
v 0.045607 0.024767 0.383571
v 0.045645 0.051924 0.368122
v 0.045649 0.102299 0.377058
v 0.045679 0.027191 0.374070
v 0.045713 0.032554 0.357695
v 0.045709 0.058973 0.364742
v 0.045720 0.055035 0.359614
v 0.045758 0.052532 0.359652
v 0.045737 0.029274 0.382380
v 0.045750 0.030492 0.381392
v 0.045773 0.027659 0.374566
v 0.045776 0.052966 0.370234
v 0.045794 0.030816 0.367916
v 0.045822 0.060906 0.367869
v 0.045823 0.005708 0.374674
v 0.045852 0.053754 0.359615
v 0.045872 0.029061 0.375637
v 0.045878 0.100527 0.380373
v 0.045906 0.005355 0.378731
v 0.045919 0.052160 0.366702
v 0.045907 0.006819 0.381126
v 0.045924 0.030369 0.377312
v 0.045931 0.059050 0.375445
v 0.045952 0.054264 0.372939
v 0.045977 0.062475 0.370660
v 0.046018 0.056820 0.363679
v 0.045983 0.114795 0.383953
v 0.046013 0.056673 0.375123
v 0.046014 0.027675 0.382680
v 0.046046 0.007196 0.381831
v 0.046049 0.020458 0.383853
v 0.046073 0.062765 0.371846
v 0.046076 0.061259 0.374675
v 0.046084 0.021174 0.373138
v 0.046093 0.062381 0.373716
v 0.046117 0.052216 0.362227
v 0.046096 0.009032 0.382646
v 0.046106 0.055564 0.374180
v 0.046128 0.024484 0.365006
v 0.046117 0.062715 0.372964
v 0.046154 0.014517 0.372748
v 0.046160 0.007809 0.373301
v 0.046172 0.053217 0.361686
v 0.046184 0.023622 0.373593
v 0.046205 0.052046 0.364213
v 0.046230 0.026350 0.366332
v 0.046204 0.103889 0.376592
v 0.046233 0.053447 0.370915
v 0.046272 0.053328 0.370018
v 0.046302 0.004652 0.374107
v 0.046293 0.017066 0.383786
v 0.046307 0.005413 0.380217
v 0.046323 0.053887 0.370635
v 0.046374 0.029960 0.355943
v 0.046367 0.053723 0.368541
v 0.046375 0.054874 0.373469
v 0.046380 0.004085 0.374743
v 0.046391 0.056225 0.374744
v 0.046399 0.059850 0.368680
v 0.046401 0.013638 0.383511
v 0.046387 0.102771 0.387109
v 0.046434 0.031527 0.367182
v 0.046416 0.026611 0.382943
v 0.046455 0.054626 0.372658
v 0.046495 0.021740 0.362161
v 0.046498 0.057282 0.367159
v 0.046507 0.028995 0.367042
v 0.046527 0.023492 0.363926
v 0.046528 0.055574 0.373199
v 0.046529 0.056373 0.374144
v 0.046509 0.114978 0.385131
v 0.046551 0.062487 0.371896
v 0.046557 0.009561 0.382859
v 0.046566 0.062348 0.373586
v 0.046574 0.028707 0.380172
v 0.046563 0.101781 0.386130
v 0.046594 0.061138 0.374605
v 0.046608 0.062482 0.372999
v 0.046631 0.055805 0.368464
v 0.046672 0.003515 0.377170
v 0.046664 0.105214 0.376622
v 0.046678 0.007208 0.382138
v 0.046698 0.061637 0.374017
v 0.046708 0.058000 0.374987
v 0.046753 0.101676 0.379063
v 0.046791 0.059223 0.374969
v 0.046801 0.009240 0.372694
v 0.046804 0.055330 0.371727
v 0.046775 0.114144 0.387057
v 0.046819 0.061827 0.371898
v 0.046850 0.023767 0.374085
v 0.046849 0.101116 0.382101
v 0.046862 0.101431 0.385009
v 0.046927 0.023692 0.383008
v 0.046986 0.033587 0.364530
v 0.046970 0.027789 0.378834
v 0.046979 0.026174 0.381765
v 0.046989 0.060545 0.374198
v 0.047024 0.058007 0.374288
v 0.047058 0.032223 0.358344
v 0.047004 0.114800 0.386314
v 0.047031 0.104982 0.387894
v 0.047053 0.112538 0.377670
v 0.047112 0.059277 0.374278
v 0.047134 0.016184 0.372783
v 0.047152 0.058578 0.373082
v 0.047169 0.060622 0.373107
v 0.047170 0.005975 0.381993
v 0.047229 0.114807 0.386960
v 0.047318 0.102798 0.377914
v 0.047364 0.033427 0.362894
v 0.047361 0.008054 0.382699
v 0.047361 0.021800 0.383198
v 0.047400 0.024218 0.374822
v 0.047393 0.004085 0.381126
v 0.047448 0.004494 0.381730
v 0.047436 0.113718 0.378148
v 0.047497 0.024160 0.364551
v 0.047490 0.020206 0.373498
v 0.047503 0.031436 0.365663
v 0.047490 0.103997 0.376864
v 0.047485 0.112639 0.388032
v 0.047507 0.114164 0.378983
v 0.047537 0.019088 0.383265
v 0.047549 0.006408 0.382589
v 0.047660 0.001895 0.378406
v 0.047688 0.020914 0.361727
v 0.047660 0.015938 0.383362
v 0.047738 0.028898 0.365983
v 0.047729 0.024621 0.376066
v 0.047739 0.003096 0.373204
v 0.047790 0.022835 0.363762
v 0.047772 0.013385 0.383414
v 0.047846 0.002212 0.380355
v 0.047954 0.021365 0.382916
v 0.047975 0.102017 0.383762
v 0.048019 0.003866 0.381756
v 0.048079 0.029750 0.356530
v 0.048072 0.001043 0.374888
v 0.048119 0.009618 0.382987
v 0.048199 0.031667 0.359192
v 0.048227 0.021692 0.382322
v 0.048267 0.016487 0.373023
v 0.048278 0.012097 0.372520
v 0.048298 0.026929 0.365377
v 0.048351 0.008898 0.372364
v 0.048334 0.107035 0.376545
v 0.048335 0.115469 0.381270
v 0.048368 0.020194 0.374133
v 0.048352 0.109787 0.376546
v 0.048388 0.019423 0.382795
v 0.048369 0.114131 0.387508
v 0.048400 0.005032 0.382485
v 0.048541 0.031826 0.360628
v 0.048538 0.023149 0.377306
v 0.048560 0.000039 0.376598
v 0.048603 0.115508 0.386434
v 0.048634 0.102591 0.380683
v 0.048658 0.103126 0.385943
v 0.048731 0.115885 0.382670
v 0.048813 0.021600 0.362540
v 0.048802 0.105597 0.376745
v 0.048790 0.115163 0.386963
v 0.048853 0.024838 0.364664
v 0.048845 0.001859 0.381692
v 0.048874 0.021413 0.380832
v 0.048874 0.014901 0.383286
v 0.048886 0.022278 0.379076
v 0.048922 0.018186 0.359792
v 0.048881 0.106836 0.388019
v 0.048931 0.028739 0.364626
v 0.048896 0.114183 0.378253
v 0.048973 0.020017 0.361214
v 0.049004 0.019430 0.382109
v 0.049017 0.021350 0.376072
v 0.049048 0.102748 0.382497
v 0.049113 0.017650 0.382847
v 0.049156 0.020020 0.375049
v 0.049190 0.006706 0.382951
v 0.049211 0.016726 0.373519
v 0.049223 0.104656 0.377042
v 0.049224 0.112552 0.377128
v 0.049274 0.012626 0.372644
v 0.049243 0.116012 0.385690
v 0.049340 0.004595 0.372338
v 0.049355 0.103513 0.379014
v 0.049408 0.023109 0.363700
v 0.049475 0.105800 0.387745
v 0.049607 0.103401 0.385060
v 0.049621 0.104310 0.377881
v 0.049679 0.029584 0.362839
v 0.049665 0.104546 0.386880
v 0.049714 0.017308 0.374132
v 0.049855 0.010205 0.382938
v 0.049888 0.115768 0.379912
v 0.049943 0.016969 0.382054
v 0.050034 0.020867 0.361921
v 0.050043 0.002007 0.382165
v 0.050103 -0.000605 0.380924
v 0.050138 0.019054 0.377808
v 0.050172 0.013216 0.373031
v 0.050147 0.116558 0.384105
v 0.050200 0.018428 0.375746
v 0.050200 0.013386 0.382910
v 0.050244 -0.002416 0.374723
v 0.050270 0.026060 0.363546
v 0.050293 0.024758 0.363745
v 0.050249 0.108911 0.388200
v 0.050277 0.114958 0.378254
v 0.050392 0.017808 0.359560
v 0.050385 -0.001733 0.379802
v 0.050382 0.106622 0.376555
v 0.050475 0.019429 0.360999
v 0.050441 0.113916 0.377708
v 0.050457 0.107882 0.376380
v 0.050480 0.016550 0.374394
v 0.050476 0.016747 0.381689
v 0.050561 0.027757 0.356503
v 0.050579 0.016978 0.380989
v 0.050582 0.013753 0.382657
v 0.050627 -0.000787 0.381677
v 0.050641 0.003517 0.382549
v 0.050642 0.103855 0.383754
v 0.050722 0.027625 0.362437
v 0.050683 0.116546 0.386472
v 0.050694 0.115593 0.387274
v 0.050773 0.026253 0.355201
v 0.050750 0.105690 0.376975
v 0.050768 0.017350 0.379292
v 0.050816 0.012865 0.382724
v 0.050839 0.008037 0.372208
v 0.050956 0.028227 0.360880
v 0.050946 0.013958 0.373767
v 0.051049 0.010167 0.372631
v 0.051028 0.116337 0.387058
v 0.051157 0.026126 0.362431
v 0.051243 0.111417 0.376741
v 0.051275 0.013192 0.382107
v 0.051266 0.104171 0.382055
v 0.051367 -0.003124 0.373580
v 0.051343 0.104933 0.386126
v 0.051393 -0.001854 0.381446
v 0.051382 0.115527 0.378681
v 0.051466 0.114733 0.387961
v 0.051555 -0.003052 0.380768
v 0.051574 0.008837 0.382731
v 0.051589 -0.004217 0.378517
v 0.051624 0.017176 0.358800
v 0.051608 0.000396 0.382258
v 0.051606 0.116767 0.381401
v 0.051721 0.019200 0.360616
v 0.051704 0.014024 0.374768
v 0.051730 0.015307 0.377428
v 0.051773 0.000811 0.372053
v 0.051761 0.005777 0.382703
v 0.051795 0.014519 0.380231
v 0.051792 0.104602 0.380305
v 0.051961 0.024934 0.355599
v 0.051940 -0.004637 0.374261
v 0.052010 0.010286 0.373075
v 0.051990 0.106794 0.387560
v 0.052102 0.026775 0.358701
v 0.052121 0.026501 0.357282
v 0.052131 0.023371 0.361797
v 0.052092 0.105703 0.377851
v 0.052104 0.109800 0.376529
v 0.052117 0.117187 0.382762
v 0.052155 -0.001488 0.382206
v 0.052141 0.108106 0.387996
v 0.052255 0.008587 0.382656
v 0.052303 0.105254 0.378911
v 0.052377 0.019992 0.360892
v 0.052367 0.012426 0.381063
v 0.052415 0.105162 0.385078
v 0.052451 0.013388 0.375975
v 0.052541 -0.003241 0.381717
v 0.052620 0.024639 0.360741
v 0.052565 0.117516 0.386041
v 0.052626 0.115279 0.378063
v 0.052676 0.107487 0.376859
v 0.052695 0.113060 0.377023
v 0.052721 0.009368 0.382064
v 0.052756 0.002663 0.371846
v 0.052802 0.012945 0.378687
v 0.052823 0.007341 0.372530
v 0.052840 -0.002416 0.372177
v 0.052831 0.000922 0.382479
v 0.052872 -0.001370 0.382243
v 0.052990 0.108625 0.376621
v 0.052974 0.111772 0.388357
v 0.052999 0.116093 0.378406
v 0.053045 -0.005547 0.379893
v 0.053088 0.015189 0.356432
v 0.053062 0.010207 0.373894
v 0.053060 0.117036 0.387037
v 0.053186 0.024870 0.359628
v 0.053181 0.011251 0.374991
v 0.053236 0.109254 0.376409
v 0.053307 0.009741 0.381568
v 0.053372 0.023132 0.360518
v 0.053412 0.022233 0.354834
v 0.053372 0.105450 0.383611
v 0.053463 0.020666 0.360332
v 0.053497 0.023490 0.356328
v 0.053495 0.021885 0.360519
v 0.053533 -0.005000 0.381069
v 0.053539 0.010906 0.379825
v 0.053575 0.024184 0.358039
v 0.053535 0.117696 0.386426
v 0.053604 0.005529 0.382594
v 0.053641 0.019134 0.359609
v 0.053664 0.017469 0.358269
v 0.053677 0.007606 0.373030
v 0.053650 0.106886 0.387101
v 0.053684 0.011232 0.377123
v 0.053782 0.116633 0.387527
v 0.053896 0.009090 0.380971
v 0.053882 0.106349 0.386174
v 0.053950 -0.006578 0.373479
v 0.054006 0.117595 0.387045
v 0.054049 -0.006854 0.378816
v 0.054074 0.004032 0.372013
v 0.054154 0.117999 0.384136
v 0.054207 0.009808 0.375732
v 0.054337 0.111874 0.376497
v 0.054349 0.105861 0.381822
v 0.054389 0.117483 0.380433
v 0.054451 -0.002035 0.371701
v 0.054496 0.021950 0.356845
v 0.054521 0.008421 0.374535
v 0.054562 0.020230 0.355088
v 0.054529 0.006945 0.381703
v 0.054542 -0.006038 0.381432
v 0.054632 0.018931 0.358297
v 0.054657 0.021328 0.358618
v 0.054720 0.019995 0.358571
v 0.054707 -0.006423 0.380905
v 0.054742 -0.002982 0.382432
v 0.054788 0.017675 0.356830
v 0.054763 0.110127 0.376573
v 0.054808 -0.003823 0.382141
v 0.054819 0.107327 0.377663
v 0.054916 0.019143 0.357889
v 0.054890 0.000673 0.382448
v 0.054902 -0.005637 0.381793
v 0.054936 0.004724 0.372556
v 0.054911 0.117828 0.381431
v 0.054965 -0.008401 0.374551
v 0.055042 0.020294 0.356737
v 0.055014 0.008708 0.378261
v 0.055098 0.017847 0.355389
v 0.055098 -0.007425 0.380066
v 0.055136 0.106645 0.385178
v 0.055223 0.019111 0.356635
v 0.055227 0.006038 0.373411
v 0.055242 0.106424 0.380171
v 0.055248 0.116077 0.378045
v 0.055238 0.108729 0.387855
v 0.055290 -0.008588 0.377283
v 0.055383 0.007484 0.379712
v 0.055516 0.007193 0.375095
v 0.055529 0.113303 0.376829
v 0.055585 -0.008657 0.378774
v 0.055582 0.116823 0.378663
v 0.055615 -0.002663 0.382365
v 0.055733 0.115105 0.377270
v 0.055762 0.007322 0.376359
v 0.055777 -0.005179 0.371770
v 0.055746 0.107029 0.378794
v 0.055782 0.005902 0.380779
v 0.055805 0.002242 0.382164
v 0.055868 -0.007388 0.381386
v 0.055921 0.005911 0.374184
v 0.055910 0.118402 0.382927
v 0.055911 0.116164 0.388141
v 0.056004 -0.008649 0.380144
v 0.056013 0.114470 0.388435
v 0.056111 -0.004384 0.382371
v 0.056224 0.004068 0.381669
v 0.056252 -0.007002 0.381733
v 0.056404 0.001799 0.372124
v 0.056399 0.107807 0.387012
v 0.056460 0.110781 0.388320
v 0.056550 -0.009953 0.375889
v 0.056694 -0.002540 0.371477
v 0.056680 -0.008367 0.380880
v 0.056740 0.116726 0.378167
v 0.056849 0.109050 0.376953
v 0.056910 0.118516 0.386766
v 0.056955 0.005606 0.377285
v 0.057026 0.001868 0.381716
v 0.056998 0.108878 0.387679
v 0.057068 -0.000611 0.371742
v 0.057050 0.112498 0.376658
v 0.057084 0.002372 0.372656
v 0.057048 0.117663 0.387998
v 0.057094 0.005243 0.378511
v 0.057196 0.004479 0.374741
v 0.057223 -0.000414 0.382281
v 0.057316 0.003337 0.373502
v 0.057328 -0.002426 0.382385
v 0.057363 0.004255 0.379728
v 0.057358 0.110713 0.376512
v 0.057364 0.116274 0.377769
v 0.057421 -0.010525 0.374379
v 0.057489 -0.006379 0.382024
v 0.057558 0.117224 0.388160
v 0.057623 0.107930 0.378317
v 0.057631 0.118286 0.387503
v 0.057688 -0.008327 0.381676
v 0.057711 0.002629 0.380832
v 0.057775 -0.008910 0.381419
v 0.057788 -0.009438 0.380702
v 0.057830 0.119175 0.385418
v 0.057883 0.113860 0.376721
v 0.057961 0.003958 0.375992
v 0.058013 0.118920 0.387139
v 0.058067 0.001168 0.381570
v 0.058054 0.108575 0.377931
v 0.058055 0.107612 0.381758
v 0.058165 -0.010344 0.379899
v 0.058179 0.117577 0.378270
v 0.058176 0.108056 0.385282
v 0.058453 -0.005207 0.382160
v 0.058512 0.109907 0.377067
v 0.058603 -0.009753 0.372109
v 0.058760 -0.000715 0.372089
v 0.058811 -0.009594 0.381244
v 0.058829 0.002655 0.378729
v 0.058845 -0.012005 0.375844
v 0.058858 -0.007148 0.382152
v 0.058878 -0.001573 0.381795
v 0.058904 0.001654 0.373782
v 0.058949 -0.008423 0.381922
v 0.058930 0.118359 0.379922
v 0.058986 -0.011101 0.372703
v 0.058965 0.108140 0.380072
v 0.058979 0.108448 0.378814
v 0.059311 0.001773 0.374716
v 0.059325 0.002312 0.377232
v 0.059336 -0.009113 0.371686
v 0.059362 -0.012209 0.373377
v 0.059462 -0.010708 0.380708
v 0.059504 0.001257 0.379686
v 0.059669 -0.000231 0.372807
v 0.059649 0.110198 0.388092
v 0.059665 0.109560 0.377690
v 0.059734 0.109063 0.386504
v 0.059788 0.001561 0.375723
v 0.059782 0.000008 0.380627
v 0.059791 -0.001029 0.381226
v 0.059891 -0.011251 0.372039
v 0.059855 0.118577 0.387876
v 0.059962 -0.007573 0.371288
v 0.059946 -0.004035 0.381879
v 0.059958 0.109790 0.387503
v 0.060105 -0.010485 0.381418
v 0.060128 -0.012720 0.378796
v 0.060117 0.110305 0.377136
v 0.060111 0.118178 0.378971
v 0.060242 0.115775 0.377209
v 0.060279 -0.011911 0.380412
v 0.060275 0.110734 0.388178
v 0.060305 0.112896 0.376804
v 0.060299 0.119661 0.384808
v 0.060427 -0.012780 0.372907
v 0.060435 -0.005391 0.371384
v 0.060402 0.119306 0.387403
v 0.060521 0.109242 0.378198
v 0.060563 0.110429 0.388034
v 0.060582 0.116628 0.388644
v 0.060647 0.108801 0.383786
v 0.060724 0.119746 0.386671
v 0.060819 -0.003853 0.371665
v 0.060831 0.000193 0.378473
v 0.060851 -0.007235 0.382098
v 0.061011 -0.000778 0.373648
v 0.061054 -0.002945 0.381300
v 0.061019 0.119085 0.388089
v 0.061049 0.109274 0.385607
v 0.061229 -0.002923 0.372102
v 0.061254 -0.001993 0.380708
v 0.061314 -0.000464 0.374757
v 0.061423 -0.014047 0.375757
v 0.061452 -0.000281 0.375967
v 0.061500 0.111441 0.377065
v 0.061484 0.113746 0.388834
v 0.061683 0.109787 0.378479
v 0.061724 0.110084 0.378045
v 0.061771 -0.012434 0.380604
v 0.061785 0.118740 0.379242
v 0.061952 0.118076 0.378441
v 0.062040 -0.000882 0.377193
v 0.062160 -0.010327 0.381621
v 0.062170 -0.001894 0.379604
v 0.062154 0.112416 0.388538
v 0.062172 0.109309 0.381631
v 0.062376 -0.014518 0.373341
v 0.062340 0.120205 0.387198
v 0.062398 0.120135 0.382955
v 0.062725 0.117207 0.377709
v 0.062811 -0.001929 0.378239
v 0.062874 -0.012341 0.371274
v 0.062917 -0.002001 0.374998
v 0.062921 0.109836 0.379598
v 0.062953 0.115560 0.388990
v 0.063066 -0.003674 0.372634
v 0.063075 -0.005066 0.381424
v 0.063115 -0.009158 0.381701
v 0.063111 0.115137 0.377031
v 0.063160 -0.003796 0.380536
v 0.063171 -0.012192 0.381431
v 0.063143 0.111704 0.388190
v 0.063157 0.110420 0.387069
v 0.063195 0.110252 0.378659
v 0.063295 -0.014556 0.379367
v 0.063295 0.116282 0.377257
v 0.063457 -0.015113 0.373223
v 0.063509 -0.014787 0.372469
v 0.063523 -0.002384 0.375984
v 0.063538 -0.005497 0.371802
v 0.063617 -0.003122 0.373837
v 0.063600 0.110515 0.378127
v 0.063751 -0.015417 0.374220
v 0.063788 -0.014176 0.371675
v 0.063805 -0.007281 0.371348
v 0.063921 0.110239 0.385279
v 0.064081 -0.015275 0.378501
v 0.064091 -0.015605 0.372735
v 0.064097 0.120123 0.380886
v 0.064193 -0.003036 0.377193
v 0.064187 0.111289 0.377821
v 0.064258 -0.014553 0.380350
v 0.064408 0.120794 0.386266
v 0.064414 0.111357 0.387581
v 0.064437 0.118670 0.388893
v 0.064482 0.118790 0.378669
v 0.064545 -0.003657 0.378466
v 0.064638 -0.009883 0.371107
v 0.064626 -0.004237 0.379560
v 0.064791 0.118162 0.378058
v 0.064863 -0.003778 0.374813
v 0.064875 -0.016241 0.375858
v 0.064933 -0.007728 0.381439
v 0.065158 0.110409 0.383424
v 0.065278 -0.006495 0.380946
v 0.065291 0.120201 0.388109
v 0.065422 -0.014917 0.371583
v 0.065408 -0.011491 0.381505
v 0.065437 -0.015508 0.379659
v 0.065452 0.113010 0.388544
v 0.065521 -0.015646 0.371805
v 0.065516 0.111043 0.378793
v 0.065567 0.120839 0.387202
v 0.065690 -0.015114 0.380365
v 0.065760 -0.004324 0.375956
v 0.065918 0.114298 0.376996
v 0.066032 -0.006646 0.372069
v 0.066054 -0.005675 0.380206
v 0.066072 -0.005651 0.372939
v 0.066040 0.111285 0.386536
v 0.066130 -0.005094 0.373865
v 0.066140 -0.016768 0.374137
v 0.066148 -0.016167 0.372170
v 0.066377 -0.004882 0.377245
v 0.066399 -0.015972 0.371615
v 0.066430 -0.008171 0.371471
v 0.066495 -0.016817 0.373032
v 0.066552 0.110837 0.381574
v 0.066573 0.119777 0.379418
v 0.066620 -0.005410 0.378585
v 0.066635 0.112517 0.388133
v 0.066701 0.114570 0.389021
v 0.066763 -0.016998 0.372658
v 0.066915 -0.016873 0.378917
v 0.066917 -0.015955 0.380302
v 0.066961 -0.008242 0.381216
v 0.066923 0.121529 0.385268
v 0.066965 0.111785 0.378133
v 0.067065 -0.007397 0.380610
v 0.067150 0.117569 0.377311
v 0.067221 -0.016355 0.379808
v 0.067307 -0.005652 0.374736
v 0.067333 0.118070 0.389111
v 0.067424 0.119063 0.389002
v 0.067438 0.121114 0.387707
v 0.067473 0.112113 0.387439
v 0.067509 0.119227 0.378359
v 0.067645 -0.015046 0.370965
v 0.067741 0.119951 0.388731
v 0.067798 0.111445 0.385069
v 0.067983 -0.011291 0.381375
v 0.068087 0.111479 0.380113
v 0.068149 -0.014775 0.381299
v 0.068171 -0.006099 0.375956
v 0.068233 -0.017067 0.371706
v 0.068243 -0.017910 0.375413
v 0.068204 0.120834 0.388324
v 0.068309 -0.016932 0.379912
v 0.068399 -0.010739 0.371056
v 0.068416 -0.016617 0.371528
v 0.068386 0.112962 0.377746
v 0.068414 0.121855 0.386634
v 0.068461 0.113851 0.377359
v 0.068534 -0.008682 0.371689
v 0.068578 -0.016528 0.380230
v 0.068629 -0.017849 0.377127
v 0.068700 -0.006550 0.377273
v 0.068783 -0.007485 0.379658
v 0.068864 -0.007005 0.378626
v 0.068882 -0.007975 0.372308
v 0.068895 -0.017592 0.372161
v 0.068904 -0.007150 0.373428
v 0.069009 -0.016067 0.380623
v 0.068991 0.113882 0.388644
v 0.069111 -0.017343 0.371566
v 0.069261 -0.018412 0.373314
v 0.069458 -0.018339 0.372656
v 0.069414 0.111721 0.383383
v 0.069490 0.121700 0.388188
v 0.069521 0.112247 0.379038
v 0.069647 -0.010114 0.371289
v 0.069718 0.116661 0.377260
v 0.069778 -0.013563 0.370863
v 0.069986 -0.007383 0.374677
v 0.069943 0.112433 0.386650
v 0.070050 -0.010991 0.381141
v 0.070145 0.112908 0.378306
v 0.070192 -0.008560 0.380085
v 0.070194 0.122295 0.384017
v 0.070261 -0.016696 0.371220
v 0.070430 0.121119 0.380293
v 0.070459 0.119981 0.389110
v 0.070572 0.113200 0.388233
v 0.070584 0.120499 0.379240
v 0.070615 0.118026 0.377485
v 0.070704 -0.007674 0.375997
v 0.070816 0.121118 0.388742
v 0.070964 -0.010245 0.380745
v 0.070929 0.121813 0.381704
v 0.071020 -0.018346 0.371720
v 0.071064 -0.015735 0.370906
v 0.071087 -0.017311 0.380374
v 0.071113 -0.008042 0.377362
v 0.071126 -0.018744 0.378312
v 0.071196 0.113067 0.387608
v 0.071316 -0.009593 0.380208
v 0.071337 -0.008561 0.378731
v 0.071446 0.119070 0.377932
v 0.071507 -0.019190 0.377195
v 0.071502 0.113386 0.388095
v 0.071638 -0.018742 0.372182
v 0.071601 0.114080 0.388461
v 0.071729 0.117425 0.389389
v 0.071750 0.112327 0.381825
v 0.071872 -0.018093 0.371502
v 0.071923 -0.018598 0.371619
v 0.071951 -0.010273 0.371627
v 0.072037 -0.009422 0.372394
v 0.072122 0.112614 0.385089
v 0.072282 -0.009415 0.379399
v 0.072286 -0.018337 0.379620
v 0.072319 -0.008966 0.373472
v 0.072418 -0.019488 0.373269
v 0.072506 -0.019678 0.375154
v 0.072653 0.114659 0.377663
v 0.072753 0.112793 0.380203
v 0.072891 -0.008904 0.374812
v 0.072913 -0.016672 0.380960
v 0.072993 0.115767 0.377310
v 0.072985 0.115936 0.389332
v 0.073094 0.120454 0.378737
v 0.073262 0.122945 0.386734
v 0.073356 -0.009237 0.377522
v 0.073388 -0.009082 0.376257
v 0.073458 -0.015289 0.381144
v 0.073509 0.122238 0.388565
v 0.073529 0.122701 0.387879
v 0.073567 0.112811 0.383708
v 0.073736 -0.012258 0.370985
v 0.073827 0.114227 0.378172
v 0.073884 -0.017630 0.371034
v 0.073885 -0.011971 0.380720
v 0.073994 -0.013578 0.381053
v 0.074094 -0.014083 0.370763
v 0.074053 0.118623 0.377457
v 0.074033 0.119879 0.389466
v 0.074122 -0.011018 0.380135
v 0.074318 -0.009934 0.378390
v 0.074426 0.113639 0.379093
v 0.074565 0.117407 0.377388
v 0.074613 -0.016404 0.370644
v 0.074561 0.121717 0.379540
v 0.074632 -0.010526 0.379319
v 0.074604 0.113508 0.386555
v 0.074626 0.115068 0.388775
v 0.074744 0.123017 0.388316
v 0.074779 0.122864 0.382119
v 0.074897 -0.011171 0.371581
v 0.074951 -0.010715 0.372360
v 0.074973 0.121906 0.389310
v 0.075080 -0.019816 0.371672
v 0.075304 -0.011651 0.371552
v 0.075430 0.114109 0.387669
v 0.075554 -0.019417 0.371293
v 0.075582 -0.018940 0.380316
v 0.075616 -0.020164 0.372294
v 0.075739 -0.019801 0.379217
v 0.075759 -0.011371 0.371683
v 0.075698 0.114681 0.388358
v 0.075803 -0.010429 0.373730
v 0.075853 -0.010183 0.375290
v 0.075815 0.122671 0.380982
v 0.075998 -0.019986 0.371555
v 0.075961 0.113400 0.381351
v 0.075998 -0.020245 0.378237
v 0.076102 -0.020962 0.374479
v 0.076178 0.120284 0.378244
v 0.076254 0.123392 0.387680
v 0.076334 -0.020935 0.376634
v 0.076341 -0.010437 0.376923
v 0.076413 0.123671 0.385006
v 0.076647 -0.012170 0.380276
v 0.076736 0.122802 0.388836
v 0.076786 0.123467 0.382986
v 0.076993 -0.021149 0.373629
v 0.077025 -0.019201 0.371133
v 0.077037 -0.019488 0.380050
v 0.077168 0.118773 0.377647
v 0.077372 0.123341 0.388362
v 0.077481 -0.021112 0.372581
v 0.077474 0.113844 0.385135
v 0.077537 0.113944 0.380260
v 0.077554 0.115764 0.377800
v 0.077630 -0.011236 0.378194
v 0.077661 -0.012337 0.371663
v 0.077727 -0.013168 0.371198
v 0.078015 -0.011067 0.374563
v 0.078007 -0.019884 0.380111
v 0.078047 0.116612 0.389342
v 0.078170 -0.014507 0.370789
v 0.078129 0.113816 0.383159
v 0.078195 0.114917 0.378640
v 0.078273 -0.018113 0.380992
v 0.078247 0.121776 0.379206
v 0.078418 -0.012007 0.379211
v 0.078560 -0.011967 0.372486
v 0.078556 0.121506 0.389641
v 0.078615 0.115803 0.388882
v 0.078713 0.118083 0.389704
v 0.078745 0.123813 0.388006
v 0.078802 -0.014244 0.380611
v 0.078861 -0.016545 0.381035
v 0.078978 -0.020836 0.378755
v 0.079023 -0.011598 0.373677
v 0.079011 -0.019329 0.380591
v 0.079045 -0.011339 0.375694
v 0.079109 0.114579 0.379432
v 0.079253 -0.020486 0.371436
v 0.079191 0.122682 0.389339
v 0.079323 -0.021116 0.371679
v 0.079343 0.124277 0.386830
v 0.079437 0.115299 0.388245
v 0.079508 -0.016262 0.370595
v 0.079531 0.117530 0.377388
v 0.079597 -0.021702 0.373341
v 0.079565 0.118745 0.377462
v 0.079698 -0.021362 0.372216
v 0.079758 -0.021669 0.376085
v 0.079727 0.120262 0.378041
v 0.079828 0.123553 0.388815
v 0.080028 0.123060 0.380298
v 0.080236 -0.021289 0.371584
v 0.080286 -0.011849 0.376985
v 0.080314 -0.019547 0.370901
v 0.080469 0.120182 0.389964
v 0.080502 0.124304 0.388327
v 0.080632 -0.014485 0.370970
v 0.080730 -0.013472 0.371546
v 0.080744 -0.013131 0.379580
v 0.080859 -0.012004 0.374568
v 0.080864 -0.013795 0.380069
v 0.080866 0.114447 0.381579
v 0.080982 -0.018260 0.370548
v 0.081013 -0.012360 0.378056
v 0.081105 0.115823 0.378411
v 0.081307 -0.018103 0.380827
v 0.081542 -0.022267 0.374514
v 0.081540 0.116822 0.389327
v 0.081649 0.115097 0.387074
v 0.081684 0.121911 0.378833
v 0.081988 -0.021656 0.378441
v 0.081945 0.117801 0.389776
v 0.082024 -0.022359 0.372750
v 0.082151 0.124255 0.381940
v 0.082233 -0.020905 0.371181
v 0.082201 0.114944 0.380246
v 0.082181 0.123490 0.389378
v 0.082196 0.124867 0.385817
v 0.082273 -0.013223 0.372212
v 0.082387 -0.021115 0.379393
v 0.082404 -0.012751 0.373308
v 0.082358 0.116759 0.377963
v 0.082428 0.122701 0.389814
v 0.082571 -0.022402 0.376420
v 0.082565 -0.019128 0.380691
v 0.082637 -0.015829 0.370666
v 0.082628 -0.015912 0.380619
v 0.082606 0.115464 0.379179
v 0.082653 -0.012457 0.375735
v 0.082666 0.116354 0.388897
v 0.082795 -0.020239 0.380271
v 0.082911 -0.022550 0.373288
v 0.082909 0.118236 0.377775
v 0.083133 -0.021778 0.371547
v 0.083168 -0.022196 0.372157
v 0.083300 0.115924 0.388317
v 0.083393 0.114996 0.385044
v 0.083510 -0.013396 0.378673
v 0.083579 -0.014906 0.371051
v 0.083571 0.119591 0.377924
v 0.083681 -0.014096 0.379538
v 0.083862 0.125166 0.387851
v 0.083955 0.121049 0.378256
v 0.084049 -0.012911 0.374522
v 0.084123 -0.017109 0.380731
v 0.084263 -0.015045 0.380084
v 0.084402 -0.013096 0.377113
v 0.084515 -0.014084 0.371529
v 0.084776 0.124425 0.389383
v 0.084919 -0.022448 0.371619
v 0.084896 0.115142 0.383228
v 0.084985 0.116296 0.378685
v 0.085078 0.123255 0.379595
v 0.085145 -0.013934 0.372273
v 0.085199 -0.019589 0.380905
v 0.085228 -0.018315 0.380821
v 0.085296 -0.014763 0.371384
v 0.085224 0.123848 0.389586
v 0.085237 0.124788 0.389008
v 0.085330 -0.022094 0.371234
v 0.085463 -0.020337 0.370536
v 0.085512 -0.022084 0.379072
v 0.085510 0.115640 0.379882
v 0.085611 -0.020578 0.380484
v 0.085856 -0.014390 0.371663
v 0.085792 0.124527 0.389439
v 0.085958 -0.022546 0.371556
v 0.085966 -0.022709 0.372111
v 0.085924 0.124162 0.380592
v 0.086007 -0.017517 0.370492
v 0.085947 0.116121 0.388394
v 0.086079 0.117443 0.389492
v 0.086203 0.125344 0.384629
v 0.086238 0.117841 0.378067
v 0.086235 0.125521 0.386734
v 0.086268 0.116029 0.379228
v 0.086745 -0.016301 0.380362
v 0.086767 0.115569 0.381250
v 0.087068 -0.013584 0.375424
v 0.087094 -0.013840 0.373607
v 0.087138 -0.023362 0.374798
v 0.087161 0.125456 0.387978
v 0.087232 -0.014035 0.377947
v 0.087198 0.116874 0.388813
v 0.087328 -0.016463 0.370502
v 0.087294 0.120036 0.390237
v 0.087400 0.118882 0.378026
v 0.087424 0.122854 0.379123
v 0.087542 0.122855 0.390164
v 0.087578 0.116292 0.387785
v 0.087744 0.115928 0.386426
v 0.088292 -0.014883 0.379052
v 0.088497 -0.022165 0.379706
v 0.088524 -0.014626 0.372287
v 0.088521 0.125669 0.388468
v 0.088605 0.123955 0.379932
v 0.088716 -0.015776 0.379855
v 0.088687 0.118845 0.389924
v 0.088780 0.117192 0.378463
v 0.088801 0.116153 0.379388
v 0.088882 0.116560 0.379102
v 0.089071 -0.023517 0.376818
v 0.089077 -0.014119 0.376812
v 0.089029 0.115895 0.384849
v 0.089025 0.124096 0.389850
v 0.089166 -0.023193 0.371933
v 0.089228 0.120117 0.378132
v 0.089423 -0.016101 0.371022
v 0.089461 -0.017180 0.370579
v 0.089547 -0.015328 0.371557
v 0.089497 0.118054 0.389559
v 0.089677 -0.017410 0.380497
v 0.089831 -0.019550 0.370446
v 0.089952 -0.022912 0.371412
v 0.089942 -0.021699 0.380264
v 0.090091 -0.019636 0.380735
v 0.090467 -0.014356 0.374425
v 0.090414 0.125746 0.383426
v 0.090539 -0.023863 0.372932
v 0.090921 0.118174 0.378307
v 0.090982 -0.016600 0.380086
v 0.091005 -0.022829 0.379314
v 0.091004 0.122575 0.378719
v 0.091124 0.116125 0.383061
v 0.091195 0.124768 0.380634
v 0.091407 -0.014843 0.377786
v 0.091639 -0.015508 0.371528
v 0.091643 -0.022291 0.370832
v 0.091678 -0.014894 0.373084
v 0.091720 -0.014515 0.375600
v 0.091755 0.126071 0.387954
v 0.091795 0.116652 0.379739
v 0.091784 0.117244 0.388507
v 0.091975 0.117920 0.389421
v 0.092000 0.125516 0.381827
v 0.092131 -0.023696 0.378240
v 0.092202 0.125551 0.389368
v 0.092339 0.117033 0.379210
v 0.092441 -0.016111 0.371321
v 0.092393 0.121320 0.378338
v 0.092542 -0.017191 0.370640
v 0.092552 0.125137 0.389689
v 0.092722 -0.024187 0.375594
v 0.092771 -0.021148 0.370523
v 0.092721 0.116850 0.387378
v 0.092735 0.116549 0.386097
v 0.093002 0.124430 0.379643
v 0.093126 -0.018570 0.370375
v 0.093130 -0.014865 0.376679
v 0.093117 0.117601 0.378740
v 0.093165 -0.020817 0.380650
v 0.093181 -0.022624 0.380020
v 0.093254 -0.023852 0.371612
v 0.093213 0.119224 0.378224
v 0.093316 -0.015511 0.372150
v 0.093360 0.125842 0.388930
v 0.093368 0.119197 0.390046
v 0.093520 -0.016209 0.379427
v 0.093489 0.120316 0.390247
v 0.093616 0.121576 0.390375
v 0.093695 0.122863 0.390355
v 0.093792 -0.015588 0.378480
v 0.093841 -0.023460 0.371351
v 0.093908 -0.018643 0.380689
v 0.093956 0.125838 0.389544
v 0.094146 0.122225 0.378484
v 0.094151 0.124128 0.390298
v 0.094232 -0.024282 0.376828
v 0.094270 -0.015035 0.374371
v 0.094214 0.126538 0.386644
v 0.094246 0.116671 0.380941
v 0.094461 -0.024407 0.373357
v 0.094516 -0.023974 0.371612
v 0.094651 -0.024159 0.372230
v 0.094916 0.117006 0.379819
v 0.094983 -0.016291 0.371440
v 0.095080 0.116705 0.384781
v 0.095236 0.118101 0.389134
v 0.095365 -0.022045 0.380524
v 0.095455 -0.023509 0.379491
v 0.095544 0.126432 0.388033
v 0.095779 0.117250 0.379235
v 0.095924 -0.017371 0.380123
v 0.096011 -0.017022 0.370984
v 0.095987 0.120359 0.378247
v 0.096136 -0.015275 0.375653
v 0.096200 0.126204 0.382598
v 0.096335 -0.024720 0.374408
v 0.096543 0.119036 0.389866
v 0.096636 -0.019801 0.380740
v 0.096803 0.125693 0.381172
v 0.096983 0.118385 0.378481
v 0.097082 0.123535 0.379072
v 0.097332 -0.015689 0.377240
v 0.097421 0.125046 0.380192
v 0.097626 -0.022296 0.370519
v 0.097558 0.126696 0.384292
v 0.097703 -0.018192 0.370470
v 0.097722 -0.024522 0.372010
v 0.097806 0.117878 0.388402
v 0.097907 -0.023096 0.380229
v 0.098112 -0.016346 0.378609
v 0.098264 -0.016640 0.371305
v 0.098269 -0.025024 0.376207
v 0.098308 0.117021 0.383003
v 0.098334 0.126186 0.389746
v 0.098336 0.121489 0.390402
v 0.098426 0.124579 0.379685
v 0.098662 -0.025016 0.372736
v 0.098625 0.118644 0.389377
v 0.098792 -0.024223 0.379144
v 0.098815 -0.018724 0.380469
v 0.098794 0.123986 0.390374
v 0.098805 0.126943 0.386535
v 0.098878 -0.017108 0.379508
v 0.098857 0.121535 0.378369
v 0.098897 0.120337 0.390184
v 0.099045 0.119433 0.378383
v 0.099201 -0.023597 0.379918
v 0.099221 -0.015796 0.374184
v 0.099466 -0.024367 0.371271
v 0.099504 -0.016239 0.372479
v 0.099520 0.127031 0.388489
v 0.099787 -0.021088 0.380985
v 0.099919 -0.019534 0.370394
v 0.100009 -0.017941 0.380059
v 0.100018 -0.025030 0.377353
v 0.100260 -0.017766 0.370843
v 0.100441 -0.021423 0.370348
v 0.100426 0.122827 0.390459
v 0.100621 0.117621 0.379592
v 0.100705 0.117581 0.386825
v 0.100838 -0.022853 0.380572
v 0.100928 -0.015956 0.375798
v 0.100860 0.119480 0.389830
v 0.101336 -0.025267 0.373899
v 0.101270 0.125285 0.390128
v 0.101286 0.126594 0.382490
v 0.101314 0.125329 0.380219
v 0.101457 -0.016454 0.377937
v 0.101423 0.118666 0.378800
v 0.101537 -0.025076 0.372168
v 0.101508 0.122904 0.378699
v 0.101763 0.117479 0.384894
v 0.102072 0.120527 0.378321
v 0.102363 -0.018922 0.370540
v 0.102276 0.126850 0.389246
v 0.102358 -0.016286 0.377006
v 0.102502 -0.019937 0.380712
v 0.102565 -0.024579 0.371170
v 0.102712 -0.017819 0.379735
v 0.102742 -0.016948 0.371435
v 0.102712 0.118785 0.389507
v 0.102913 -0.024186 0.380171
v 0.103182 -0.016841 0.372005
v 0.103342 -0.016461 0.373216
v 0.103371 -0.017467 0.371141
v 0.103354 -0.017155 0.378901
v 0.103303 0.118222 0.387938
v 0.103313 0.118563 0.388911
v 0.103437 -0.022185 0.380837
v 0.103460 0.124427 0.379343
v 0.103515 0.118298 0.379246
v 0.103490 0.121690 0.390393
v 0.103530 0.119378 0.389704
v 0.103652 -0.017007 0.371487
v 0.103599 0.117667 0.381260
v 0.104208 -0.016335 0.374720
v 0.104183 0.126222 0.381021
v 0.104385 -0.018805 0.380274
v 0.104315 0.127068 0.389432
v 0.104365 0.119504 0.378515
v 0.104502 0.120482 0.390093
v 0.104605 0.126699 0.389732
v 0.104640 0.118793 0.378848
v 0.104728 -0.023282 0.380611
v 0.104886 0.118053 0.379926
v 0.104906 0.117998 0.386492
v 0.105006 0.127329 0.383755
v 0.105199 -0.025560 0.373140
v 0.105180 0.127265 0.388833
v 0.105243 0.127152 0.389492
v 0.105414 -0.016521 0.376351
v 0.105464 -0.021288 0.380903
v 0.105474 -0.016831 0.377789
v 0.105621 0.124632 0.390491
v 0.105902 0.121963 0.378403
v 0.105964 -0.022376 0.381052
v 0.106000 -0.024433 0.380283
v 0.105981 0.117829 0.383319
v 0.106198 0.127657 0.387422
v 0.106354 -0.025350 0.372054
v 0.106361 -0.019098 0.370593
v 0.106448 -0.020388 0.370397
v 0.106543 -0.024358 0.370941
v 0.106613 -0.024874 0.371295
v 0.106567 0.119117 0.389280
v 0.106731 -0.017016 0.372419
v 0.106893 0.118474 0.379120
v 0.106872 0.127849 0.385499
v 0.107172 -0.023582 0.370576
v 0.107176 -0.018091 0.379630
v 0.107270 -0.025967 0.374410
v 0.107323 -0.018255 0.370996
v 0.107328 0.125769 0.379908
v 0.107604 -0.017575 0.371595
v 0.107575 0.127191 0.381881
v 0.107777 -0.025364 0.371438
v 0.107788 -0.016750 0.373844
v 0.107734 0.122870 0.390471
v 0.107785 0.123634 0.378760
v 0.107918 0.121476 0.390405
v 0.108009 -0.025619 0.378167
v 0.108010 -0.025101 0.379501
v 0.108017 0.126156 0.389984
v 0.108091 0.120527 0.378340
v 0.108445 -0.025994 0.376224
v 0.108544 0.127076 0.389552
v 0.108577 0.119637 0.378537
v 0.108682 0.118202 0.385362
v 0.108759 -0.016751 0.375476
v 0.109309 -0.023627 0.380669
v 0.109378 -0.026004 0.373075
v 0.109318 0.120338 0.389851
v 0.109435 -0.020216 0.380689
v 0.109672 -0.024586 0.380188
v 0.109702 -0.024855 0.371042
v 0.109622 0.118620 0.387355
v 0.109770 0.127598 0.388941
v 0.109849 -0.017515 0.378647
v 0.109933 -0.018118 0.371235
v 0.110048 0.128146 0.386449
v 0.110249 -0.017063 0.377540
v 0.110197 0.118233 0.381931
v 0.110325 -0.022063 0.381023
v 0.110378 0.127944 0.387922
v 0.110490 -0.017561 0.371927
v 0.110493 -0.025472 0.371441
v 0.110488 0.124971 0.379172
v 0.110652 0.118446 0.380295
v 0.110716 0.126582 0.380407
v 0.110875 -0.018931 0.380153
v 0.111054 0.118694 0.379192
v 0.111264 -0.025895 0.372088
v 0.111207 0.121640 0.378244
v 0.111389 0.119271 0.378821
v 0.111594 -0.026302 0.374438
v 0.111673 0.119224 0.388601
v 0.111725 0.128146 0.384269
v 0.111833 -0.019314 0.370436
v 0.111940 -0.018210 0.379537
v 0.112009 0.119877 0.378467
v 0.112182 -0.017951 0.371252
v 0.112256 -0.017215 0.373061
v 0.112332 -0.025138 0.379943
v 0.112391 0.122944 0.378350
v 0.112404 0.122366 0.390395
v 0.112572 -0.016984 0.374673
v 0.112854 -0.017031 0.376166
v 0.112959 -0.025703 0.371197
v 0.112898 0.118457 0.383677
v 0.113025 -0.024631 0.380421
v 0.112972 0.121422 0.390189
v 0.113204 0.119921 0.389358
v 0.113337 -0.022762 0.370399
v 0.113346 -0.025704 0.379280
v 0.113523 -0.020922 0.370356
v 0.113627 -0.026122 0.377947
v 0.113694 0.124234 0.378616
v 0.113859 0.127559 0.389642
v 0.113925 0.120750 0.378221
v 0.113903 0.128413 0.385369
v 0.114037 0.124051 0.390504
v 0.114297 -0.020004 0.370414
v 0.114300 -0.017751 0.371943
v 0.114440 -0.018748 0.370871
v 0.114381 0.119447 0.378748
v 0.114547 0.126120 0.379616
v 0.114573 0.119013 0.379361
v 0.114723 0.125790 0.390128
v 0.114980 0.128347 0.388326
v 0.115186 -0.024594 0.370593
v 0.115194 0.127505 0.381356
v 0.115315 -0.018265 0.371289
v 0.115295 -0.020957 0.380987
v 0.115267 0.120766 0.389829
v 0.115564 -0.019636 0.380475
v 0.115574 -0.024136 0.380917
v 0.115560 0.118653 0.381748
v 0.115668 -0.017912 0.378944
v 0.115741 -0.019434 0.370572
v 0.115878 -0.017317 0.377602
v 0.115942 0.119794 0.378306
v 0.116193 -0.018513 0.379871
v 0.116241 -0.026464 0.373150
v 0.116507 0.118869 0.385774
v 0.116555 0.118835 0.380319
v 0.116767 0.128518 0.387649
v 0.116866 0.128317 0.383010
v 0.117088 -0.017151 0.375719
v 0.117122 0.127540 0.389564
v 0.117259 -0.017220 0.374062
v 0.117347 0.127945 0.389128
v 0.117424 -0.025561 0.380250
v 0.117363 0.126949 0.389825
v 0.117498 -0.017565 0.372645
v 0.117515 -0.020295 0.370398
v 0.117547 0.119416 0.378869
v 0.117608 0.121780 0.390286
v 0.117918 0.120134 0.389435
v 0.118103 -0.018102 0.371644
v 0.118128 0.119398 0.387771
v 0.118241 -0.018813 0.370941
v 0.118260 0.122158 0.378027
v 0.118346 0.119852 0.388912
v 0.118531 -0.026468 0.377549
v 0.118570 0.120738 0.389662
v 0.118627 0.127194 0.380325
v 0.119104 0.125456 0.378669
v 0.119097 0.120260 0.389392
v 0.119308 -0.026119 0.379089
v 0.119283 0.119104 0.379621
v 0.119299 0.118864 0.383367
v 0.119391 -0.025123 0.370799
v 0.119327 0.119827 0.378447
v 0.119536 -0.019571 0.370562
v 0.119632 -0.021488 0.370315
v 0.119841 -0.024334 0.370442
v 0.119749 0.124818 0.390255
v 0.119918 -0.018258 0.379355
v 0.119883 0.120674 0.378089
v 0.119975 0.124039 0.378099
v 0.120071 0.127748 0.389605
v 0.120326 -0.019071 0.380140
v 0.120395 -0.017703 0.378299
v 0.120594 -0.026175 0.371774
v 0.120589 -0.026618 0.374246
v 0.120642 0.128437 0.388537
v 0.120730 -0.022379 0.381138
v 0.121021 -0.017862 0.372101
v 0.120951 0.119977 0.388644
v 0.121042 -0.020148 0.380738
v 0.121048 0.118956 0.381071
v 0.121203 -0.026491 0.372680
v 0.121272 -0.024710 0.380743
v 0.121263 0.119446 0.378907
v 0.121322 0.126608 0.389919
v 0.121562 -0.025655 0.380296
v 0.121527 0.128813 0.385884
v 0.121747 -0.025750 0.371196
v 0.121776 0.120824 0.389435
v 0.122138 -0.023673 0.381079
v 0.122225 -0.017364 0.373315
v 0.122237 -0.018432 0.371294
v 0.122170 0.119839 0.378167
v 0.122498 0.128669 0.387615
v 0.122615 -0.020224 0.370408
v 0.122823 -0.017320 0.376785
v 0.122845 -0.017211 0.375026
v 0.122935 -0.025095 0.370771
v 0.122848 0.128784 0.383938
v 0.122940 -0.021163 0.381090
v 0.122931 0.126778 0.379333
v 0.122946 0.121468 0.389650
v 0.123167 -0.019232 0.370705
v 0.123300 0.119113 0.384587
v 0.123427 -0.017976 0.378894
v 0.123485 -0.022958 0.370329
v 0.123725 0.124270 0.390060
v 0.123741 0.127436 0.389483
v 0.123836 -0.018459 0.379722
v 0.123882 0.119049 0.379642
v 0.123896 0.120499 0.388970
v 0.124120 0.128138 0.389063
v 0.124145 0.128406 0.381380
v 0.124354 -0.024371 0.370498
v 0.124574 -0.026384 0.371692
v 0.124654 0.121004 0.389319
v 0.124876 -0.017967 0.371719
v 0.124790 0.119455 0.386424
v 0.124925 0.128545 0.388290
v 0.125161 -0.025103 0.380609
v 0.125176 0.125010 0.378041
v 0.125237 0.119944 0.378234
v 0.125238 0.119544 0.378827
v 0.125316 0.120506 0.377956
v 0.125445 0.120020 0.388222
v 0.125607 -0.025778 0.371177
v 0.125532 0.119107 0.380707
v 0.125703 -0.019384 0.380370
v 0.125629 0.122835 0.389728
v 0.125666 0.121797 0.377649
v 0.125741 -0.017609 0.377999
v 0.125880 -0.026462 0.378977
v 0.125848 0.127816 0.380036
v 0.126105 -0.026884 0.375070
v 0.126161 -0.024365 0.381106
v 0.126373 -0.021104 0.370294
v 0.126438 -0.026795 0.373033
v 0.126387 0.126850 0.389617
v 0.126547 0.119116 0.382279
v 0.126740 0.119269 0.379761
v 0.126969 -0.025103 0.370750
v 0.127135 -0.020535 0.381076
v 0.127271 -0.018756 0.370812
v 0.127383 0.123343 0.377666
v 0.127510 -0.025769 0.379952
v 0.127601 -0.019766 0.370462
v 0.127664 -0.017708 0.372314
v 0.127851 0.128321 0.380582
v 0.128055 -0.026403 0.371664
v 0.127959 0.128949 0.387656
v 0.128086 -0.017968 0.378879
v 0.128301 -0.024358 0.370373
v 0.128349 0.128786 0.382181
v 0.128399 0.119860 0.378035
v 0.128511 0.127659 0.389123
v 0.128586 0.128452 0.388440
v 0.128638 0.126494 0.378451
v 0.128842 0.119915 0.387412
v 0.128941 0.125126 0.389650
v 0.129103 0.121243 0.389251
v 0.129298 -0.025095 0.380775
v 0.129409 -0.018147 0.371463
v 0.129430 -0.017220 0.374240
v 0.129460 0.120476 0.388388
v 0.129578 -0.025762 0.371167
v 0.129626 -0.017415 0.373082
v 0.129643 -0.017333 0.377059
v 0.129850 0.119535 0.378998
v 0.130244 0.119281 0.380346
v 0.130368 -0.018544 0.379715
v 0.130469 -0.026884 0.376040
v 0.130527 0.120806 0.377709
v 0.130510 0.128108 0.388776
v 0.130832 -0.026454 0.378942
v 0.130872 -0.022054 0.370257
v 0.130834 0.127495 0.379023
v 0.130980 -0.017563 0.377984
v 0.130998 -0.026858 0.373841
v 0.131097 -0.025105 0.370743
v 0.131090 0.125640 0.377932
v 0.131243 0.124609 0.377622
v 0.131367 -0.017161 0.375795
v 0.131362 -0.021460 0.381338
v 0.131328 0.119322 0.383984
v 0.131492 -0.018579 0.370903
v 0.131422 0.121417 0.389127
v 0.131511 0.129148 0.384800
v 0.131686 0.128837 0.387661
v 0.131764 -0.024481 0.381066
v 0.131809 -0.025780 0.379962
v 0.132066 -0.026191 0.371623
v 0.131998 0.122910 0.389239
v 0.132108 -0.019492 0.380517
v 0.132053 0.127989 0.379600
v 0.132095 0.119648 0.386086
v 0.132288 -0.019179 0.370537
v 0.132294 0.126966 0.389209
v 0.132643 -0.020300 0.370296
v 0.132830 -0.026609 0.372331
v 0.132732 0.129033 0.386680
v 0.132876 -0.017715 0.372051
v 0.132998 -0.025080 0.380803
v 0.132947 0.120222 0.388110
v 0.133096 -0.024415 0.370472
v 0.133109 -0.018187 0.371245
v 0.133082 0.119870 0.377930
v 0.133316 0.120074 0.387658
v 0.133557 0.120787 0.388443
v 0.133719 0.126575 0.378172
v 0.133802 0.122133 0.377332
v 0.133851 -0.023562 0.381366
v 0.133840 0.120278 0.388050
v 0.133884 0.128716 0.388272
v 0.134078 0.127875 0.388692
v 0.134291 -0.026670 0.377189
v 0.134514 -0.026848 0.375088
v 0.134757 -0.017816 0.378729
v 0.134850 0.128609 0.380245
v 0.135045 -0.023031 0.370285
v 0.135294 -0.025111 0.370725
v 0.135303 0.119300 0.381129
v 0.135407 -0.026171 0.371675
v 0.135393 -0.020458 0.381129
v 0.135438 -0.018577 0.370768
v 0.135501 0.128908 0.387334
v 0.135619 0.123927 0.377227
v 0.135777 -0.017251 0.373138
v 0.135772 -0.017075 0.374571
v 0.135768 -0.025647 0.380205
v 0.135748 0.121915 0.388712
v 0.135885 -0.026534 0.378940
v 0.135862 0.127444 0.378574
v 0.135969 0.120753 0.377493
v 0.136198 -0.017257 0.377147
v 0.136119 0.124618 0.389040
v 0.136152 0.119536 0.379114
v 0.136545 -0.024491 0.370375
v 0.136588 0.125493 0.377462
v 0.136735 -0.018017 0.371256
v 0.136868 0.126666 0.388927
v 0.137058 0.120151 0.387254
v 0.137225 -0.024388 0.381125
v 0.137231 0.128041 0.379074
v 0.137268 0.129199 0.386174
v 0.137403 -0.018276 0.379876
v 0.137452 -0.025857 0.371070
v 0.137369 0.128944 0.381352
v 0.137651 0.121064 0.388127
v 0.137831 0.128617 0.388099
v 0.137865 0.129144 0.382963
v 0.137905 0.123216 0.388900
v 0.138026 0.119840 0.386216
v 0.138276 -0.017526 0.371878
v 0.138421 -0.020910 0.381143
v 0.138436 0.120502 0.387593
v 0.138532 -0.022404 0.381382
v 0.138582 -0.019879 0.380839
v 0.138715 0.119926 0.377742
v 0.138823 -0.019094 0.370293
v 0.139110 -0.020851 0.370215
v 0.139078 -0.024983 0.380642
v 0.139349 -0.026646 0.373445
v 0.139290 0.126737 0.377709
v 0.139377 0.119489 0.384436
v 0.139552 -0.017964 0.379218
v 0.139541 0.121294 0.377007
v 0.139620 -0.026237 0.372072
v 0.139731 -0.024975 0.370680
v 0.139762 -0.016949 0.375493
v 0.139807 -0.018723 0.380056
v 0.139733 0.128910 0.387279
v 0.139869 -0.023535 0.381291
v 0.139890 0.120481 0.377373
v 0.140035 -0.018437 0.370683
v 0.140445 -0.017368 0.378087
v 0.140441 0.123029 0.376828
v 0.140845 -0.025492 0.380047
v 0.140931 -0.025918 0.379385
v 0.140890 0.119292 0.382155
v 0.141382 0.120161 0.386879
v 0.141606 -0.025786 0.371062
v 0.141713 0.120863 0.387563
v 0.141806 -0.026567 0.376613
v 0.141773 0.120053 0.377614
v 0.141758 0.127803 0.388208
v 0.141786 0.128351 0.379000
v 0.141867 -0.020118 0.380882
v 0.141847 0.119646 0.378376
v 0.141976 -0.016923 0.373537
v 0.141993 0.119333 0.379876
v 0.142115 -0.026212 0.378440
v 0.142089 0.121945 0.388220
v 0.142146 0.129312 0.384828
v 0.142234 0.127637 0.377918
v 0.142393 -0.022446 0.370233
v 0.142383 -0.019157 0.380391
v 0.142519 -0.023880 0.370385
v 0.142515 0.126126 0.377094
v 0.142727 -0.024343 0.381015
v 0.142871 -0.024937 0.380546
v 0.142934 0.128915 0.380019
v 0.142951 0.128376 0.387620
v 0.143053 -0.018158 0.379582
v 0.143187 -0.016916 0.376729
v 0.143273 -0.017509 0.378734
v 0.143244 0.129147 0.386194
v 0.143325 0.124899 0.376719
v 0.143685 -0.019036 0.370254
v 0.143822 0.128809 0.387139
v 0.143914 0.120301 0.377085
v 0.144085 0.121861 0.376509
v 0.144065 0.124763 0.388433
v 0.144192 0.119975 0.377517
v 0.144287 -0.026057 0.371809
v 0.144369 0.120680 0.376799
v 0.144416 -0.020882 0.381060
v 0.144581 -0.024673 0.370559
v 0.144550 0.120453 0.386987
v 0.144740 -0.018144 0.370622
v 0.144625 0.126773 0.388245
v 0.144774 -0.026326 0.372923
v 0.144826 -0.022357 0.381186
v 0.144840 -0.025370 0.380101
v 0.144785 0.119752 0.385395
v 0.145289 -0.017015 0.371227
v 0.145420 0.127164 0.377197
v 0.145567 0.120089 0.386379
v 0.145621 0.120045 0.376928
v 0.145695 -0.023696 0.381093
v 0.145707 -0.024503 0.380798
v 0.145696 0.121016 0.387359
v 0.145798 0.129252 0.381259
v 0.146020 -0.019500 0.380625
v 0.145961 0.129410 0.383439
v 0.146090 -0.017001 0.377859
v 0.146204 -0.026495 0.374527
v 0.146479 0.128219 0.378075
v 0.146585 0.128502 0.387131
v 0.146711 -0.018387 0.379924
v 0.146766 -0.016601 0.374873
v 0.146797 -0.025713 0.371073
v 0.146740 0.127585 0.387837
v 0.146789 0.119244 0.378419
v 0.146847 0.123512 0.376264
v 0.146854 0.123097 0.388033
v 0.147120 -0.016983 0.371297
v 0.147502 -0.020480 0.370178
v 0.147503 -0.016695 0.372765
v 0.147536 -0.017434 0.370893
v 0.147645 -0.025776 0.379182
v 0.147690 -0.018728 0.370214
v 0.147759 -0.017238 0.378853
v 0.147703 0.128915 0.386330
v 0.147838 -0.026122 0.371846
v 0.148157 -0.023100 0.370243
v 0.148073 0.119295 0.383221
v 0.148297 0.120192 0.386711
v 0.148486 0.121049 0.376322
v 0.148514 0.121786 0.387558
v 0.148623 0.126326 0.376561
v 0.148655 0.122313 0.376099
v 0.148731 -0.026212 0.377236
v 0.148759 -0.025175 0.380024
v 0.148726 0.119120 0.380437
v 0.148795 0.120074 0.386088
v 0.149037 -0.025668 0.371394
v 0.149101 -0.025016 0.370886
v 0.149075 0.120756 0.386871
v 0.149228 0.129269 0.384989
v 0.149390 -0.016548 0.376599
v 0.149483 -0.018002 0.370369
v 0.149571 -0.022632 0.381054
v 0.149545 0.128700 0.378639
v 0.149674 0.120308 0.386583
v 0.150002 -0.026288 0.373729
v 0.150044 -0.023760 0.380809
v 0.150089 -0.026317 0.375632
v 0.150113 -0.024013 0.370526
v 0.150094 0.128733 0.386839
v 0.150291 -0.017003 0.371185
v 0.150282 -0.021112 0.381044
v 0.150298 -0.019789 0.380810
v 0.150330 0.119467 0.377383
v 0.150513 0.128042 0.377405
v 0.150569 0.124031 0.387637
v 0.150948 -0.025591 0.371158
v 0.151021 -0.025875 0.372140
v 0.151112 -0.016615 0.371946
v 0.151102 0.121664 0.375892
v 0.151301 0.125900 0.387572
v 0.151390 0.127873 0.387003
v 0.151697 -0.017684 0.379555
v 0.151827 -0.017342 0.370726
v 0.151908 0.119609 0.384923
v 0.151996 -0.025654 0.378646
v 0.152032 -0.016285 0.373294
v 0.152043 0.128913 0.385867
v 0.152167 -0.019047 0.370191
v 0.152132 0.120024 0.385855
v 0.152123 0.127112 0.387193
v 0.152256 -0.018718 0.380364
v 0.152374 0.119707 0.376361
v 0.152371 0.119114 0.378357
v 0.152410 0.121122 0.375666
v 0.152491 -0.025292 0.379925
v 0.152465 0.125173 0.375825
v 0.152724 -0.023044 0.380938
v 0.152740 -0.016608 0.377864
v 0.152812 0.122752 0.375692
v 0.152850 0.127465 0.376612
v 0.152867 0.120853 0.375856
v 0.152909 0.129074 0.379656
v 0.152931 0.122563 0.387280
v 0.153114 -0.024840 0.380170
v 0.153179 -0.016135 0.375028
v 0.153275 -0.025296 0.379490
v 0.153396 -0.025241 0.379871
v 0.153611 -0.025980 0.372959
v 0.153559 0.121117 0.386766
v 0.153625 0.128273 0.377403
v 0.153740 -0.016753 0.371206
v 0.153902 -0.021941 0.381019
v 0.153870 0.128309 0.386300
v 0.154091 -0.017833 0.370272
v 0.154184 -0.023765 0.380632
v 0.154334 -0.025865 0.377257
v 0.154271 0.118944 0.381622
v 0.154442 -0.025168 0.371260
v 0.154504 -0.025546 0.371859
v 0.154514 0.120374 0.386140
v 0.154677 0.119277 0.377006
v 0.154778 -0.024435 0.370841
v 0.154877 0.121381 0.375551
v 0.155155 -0.022810 0.370274
v 0.155135 -0.025359 0.378921
v 0.155181 0.127560 0.386580
v 0.155348 -0.016840 0.378784
v 0.155531 -0.016211 0.371940
v 0.155454 0.126858 0.375985
v 0.155497 0.129269 0.383284
v 0.155504 0.128997 0.384604
v 0.155660 -0.020653 0.370146
v 0.155693 -0.024402 0.380145
v 0.155645 0.119883 0.385516
v 0.155885 -0.017948 0.380009
v 0.155925 -0.017101 0.370620
v 0.155978 -0.016070 0.376606
v 0.155967 0.128749 0.378255
v 0.156306 0.119631 0.376121
v 0.156301 0.118811 0.379585
v 0.156708 -0.022983 0.380990
v 0.156833 -0.024875 0.379542
v 0.156937 -0.022330 0.380979
v 0.157005 0.126668 0.386715
v 0.157098 -0.017225 0.379458
v 0.157083 0.119059 0.383786
v 0.157156 -0.019431 0.380945
v 0.157199 0.118891 0.377871
v 0.157241 0.129233 0.381985
v 0.157320 -0.023469 0.380553
v 0.157283 0.129076 0.379783
v 0.157311 0.128606 0.385448
v 0.157322 0.120191 0.385846
v 0.157476 -0.016453 0.371045
v 0.157417 0.127721 0.376383
v 0.157395 0.123612 0.386843
v 0.157457 0.120449 0.375448
v 0.157640 -0.025225 0.371332
v 0.157601 0.119813 0.375514
v 0.157608 0.119427 0.384754
v 0.157976 -0.018611 0.370137
v 0.158025 -0.025798 0.374744
v 0.158071 -0.015653 0.372997
v 0.158158 -0.017565 0.370275
v 0.158236 0.120652 0.386075
v 0.158290 0.124194 0.375216
v 0.158668 -0.025381 0.372345
v 0.158690 -0.015658 0.375251
v 0.158691 0.127985 0.385752
v 0.158851 0.122019 0.375133
v 0.158883 0.126276 0.375423
v 0.158988 0.118920 0.376444
v 0.159054 -0.024200 0.379931
v 0.159147 0.125243 0.386535
v 0.159600 -0.024500 0.371085
v 0.159586 0.127265 0.386136
v 0.159794 -0.018610 0.380493
v 0.159897 -0.016075 0.377824
v 0.159880 0.128335 0.377065
v 0.160204 -0.015725 0.371288
v 0.160178 0.121743 0.386293
v 0.160223 0.129026 0.383501
v 0.160322 0.127081 0.375705
v 0.160508 -0.016707 0.370409
v 0.160500 -0.025124 0.378744
v 0.160523 0.119740 0.385473
v 0.161084 -0.023110 0.380480
v 0.161043 0.118579 0.381107
v 0.161202 -0.025370 0.373645
v 0.161260 -0.024924 0.371707
v 0.161248 -0.019532 0.380752
v 0.161261 0.120550 0.375044
v 0.161305 0.119170 0.375715
v 0.161976 -0.016496 0.379007
v 0.162068 -0.024499 0.371061
v 0.162125 -0.017428 0.379998
v 0.162318 -0.024157 0.379990
v 0.162286 0.127506 0.375878
v 0.162387 -0.021697 0.370172
v 0.162332 0.128354 0.384701
v 0.162413 -0.022150 0.380728
v 0.162469 -0.023403 0.370592
v 0.162431 0.118833 0.376065
v 0.162556 0.128641 0.378219
v 0.162720 -0.017390 0.370122
v 0.162634 0.118454 0.378584
v 0.162702 -0.015431 0.376480
v 0.162804 0.120545 0.385737
v 0.162912 -0.025094 0.372628
v 0.162966 0.125955 0.385901
v 0.163173 -0.016842 0.379833
v 0.163478 0.118939 0.384102
v 0.163592 -0.015231 0.372070
v 0.163687 -0.020690 0.380778
v 0.163667 0.127692 0.385169
v 0.163894 0.118912 0.375402
v 0.163940 0.121407 0.374596
v 0.163974 0.119673 0.385304
v 0.164133 0.119360 0.375090
v 0.164154 0.118713 0.375774
v 0.164280 0.118474 0.376881
v 0.164366 -0.015028 0.374806
v 0.164363 0.125216 0.374675
v 0.164514 -0.015525 0.371136
v 0.164551 0.128672 0.383409
v 0.164764 -0.018901 0.370007
v 0.164746 0.128801 0.379672
v 0.164802 0.126793 0.385442
v 0.164978 0.126728 0.375082
v 0.165227 0.122964 0.374368
v 0.165299 0.119252 0.384604
v 0.165393 -0.025011 0.376753
v 0.165332 0.122089 0.385601
v 0.165439 -0.018851 0.380639
v 0.165383 0.118505 0.382602
v 0.165600 -0.017657 0.380320
v 0.165642 -0.016777 0.379847
v 0.166001 -0.016093 0.370384
v 0.166137 -0.024723 0.371794
v 0.166157 -0.023867 0.379853
v 0.166269 0.127584 0.375653
v 0.166478 -0.024246 0.371137
v 0.166528 -0.014735 0.373193
v 0.166504 0.119966 0.374554
v 0.166584 -0.015373 0.377785
v 0.166505 0.119659 0.384830
v 0.166894 -0.024909 0.373588
v 0.166800 0.128827 0.381411
v 0.166931 -0.016012 0.379209
v 0.166884 0.124228 0.385563
v 0.167014 -0.024256 0.378708
v 0.167160 -0.021241 0.370227
v 0.167521 -0.022237 0.380655
v 0.167442 0.127406 0.385001
v 0.167504 0.118757 0.384128
v 0.167542 0.128431 0.383985
v 0.167671 -0.015098 0.370804
v 0.167691 -0.024828 0.375645
v 0.167871 -0.023791 0.379357
v 0.167938 0.118203 0.376239
v 0.168408 0.118002 0.377675
v 0.168510 -0.024823 0.374429
v 0.168432 0.128261 0.376483
v 0.168763 -0.014648 0.371755
v 0.168837 -0.014624 0.376003
v 0.168945 0.120863 0.374014
v 0.169028 0.118452 0.374830
v 0.169147 -0.023098 0.379857
v 0.169196 -0.024351 0.372136
v 0.169209 -0.016261 0.379943
v 0.169548 -0.014773 0.371056
v 0.169559 0.125869 0.384952
v 0.169588 0.120433 0.384752
v 0.169593 0.128548 0.382306
v 0.169602 0.119363 0.384365
v 0.169843 -0.014318 0.374436
v 0.169806 0.126190 0.374160
v 0.169864 0.117876 0.380226
v 0.170084 -0.020968 0.380678
v 0.170150 -0.015052 0.370677
v 0.170279 -0.016874 0.370051
v 0.170275 -0.024026 0.371197
v 0.170334 -0.023564 0.379219
v 0.170486 -0.019064 0.380649
v 0.170657 -0.015071 0.378498
v 0.170690 0.124262 0.373730
v 0.170730 0.126988 0.374584
v 0.170719 0.127684 0.383872
v 0.170807 0.118651 0.383954
v 0.170808 0.128237 0.383057
v 0.171252 0.119181 0.374068
v 0.171244 0.126887 0.384309
v 0.171306 0.127574 0.375127
v 0.171378 0.118416 0.374526
v 0.171539 -0.022390 0.370510
v 0.171579 -0.024259 0.376486
v 0.171670 -0.014239 0.371068
v 0.171720 -0.024286 0.373152
v 0.171716 0.118568 0.374042
v 0.171771 -0.017165 0.380569
v 0.171924 -0.015533 0.379757
v 0.171951 -0.023840 0.378783
v 0.171984 -0.022007 0.380222
v 0.172344 0.117645 0.375575
v 0.172446 -0.015342 0.370352
v 0.172806 -0.023238 0.370994
v 0.172717 0.121753 0.384546
v 0.172855 -0.022809 0.379689
v 0.172967 -0.013877 0.372949
v 0.173069 0.119405 0.384092
v 0.173184 -0.013988 0.371704
v 0.173235 -0.014606 0.370671
v 0.173277 -0.023874 0.372045
v 0.173334 0.117965 0.382238
v 0.173451 -0.014126 0.376901
v 0.173456 0.118574 0.373928
v 0.173599 0.128470 0.381925
v 0.173705 0.122072 0.373214
v 0.173667 0.127889 0.383059
v 0.173863 -0.023507 0.371381
v 0.173952 0.119995 0.373365
v 0.174085 -0.013733 0.374802
v 0.174098 0.118026 0.374376
v 0.174126 0.126270 0.384003
v 0.174402 -0.020562 0.370139
v 0.174410 -0.024060 0.374013
v 0.174401 -0.023223 0.378922
v 0.174391 0.118943 0.373557
v 0.174397 0.128447 0.380451
v 0.174525 0.120288 0.384132
v 0.174795 -0.014305 0.378592
v 0.174764 0.127223 0.374282
v 0.174888 -0.014008 0.371033
v 0.174851 0.128165 0.376080
v 0.174952 0.118217 0.383031
v 0.175051 0.127093 0.383536
v 0.175116 0.127703 0.374942
v 0.175516 0.126507 0.373662
v 0.175528 0.128341 0.378244
v 0.175796 -0.023068 0.370939
v 0.175924 -0.023531 0.377527
v 0.175896 0.118266 0.373641
v 0.175938 0.118564 0.383674
v 0.175957 0.125076 0.384006
v 0.176087 -0.022655 0.379761
v 0.176137 -0.014389 0.370500
v 0.176147 -0.015297 0.379831
v 0.176199 0.125268 0.373116
v 0.176253 -0.019043 0.380527
v 0.176426 -0.017346 0.380471
v 0.176564 -0.022074 0.379970
v 0.176679 0.119247 0.383665
v 0.176736 0.117362 0.375065
v 0.176784 -0.022734 0.379248
v 0.176720 0.118330 0.383175
v 0.176834 -0.013445 0.371604
v 0.176856 -0.023298 0.371715
v 0.176891 -0.014419 0.379147
v 0.176911 -0.020743 0.380275
v 0.176867 0.118603 0.383562
v 0.176971 -0.022545 0.379675
v 0.177057 -0.023701 0.372711
v 0.177091 -0.016004 0.380202
v 0.177171 -0.017441 0.370030
v 0.177306 0.123791 0.372718
v 0.177396 -0.013577 0.370736
v 0.177444 0.117478 0.373805
v 0.177598 -0.021783 0.370481
v 0.177773 0.118699 0.372855
v 0.177812 0.127292 0.382728
v 0.177992 -0.014992 0.370110
v 0.177899 0.117770 0.382407
v 0.177929 0.117341 0.374227
v 0.177956 0.120575 0.383721
v 0.178025 0.128184 0.380878
v 0.178132 -0.022997 0.378365
v 0.178247 -0.012966 0.373023
v 0.178200 0.117018 0.377365
v 0.178358 -0.012997 0.375168
v 0.178337 0.117395 0.373690
v 0.178429 0.117941 0.373344
v 0.178808 0.127860 0.381840
v 0.178839 0.126406 0.383133
v 0.178899 0.118352 0.372809
v 0.178947 0.120254 0.372505
v 0.179008 -0.022608 0.379012
v 0.179016 -0.013564 0.378276
v 0.179102 0.118873 0.372726
v 0.179124 0.122878 0.383652
v 0.179149 0.128306 0.379975
v 0.179267 0.117068 0.380666
v 0.179378 -0.023494 0.375636
v 0.179319 0.127346 0.373596
v 0.179435 -0.012859 0.371108
v 0.179510 -0.013011 0.376894
v 0.179516 -0.021581 0.379828
v 0.179748 -0.013953 0.370297
v 0.179714 0.117350 0.381601
v 0.179843 -0.022712 0.371087
v 0.179874 0.118319 0.382870
v 0.180024 -0.014154 0.379595
v 0.180266 -0.020634 0.370340
v 0.180207 0.117471 0.373383
v 0.180202 0.127655 0.374545
v 0.180273 0.116853 0.375072
v 0.180426 -0.022893 0.372037
v 0.180473 -0.013201 0.370717
v 0.180486 -0.022117 0.379339
v 0.180525 -0.023067 0.377208
v 0.180466 0.119080 0.383332
v 0.180528 0.127999 0.375681
v 0.180703 -0.014575 0.379814
v 0.180755 -0.013720 0.379058
v 0.181179 -0.013996 0.379714
v 0.181154 0.116918 0.373988
v 0.181305 -0.021426 0.370638
v 0.181416 -0.012265 0.373864
v 0.181447 -0.015655 0.380226
v 0.181445 0.125959 0.372591
v 0.181684 -0.017097 0.380417
v 0.181747 0.117597 0.382224
v 0.181852 -0.023069 0.374240
v 0.181879 -0.018906 0.380450
v 0.181903 -0.020615 0.380077
v 0.181908 0.117832 0.372631
v 0.181973 -0.012207 0.375260
v 0.182037 0.116608 0.379045
v 0.182030 0.120031 0.383082
v 0.182159 0.118954 0.372149
v 0.182363 -0.012495 0.370935
v 0.182329 0.117032 0.373310
v 0.182411 -0.019004 0.370126
v 0.182303 0.118805 0.382846
v 0.182484 -0.014958 0.370043
v 0.182407 0.127129 0.382153
v 0.182435 0.116708 0.380712
v 0.182661 -0.012047 0.371777
v 0.182735 -0.022413 0.378641
v 0.182702 0.117236 0.372575
v 0.182857 -0.013644 0.370151
v 0.183066 -0.022741 0.373062
v 0.183110 0.127818 0.380536
v 0.183166 0.127309 0.373413
v 0.183180 0.122426 0.371713
v 0.183209 0.117198 0.381623
v 0.183452 -0.012469 0.377747
v 0.183591 -0.021608 0.370953
v 0.183528 0.124517 0.371841
v 0.184010 -0.021347 0.379575
v 0.183992 0.116247 0.376946
v 0.184031 0.116147 0.374192
v 0.184252 -0.022100 0.371566
v 0.184199 0.116145 0.373562
v 0.184307 -0.022491 0.376640
v 0.184249 0.124410 0.382592
v 0.184380 0.116486 0.373194
v 0.184424 -0.013560 0.379668
v 0.184521 -0.011880 0.370897
v 0.184603 -0.012893 0.379022
v 0.184673 -0.011649 0.375950
v 0.184617 0.126500 0.372450
v 0.184761 0.117773 0.371939
v 0.184852 -0.011403 0.374112
v 0.184949 -0.022025 0.377862
v 0.184882 0.127224 0.381179
v 0.185003 -0.020613 0.379819
v 0.185067 -0.020435 0.370515
v 0.185097 -0.012428 0.370236
v 0.185017 0.117629 0.382035
v 0.185172 -0.021421 0.379012
v 0.185230 -0.014124 0.379961
v 0.185404 -0.011357 0.370915
v 0.185440 -0.020996 0.379602
v 0.185672 0.120319 0.371326
v 0.185706 0.120056 0.382490
v 0.185818 0.116179 0.380036
v 0.185857 0.118449 0.382374
v 0.185914 0.127813 0.379233
v 0.186088 0.116117 0.373214
v 0.186174 -0.016995 0.380418
v 0.186600 0.127863 0.377022
v 0.186657 0.118599 0.371321
v 0.186689 0.115875 0.373968
v 0.186826 0.126838 0.372432
v 0.186850 0.116821 0.381564
v 0.186912 0.127412 0.380222
v 0.187061 -0.019251 0.370076
v 0.187050 -0.018882 0.380127
v 0.187032 0.126450 0.381272
v 0.187152 -0.011021 0.370708
v 0.187103 0.116222 0.372356
v 0.187192 -0.012701 0.379632
v 0.187223 0.117184 0.371388
v 0.187277 -0.012982 0.379639
v 0.187357 -0.021963 0.373863
v 0.187348 -0.011695 0.378127
v 0.187485 -0.014609 0.380158
v 0.187525 -0.021345 0.371066
v 0.187552 0.127401 0.373780
v 0.187655 -0.012253 0.379083
v 0.187696 0.115668 0.375525
v 0.187789 -0.010518 0.373000
v 0.187738 0.117590 0.371198
v 0.187759 0.116560 0.371817
v 0.187967 -0.010956 0.376704
v 0.188013 -0.021836 0.375545
v 0.188080 -0.013381 0.369958
v 0.188086 0.126176 0.371683
v 0.188116 0.116011 0.372235
v 0.188131 0.115913 0.372940
v 0.188165 0.116987 0.371269
v 0.188303 -0.021576 0.377074
v 0.188309 0.116319 0.380528
v 0.188330 0.125223 0.381540
v 0.188473 -0.020530 0.370783
v 0.188803 0.117693 0.381910
v 0.188923 -0.010302 0.371479
v 0.188909 0.125248 0.371065
v 0.189116 -0.010216 0.374736
v 0.189128 -0.013002 0.379832
v 0.189240 -0.020852 0.371176
v 0.189182 0.126733 0.380445
v 0.189332 -0.010538 0.370766
v 0.189353 -0.011139 0.370337
v 0.189361 -0.020997 0.378523
v 0.189310 0.115567 0.377807
v 0.189380 0.115836 0.379470
v 0.189480 -0.012096 0.379362
v 0.189608 -0.019660 0.370445
v 0.189657 -0.019987 0.379601
v 0.189857 -0.011275 0.378637
v 0.189920 -0.021184 0.372035
v 0.189827 0.116698 0.381296
v 0.190048 -0.015391 0.369875
v 0.190035 0.115369 0.374145
v 0.190154 -0.010629 0.377603
v 0.190089 0.127324 0.379074
v 0.190161 0.116458 0.371215
v 0.190308 0.116090 0.371333
v 0.190721 0.115741 0.371763
v 0.190956 -0.020324 0.370815
v 0.190846 0.125997 0.380801
v 0.191090 0.126993 0.379645
v 0.191209 -0.011888 0.379606
v 0.191175 0.126690 0.372026
v 0.191232 0.115343 0.372737
v 0.191248 0.115929 0.371177
v 0.191321 -0.011311 0.370048
v 0.191324 -0.019072 0.379630
v 0.191459 -0.020559 0.377871
v 0.191392 0.120771 0.381499
v 0.191557 -0.020275 0.378540
v 0.191514 0.115840 0.379960
v 0.191610 -0.011075 0.379112
v 0.191800 -0.020802 0.376622
v 0.191810 0.121584 0.370202
v 0.191817 0.126181 0.370927
v 0.191886 -0.019707 0.379090
v 0.192276 -0.009019 0.372923
v 0.192344 -0.020878 0.374889
v 0.192282 0.116272 0.380601
v 0.192388 -0.011131 0.379627
v 0.192417 -0.009386 0.376098
v 0.192456 0.114926 0.375791
v 0.192440 0.116981 0.381050
v 0.192596 0.116351 0.370644
v 0.192597 0.115383 0.379009
v 0.192777 -0.018367 0.370160
v 0.192761 -0.010082 0.378510
v 0.192688 0.123319 0.381005
v 0.192933 0.119105 0.370070
v 0.193055 -0.011915 0.379814
v 0.193033 0.123957 0.370117
v 0.193286 0.127181 0.374301
v 0.193389 -0.019087 0.370534
v 0.193365 0.127300 0.376266
v 0.193500 0.127199 0.377658
v 0.193889 -0.019741 0.378619
v 0.193934 -0.018680 0.379571
v 0.193885 0.126979 0.378638
v 0.194087 -0.019852 0.377867
v 0.194072 0.114870 0.377675
v 0.194163 -0.019023 0.379024
v 0.194203 -0.009855 0.378739
v 0.194268 0.126339 0.379446
v 0.194312 0.114618 0.373623
v 0.194456 -0.018024 0.379684
v 0.194516 -0.019218 0.370722
v 0.194561 0.116876 0.370029
v 0.194703 -0.012724 0.379949
v 0.194822 -0.018492 0.379481
v 0.194797 0.125163 0.370204
v 0.194905 -0.019637 0.371196
v 0.194869 0.126699 0.372145
v 0.194851 0.117678 0.380796
v 0.195189 0.115503 0.380087
v 0.195194 0.124407 0.380109
v 0.195237 0.126154 0.370634
v 0.195474 -0.011023 0.369732
v 0.195455 0.114869 0.371007
v 0.195657 -0.009929 0.379520
v 0.195629 0.115873 0.369972
v 0.195904 -0.019644 0.372259
v 0.195951 -0.019655 0.376720
v 0.195950 -0.009419 0.379037
v 0.195902 0.116325 0.380582
v 0.196071 -0.010041 0.379528
v 0.196071 0.115958 0.369957
v 0.196142 -0.016551 0.369866
v 0.196103 0.114519 0.371633
v 0.196095 0.114340 0.376452
v 0.196146 0.115178 0.370440
v 0.196225 -0.018500 0.378872
v 0.196481 0.114595 0.370847
v 0.196524 0.115647 0.369862
v 0.196485 0.125447 0.379422
v 0.196686 -0.019050 0.371558
v 0.196708 -0.014555 0.379948
v 0.196747 -0.008542 0.378567
v 0.196782 -0.008222 0.377823
v 0.196861 0.114804 0.378805
v 0.196987 -0.019433 0.375326
v 0.197040 0.114038 0.374766
v 0.197189 0.121044 0.369189
v 0.197274 0.125996 0.378856
v 0.197326 0.124119 0.369452
v 0.197404 0.126782 0.377377
v 0.197531 0.122785 0.369205
v 0.197618 -0.017404 0.370034
v 0.197533 0.126416 0.378205
v 0.197591 0.115652 0.379965
v 0.197767 0.115892 0.369602
v 0.197835 0.114493 0.370637
v 0.197875 -0.017359 0.379513
v 0.197900 0.125559 0.370010
v 0.197953 -0.018402 0.378569
v 0.198072 -0.018476 0.371027
v 0.198265 -0.018580 0.377820
v 0.198408 -0.018933 0.373981
v 0.198449 -0.017734 0.378823
v 0.198461 0.114173 0.377614
v 0.198581 -0.016708 0.379496
v 0.198654 0.126081 0.370587
v 0.198674 0.113938 0.371349
v 0.198766 -0.011695 0.369634
v 0.198789 -0.017033 0.379418
v 0.198843 -0.007216 0.377849
v 0.198802 0.116304 0.380014
v 0.198830 0.114983 0.379429
v 0.198983 -0.016319 0.370051
v 0.198984 0.113673 0.372622
v 0.199081 -0.018066 0.378308
v 0.199261 -0.015049 0.369779
v 0.199205 0.124832 0.369346
v 0.199259 0.126396 0.371245
v 0.199278 0.115237 0.379755
v 0.199427 0.114431 0.369770
v 0.199535 -0.007425 0.378579
v 0.199562 -0.009169 0.379529
v 0.199613 0.117009 0.368972
v 0.199682 -0.008345 0.379459
v 0.199915 -0.017327 0.370948
v 0.199950 -0.006063 0.376562
v 0.200113 -0.007419 0.369803
v 0.200102 -0.018220 0.372524
v 0.200191 0.119670 0.368597
v 0.200233 0.113496 0.375956
v 0.200383 0.115196 0.369247
v 0.200480 0.126548 0.371933
v 0.200641 0.125928 0.378243
v 0.200759 -0.017495 0.371694
v 0.200720 0.123809 0.368717
v 0.200821 -0.016548 0.370588
v 0.200777 0.126768 0.375744
v 0.200849 -0.017164 0.378577
v 0.200832 0.113320 0.370682
v 0.200834 0.113206 0.374088
v 0.200924 -0.016023 0.370016
v 0.200914 0.126370 0.376905
v 0.200985 -0.007400 0.379044
v 0.201059 0.124554 0.378621
v 0.201152 -0.017319 0.377967
v 0.201208 -0.016485 0.378799
v 0.201143 0.117517 0.379692
v 0.201337 -0.005737 0.377561
v 0.201486 0.122460 0.379024
v 0.201617 -0.017595 0.376613
v 0.201730 -0.014118 0.379568
v 0.201744 -0.016907 0.378406
v 0.201690 0.114854 0.379232
v 0.201784 0.114038 0.369408
v 0.201804 0.113211 0.370242
v 0.201810 0.125366 0.369315
v 0.201952 -0.004343 0.371699
v 0.201993 -0.004679 0.370653
v 0.201971 0.122225 0.368248
v 0.202059 0.113435 0.377649
v 0.202227 -0.017358 0.373911
v 0.202186 0.124724 0.368527
v 0.202372 -0.005173 0.369795
v 0.202404 -0.003899 0.373120
v 0.202380 0.113278 0.369618
v 0.202391 0.126698 0.374347
v 0.202569 -0.016545 0.371477
v 0.202635 -0.003929 0.374834
v 0.202784 0.113976 0.378729
v 0.202902 -0.005964 0.369590
v 0.202937 -0.014431 0.369893
v 0.203010 -0.005347 0.378293
v 0.203036 0.126046 0.370057
v 0.203188 -0.006411 0.379039
v 0.203322 -0.011525 0.369531
v 0.203310 0.114716 0.368598
v 0.203464 -0.007882 0.369387
v 0.203465 -0.016726 0.372545
v 0.203475 0.115345 0.379343
v 0.203514 0.112527 0.372619
v 0.203562 -0.015856 0.378519
v 0.203544 0.118287 0.367916
v 0.203653 0.113505 0.368996
v 0.203717 -0.004094 0.377306
v 0.203743 -0.014444 0.379168
v 0.203819 -0.015029 0.370335
v 0.203758 0.123826 0.368042
v 0.203801 0.112530 0.371054
v 0.203935 -0.016065 0.377886
v 0.203989 0.123239 0.378178
v 0.204055 0.112484 0.374696
v 0.204114 -0.007027 0.379354
v 0.204193 -0.003097 0.370612
v 0.204143 0.116547 0.367970
v 0.204155 0.125083 0.377387
v 0.204228 -0.015226 0.378533
v 0.204169 0.114799 0.378900
v 0.204240 0.125827 0.376564
v 0.204448 -0.002527 0.371689
v 0.204607 -0.003489 0.369656
v 0.204503 0.124307 0.377680
v 0.204538 0.112671 0.376296
v 0.204572 0.115934 0.378962
v 0.204665 -0.002538 0.375116
v 0.204709 -0.015635 0.371040
v 0.204664 0.126310 0.375382
v 0.204715 0.112436 0.370183
v 0.204885 0.118087 0.378758
v 0.204928 0.113284 0.378128
v 0.205059 -0.014347 0.370060
v 0.205145 -0.016045 0.375376
v 0.205179 0.120439 0.367444
v 0.205225 0.113048 0.368453
v 0.205309 -0.002418 0.376292
v 0.205475 -0.004960 0.369264
v 0.205446 -0.007940 0.379506
v 0.205512 -0.013587 0.370017
v 0.205528 -0.014578 0.370636
v 0.205605 -0.001457 0.373152
v 0.205643 -0.012504 0.369675
v 0.205677 -0.015465 0.372069
v 0.205699 -0.014569 0.378517
v 0.205744 0.113553 0.368190
v 0.205802 0.124512 0.367922
v 0.205917 -0.001577 0.370707
v 0.205862 0.112489 0.368900
v 0.205898 -0.002625 0.377429
v 0.205943 -0.003633 0.378382
v 0.205907 0.112842 0.377355
v 0.205957 0.125508 0.368779
v 0.206084 -0.015421 0.372985
v 0.206078 0.114718 0.378748
v 0.206129 0.112806 0.368246
v 0.206208 0.113994 0.378381
v 0.206280 -0.004634 0.378956
v 0.206472 -0.000829 0.371457
v 0.206440 0.123502 0.367181
v 0.206449 0.111930 0.369305
v 0.206583 -0.001652 0.369639
v 0.206529 0.125343 0.376418
v 0.206700 -0.013679 0.370418
v 0.206699 0.111837 0.369909
v 0.206798 -0.000679 0.374756
v 0.206865 0.115196 0.367470
v 0.207061 -0.013233 0.378533
v 0.207121 -0.012936 0.370064
v 0.207087 -0.009603 0.379477
v 0.207180 -0.003213 0.368988
v 0.207273 -0.005393 0.379296
v 0.207220 0.115031 0.378370
v 0.207314 -0.013865 0.377837
v 0.207290 0.111442 0.371421
v 0.207410 -0.013967 0.371222
v 0.207504 0.111438 0.373695
v 0.207626 0.113090 0.378019
v 0.207695 -0.014409 0.376645
v 0.207715 0.125815 0.369660
v 0.207741 0.126102 0.371655
v 0.207772 0.117893 0.366889
v 0.207834 0.000189 0.370478
v 0.207764 0.111668 0.375412
v 0.207851 0.118666 0.377831
v 0.207994 0.111804 0.368302
v 0.208095 -0.012404 0.369792
v 0.208063 0.112072 0.376615
v 0.208234 0.000951 0.371600
v 0.208335 -0.001580 0.369084
v 0.208407 -0.007985 0.369011
v 0.208455 0.001243 0.373097
v 0.208391 0.126127 0.373625
v 0.208478 -0.001922 0.378381
v 0.208527 0.111516 0.368638
v 0.208559 -0.011373 0.378863
v 0.208519 0.124435 0.376548
v 0.208647 -0.002342 0.368914
v 0.208582 0.112562 0.377395
v 0.208778 0.001303 0.374494
v 0.208798 0.112057 0.367834
v 0.208903 -0.003490 0.368860
v 0.208922 0.111566 0.368013
v 0.208948 0.110992 0.369848
v 0.209036 -0.000146 0.377442
v 0.209048 0.125571 0.368199
v 0.209132 -0.000068 0.369133
v 0.209165 0.001075 0.369521
v 0.209145 -0.009601 0.379128
v 0.209490 -0.012467 0.370428
v 0.209450 0.124731 0.367352
v 0.209489 -0.005805 0.379190
v 0.209563 0.113232 0.367045
v 0.209518 0.124641 0.375875
v 0.209731 0.112325 0.377468
v 0.209790 -0.001870 0.378625
v 0.209738 0.113337 0.377906
v 0.209802 0.122656 0.366336
v 0.209787 0.125725 0.374577
v 0.209887 -0.012985 0.372629
v 0.209812 0.120794 0.376869
v 0.209914 -0.012724 0.371166
v 0.209872 0.120869 0.366220
v 0.209963 -0.000657 0.368822
v 0.209980 -0.012704 0.377173
v 0.210046 0.002496 0.374960
v 0.210081 -0.009718 0.369360
v 0.210058 0.110742 0.368548
v 0.210131 -0.011672 0.378330
v 0.210246 0.002776 0.370187
v 0.210255 0.003239 0.371599
v 0.210199 0.123671 0.366510
v 0.210171 0.125308 0.375119
v 0.210307 -0.011326 0.369766
v 0.210410 -0.007525 0.379105
v 0.210413 0.123550 0.376101
v 0.210560 0.111828 0.376988
v 0.210610 0.111214 0.367588
v 0.210574 0.114384 0.377652
v 0.210676 0.003738 0.373271
v 0.210757 0.003110 0.369470
v 0.210826 -0.012064 0.371575
v 0.210814 -0.012482 0.374716
v 0.210767 0.113015 0.377572
v 0.210851 0.110190 0.372859
v 0.210953 0.002972 0.376001
v 0.210927 0.110081 0.371231
v 0.211189 0.002091 0.368703
v 0.211165 -0.002208 0.378693
v 0.211173 0.110487 0.367807
v 0.211497 -0.011522 0.370862
v 0.211510 0.110328 0.374697
v 0.211584 0.004505 0.374498
v 0.211618 0.004771 0.370391
v 0.211571 0.110945 0.376137
v 0.211736 0.002840 0.377051
v 0.211784 0.003736 0.369166
v 0.211755 0.115500 0.365958
v 0.211861 -0.010058 0.378332
v 0.211938 0.004604 0.369543
v 0.211944 0.001478 0.378022
v 0.211983 0.005567 0.371578
v 0.211993 -0.011423 0.372833
v 0.212015 0.118376 0.365650
v 0.212044 0.109680 0.370024
v 0.212034 0.124417 0.375211
v 0.212115 -0.008603 0.378585
v 0.212195 -0.011184 0.371563
v 0.212299 -0.009680 0.369552
v 0.212418 0.005704 0.369501
v 0.212432 -0.008417 0.369065
v 0.212397 0.124236 0.366236
v 0.212395 0.112076 0.377347
v 0.212490 0.109670 0.368630
v 0.212550 0.122309 0.365566
v 0.212618 0.005624 0.375016
v 0.212614 0.111533 0.366461
v 0.212707 -0.006950 0.378699
v 0.212658 0.121809 0.375825
v 0.212835 0.001330 0.368459
v 0.212900 0.003700 0.368602
v 0.212911 0.006733 0.370209
v 0.212896 0.005159 0.376154
v 0.212853 0.124781 0.366674
v 0.213047 0.110430 0.366856
v 0.213131 -0.010507 0.376558
v 0.213204 0.007354 0.373137
v 0.213251 0.007568 0.371292
v 0.213167 0.111099 0.376928
v 0.213293 0.109644 0.367527
v 0.213407 -0.006241 0.368856
v 0.213347 0.109331 0.373683
v 0.213430 -0.004827 0.378643
v 0.213396 0.125214 0.367689
v 0.213503 0.006705 0.369138
v 0.213595 0.005917 0.368548
v 0.213595 -0.008204 0.378087
v 0.213612 0.109118 0.367979
v 0.213654 0.004890 0.377100
v 0.213739 -0.010266 0.373965
v 0.213706 0.124633 0.374338
v 0.213849 0.006823 0.368658
v 0.213905 0.008446 0.369483
v 0.213820 0.123511 0.374984
v 0.213932 0.007604 0.374999
v 0.214023 0.008767 0.370240
v 0.214015 0.125503 0.369261
v 0.214073 0.006748 0.376190
v 0.214029 0.125274 0.373465
v 0.214151 0.002336 0.378001
v 0.214140 0.123461 0.365365
v 0.214229 0.125472 0.372478
v 0.214344 -0.001073 0.368323
v 0.214354 0.009693 0.371391
v 0.214348 0.108608 0.372068
v 0.214476 0.006794 0.368453
v 0.214395 0.111906 0.377111
v 0.214502 0.006376 0.377054
v 0.214522 -0.009462 0.372614
v 0.214525 0.004536 0.377591
v 0.214562 -0.008110 0.377420
v 0.214592 0.124440 0.365572
v 0.214608 0.108430 0.370033
v 0.214647 0.109092 0.374618
v 0.214707 0.120086 0.364780
v 0.214678 0.110356 0.376380
v 0.214750 -0.000289 0.378207
v 0.214786 0.009296 0.369089
v 0.214883 0.108680 0.367392
v 0.214942 0.010867 0.372434
v 0.214908 0.112508 0.365347
v 0.214985 0.008806 0.368446
v 0.214979 -0.008930 0.375402
v 0.215016 0.005285 0.368221
v 0.215079 -0.006388 0.369088
v 0.215065 0.010474 0.373833
v 0.215092 0.009265 0.375406
v 0.215118 0.109069 0.366664
v 0.215209 0.009733 0.368530
v 0.215259 0.011244 0.369992
v 0.215247 0.110861 0.376688
v 0.215266 0.122404 0.374808
v 0.215342 0.114525 0.364898
v 0.215374 -0.008163 0.376476
v 0.215359 0.116675 0.364696
v 0.215423 0.113361 0.376628
v 0.215534 0.009520 0.368470
v 0.215684 0.011244 0.368906
v 0.215678 0.012690 0.371169
v 0.215664 -0.006002 0.378078
v 0.215667 0.108312 0.373742
v 0.215751 0.124545 0.373975
v 0.215936 0.007513 0.377135
v 0.215996 -0.008095 0.374051
v 0.215958 0.109214 0.375728
v 0.216145 0.010849 0.368360
v 0.216136 0.010780 0.375804
v 0.216202 0.009422 0.376628
v 0.216276 0.013955 0.369974
v 0.216250 0.122271 0.364426
v 0.216250 0.124659 0.373288
v 0.216331 0.012778 0.374349
v 0.216357 0.013266 0.369003
v 0.216371 0.009109 0.368080
v 0.216295 0.116682 0.375657
v 0.216386 0.014196 0.372487
v 0.216393 0.107531 0.368066
v 0.216369 0.111253 0.376598
v 0.216467 0.013019 0.368398
v 0.216435 0.109644 0.365515
v 0.216477 -0.003876 0.377953
v 0.216480 0.107732 0.366777
v 0.216533 -0.007447 0.370991
v 0.216555 -0.007563 0.375923
v 0.216614 0.006561 0.377432
v 0.216563 0.125482 0.370478
v 0.216680 0.013936 0.368482
v 0.216807 0.003152 0.367945
v 0.216876 -0.003999 0.368671
v 0.216913 -0.004961 0.368831
v 0.217081 -0.006189 0.369587
v 0.217143 0.013379 0.368120
v 0.217153 0.015948 0.369037
v 0.217160 0.016753 0.370457
v 0.217119 0.107071 0.371559
v 0.217224 0.106870 0.369918
v 0.217239 0.107826 0.366161
v 0.217261 0.012383 0.376089
v 0.217226 0.107986 0.374686
v 0.217358 -0.006904 0.372290
v 0.217398 0.012533 0.367919
v 0.217317 0.124950 0.372209
v 0.217335 0.123058 0.373737
v 0.217504 0.011030 0.376698
v 0.217604 0.015198 0.374963
v 0.217638 -0.005360 0.369541
v 0.217567 0.109746 0.376424
v 0.217657 0.017055 0.373404
v 0.217689 0.124410 0.365098
v 0.217776 0.016267 0.368177
v 0.217814 -0.005342 0.377051
v 0.217997 0.019013 0.368869
v 0.218018 0.018536 0.368226
v 0.217979 0.123426 0.364233
v 0.218056 -0.005455 0.370216
v 0.218093 -0.003625 0.368789
v 0.218135 0.019638 0.371702
v 0.218092 0.121318 0.363605
v 0.218170 0.106453 0.367374
v 0.218237 0.007506 0.367655
v 0.218241 0.106831 0.365943
v 0.218248 0.113573 0.363968
v 0.218239 0.123928 0.373009
v 0.218304 0.013738 0.376316
v 0.218305 0.110766 0.364367
v 0.218366 0.010329 0.376999
v 0.218437 -0.004859 0.369530
v 0.218462 -0.001015 0.368148
v 0.218389 0.125066 0.367176
v 0.218466 0.015806 0.375732
v 0.218508 -0.005621 0.374112
v 0.218493 0.105983 0.368924
v 0.218534 -0.005204 0.375977
v 0.218480 0.124488 0.372665
v 0.218501 0.106673 0.373377
v 0.218638 0.018966 0.367928
v 0.218616 0.117238 0.363511
v 0.218672 -0.000853 0.377682
v 0.218646 0.116172 0.374886
v 0.218840 -0.003671 0.369223
v 0.218787 0.107817 0.375527
v 0.218907 0.007260 0.377276
v 0.218956 -0.005021 0.371399
v 0.219040 -0.003959 0.376691
v 0.219080 0.012333 0.367413
v 0.219050 0.018912 0.375096
v 0.219075 0.023189 0.369837
v 0.219073 0.021875 0.372894
v 0.219112 0.016761 0.367283
v 0.219109 -0.002966 0.377252
v 0.219125 0.110360 0.376128
v 0.219205 0.013915 0.376595
v 0.219278 0.021062 0.374225
v 0.219245 0.109174 0.376127
v 0.219408 0.020368 0.367301
v 0.219460 0.001186 0.367740
v 0.219495 0.024746 0.368411
v 0.219486 0.016685 0.376158
v 0.219525 0.022392 0.367747
v 0.219491 0.106926 0.364921
v 0.219513 -0.003400 0.376857
v 0.219577 -0.003894 0.370226
v 0.219563 -0.001496 0.377222
v 0.219659 0.019092 0.375653
v 0.219692 0.105434 0.371942
v 0.219690 0.106801 0.374727
v 0.219743 0.125113 0.370384
v 0.219846 -0.004201 0.372630
v 0.219888 -0.001954 0.368523
v 0.219799 0.108412 0.375772
v 0.219852 0.125155 0.368707
v 0.219930 -0.002231 0.376922
v 0.219919 0.122140 0.363119
v 0.220030 0.108634 0.364044
v 0.220126 -0.000052 0.368101
v 0.220034 0.120026 0.373397
v 0.220132 -0.002714 0.369498
v 0.220201 0.027011 0.368582
v 0.220200 0.026658 0.371471
v 0.220186 0.104738 0.370460
v 0.220240 -0.002778 0.376400
v 0.220226 0.104682 0.367123
v 0.220253 0.123002 0.372537
v 0.220394 0.124666 0.365442
v 0.220534 0.022891 0.375430
v 0.220575 0.027301 0.367634
v 0.220549 0.017445 0.376369
v 0.220574 -0.003206 0.373944
v 0.220551 0.108910 0.375681
v 0.220660 0.026677 0.373405
v 0.220644 0.110765 0.363372
v 0.220712 0.026807 0.367040
v 0.220747 0.001248 0.367707
v 0.220677 0.107834 0.375755
v 0.220742 0.104108 0.368807
v 0.220833 0.020401 0.366896
v 0.220850 0.023577 0.366972
v 0.220865 0.027729 0.367079
v 0.220867 -0.002826 0.371341
v 0.220834 0.104918 0.365119
v 0.220911 0.002355 0.367645
v 0.220927 0.029810 0.369208
v 0.220856 0.105621 0.374190
v 0.220920 0.021122 0.375917
v 0.220957 0.004992 0.367441
v 0.220871 0.123866 0.371854
v 0.220941 -0.002172 0.375345
v 0.220892 0.106896 0.375464
v 0.221000 0.029827 0.367661
v 0.220977 0.015252 0.376617
v 0.221064 -0.002057 0.369427
v 0.221047 -0.000863 0.376846
v 0.221111 0.026076 0.374716
v 0.221153 0.027637 0.367026
v 0.221207 -0.002036 0.370149
v 0.221235 0.124543 0.370962
v 0.221330 0.123650 0.363351
v 0.221431 0.001633 0.367826
v 0.221403 0.103759 0.366024
v 0.221470 0.004679 0.377030
v 0.221476 0.024938 0.375464
v 0.221574 0.029213 0.366936
v 0.221510 0.105970 0.374845
v 0.221643 -0.000541 0.376125
v 0.221693 -0.001906 0.372553
v 0.221764 -0.000386 0.368871
v 0.221735 0.117729 0.362202
v 0.221706 0.110178 0.375054
v 0.221803 0.032529 0.367712
v 0.221771 0.106455 0.363695
v 0.221826 0.031342 0.367073
v 0.221873 0.027377 0.366635
v 0.221901 0.032065 0.372488
v 0.221909 0.001138 0.376581
v 0.221970 0.000223 0.368407
v 0.221964 0.113382 0.362458
v 0.221973 0.104332 0.373513
v 0.222070 0.011490 0.366916
v 0.222033 0.120317 0.362047
v 0.222092 0.002633 0.367555
v 0.222090 0.034059 0.370481
v 0.222078 0.021010 0.376193
v 0.222069 0.122964 0.362600
v 0.222178 0.017786 0.366626
v 0.222144 0.028273 0.375241
v 0.222155 -0.001082 0.373993
v 0.222097 0.106492 0.375183
v 0.222192 -0.000538 0.375693
v 0.222145 0.104562 0.374225
v 0.222230 0.033782 0.366781
v 0.222172 0.103478 0.372105
v 0.222249 0.031418 0.374313
v 0.222276 -0.000269 0.369502
v 0.222270 0.104486 0.364088
v 0.222459 0.031467 0.366479
v 0.222486 0.102717 0.370699
v 0.222563 0.026094 0.375820
v 0.222605 0.036160 0.368351
v 0.222571 0.102226 0.367666
v 0.222626 0.035254 0.367061
v 0.222723 0.004044 0.367458
v 0.222636 0.124057 0.370921
v 0.222742 0.034183 0.366462
v 0.222771 0.024085 0.366329
v 0.222769 0.107592 0.375249
v 0.222868 0.102780 0.364768
v 0.222903 0.034734 0.373381
v 0.222920 0.101989 0.369449
v 0.223003 0.108418 0.362644
v 0.223070 0.035504 0.366226
v 0.223110 0.003889 0.376460
v 0.223119 0.033318 0.374497
v 0.223168 0.029212 0.366099
v 0.223182 0.000458 0.373129
v 0.223190 0.030929 0.375332
v 0.223213 0.105475 0.375103
v 0.223317 0.002692 0.367931
v 0.223270 0.121751 0.361721
v 0.223313 0.038031 0.371773
v 0.223326 0.001719 0.375879
v 0.223370 0.035022 0.365784
v 0.223335 0.020829 0.376206
v 0.223356 0.001015 0.374437
v 0.223461 0.035907 0.365770
v 0.223470 0.016208 0.376360
v 0.223516 0.005290 0.367145
v 0.223528 0.002877 0.375950
v 0.223521 0.101312 0.365967
v 0.223631 0.002284 0.368376
v 0.223671 0.006359 0.376465
v 0.223702 0.000999 0.370539
v 0.223718 0.040395 0.366640
v 0.223750 0.008162 0.366975
v 0.223671 0.103826 0.374409
v 0.223762 0.040850 0.367384
v 0.223828 0.038420 0.366041
v 0.223841 0.004826 0.367244
v 0.223874 0.035375 0.365616
v 0.223882 0.026082 0.375894
v 0.223829 0.123263 0.371077
v 0.223896 0.030244 0.375656
v 0.223907 0.038804 0.373417
v 0.223864 0.102619 0.373276
v 0.223979 0.041781 0.369530
v 0.224020 0.003151 0.368114
v 0.223991 0.034962 0.374826
v 0.223944 0.115399 0.372770
v 0.224053 0.002711 0.375258
v 0.224069 0.123850 0.362954
v 0.224100 0.104672 0.362806
v 0.224130 0.102939 0.374106
v 0.224289 0.003118 0.368836
v 0.224239 0.100817 0.370805
v 0.224312 0.041035 0.366073
v 0.224318 0.005732 0.367149
v 0.224304 0.100818 0.364479
v 0.224357 0.005503 0.367318
v 0.224333 0.101437 0.372258
v 0.224363 0.100186 0.369278
v 0.224443 0.034226 0.375292
v 0.224478 0.038239 0.374316
v 0.224610 0.041150 0.365425
v 0.224551 0.106205 0.374679
v 0.224588 0.123060 0.361513
v 0.224624 0.099588 0.367539
v 0.224659 0.117867 0.360812
v 0.224729 0.039439 0.365482
v 0.224723 0.114553 0.360996
v 0.224684 0.104952 0.374725
v 0.224803 0.043578 0.365996
v 0.224779 0.101761 0.363291
v 0.224880 0.005445 0.367696
v 0.224865 0.110547 0.361371
v 0.224907 0.043539 0.365485
v 0.224855 0.103716 0.374533
v 0.224955 0.028306 0.365585
v 0.224904 0.124409 0.368666
v 0.224967 0.003437 0.374555
v 0.224964 0.037658 0.374801
v 0.225015 0.045216 0.371438
v 0.225047 0.044468 0.365531
v 0.225050 0.003477 0.369712
v 0.225061 0.004721 0.375604
v 0.225061 0.041670 0.373898
v 0.225049 0.123972 0.369569
v 0.225149 0.007571 0.367111
v 0.225161 0.006352 0.367265
v 0.225115 0.098952 0.365919
v 0.225086 0.102419 0.374103
v 0.225233 0.014335 0.376062
v 0.225301 0.012556 0.366427
v 0.225258 0.119943 0.360549
v 0.225311 0.047201 0.367629
v 0.225246 0.101426 0.373356
v 0.225298 0.044451 0.373041
v 0.225357 0.046213 0.366112
v 0.225311 0.124375 0.365410
v 0.225443 0.043605 0.365219
v 0.225418 0.032399 0.375569
v 0.225411 0.123135 0.361479
v 0.225418 0.123268 0.369971
v 0.225439 0.099923 0.372012
v 0.225550 0.005416 0.374960
v 0.225571 0.040992 0.374480
v 0.225632 0.022889 0.365677
v 0.225626 0.006741 0.375724
v 0.225596 0.099031 0.370922
v 0.225651 0.026218 0.375736
v 0.225761 0.006859 0.367738
v 0.225784 0.046687 0.365389
v 0.225750 0.104741 0.374241
v 0.225926 0.097953 0.364580
v 0.225970 0.008327 0.366973
v 0.225950 0.048465 0.372192
v 0.226001 0.041828 0.364844
v 0.225962 0.044856 0.374190
v 0.226022 0.050709 0.369125
v 0.226042 0.006200 0.368345
v 0.226032 0.106191 0.361349
v 0.226067 0.097168 0.367525
v 0.226070 0.097567 0.369413
v 0.226055 0.103579 0.374236
v 0.226111 0.098848 0.363330
v 0.226137 0.047782 0.373074
v 0.226145 0.038847 0.375042
v 0.226209 0.010226 0.366572
v 0.226309 0.044003 0.364534
v 0.226304 0.005431 0.371273
v 0.226326 0.046790 0.364845
v 0.226385 0.049128 0.365177
v 0.226383 0.051142 0.365590
v 0.226326 0.099034 0.372709
v 0.226343 0.101276 0.373874
v 0.226427 0.052191 0.367254
v 0.226408 0.096489 0.366020
v 0.226482 0.006977 0.368725
v 0.226540 0.006770 0.374151
v 0.226569 0.007301 0.367984
v 0.226584 0.008884 0.367049
v 0.226510 0.099598 0.373199
v 0.226659 0.043417 0.374568
v 0.226672 0.102257 0.361684
v 0.226689 0.053105 0.370882
v 0.226654 0.118813 0.370669
v 0.226718 0.007964 0.374831
v 0.226775 0.039421 0.364587
v 0.226808 0.012737 0.366326
v 0.226787 0.051639 0.372426
v 0.226846 0.032510 0.364845
v 0.226823 0.009505 0.375521
v 0.226829 0.049356 0.373452
v 0.226945 0.008962 0.367639
v 0.226947 0.022444 0.375587
v 0.226944 0.097003 0.371275
v 0.227023 0.095376 0.364743
v 0.226983 0.113326 0.371754
v 0.226987 0.121854 0.369732
v 0.227112 0.052757 0.364921
v 0.227094 0.096136 0.363494
v 0.227113 0.047241 0.374157
v 0.227129 0.033464 0.375283
v 0.227241 0.055146 0.365760
v 0.227212 0.095114 0.369144
v 0.227252 0.056561 0.367239
v 0.227216 0.097931 0.372793
v 0.227267 0.014755 0.375547
v 0.227254 0.123908 0.362901
v 0.227263 0.100974 0.373727
v 0.227304 0.038420 0.375035
v 0.227359 0.051050 0.364369
v 0.227373 0.042247 0.374798
v 0.227365 0.094402 0.367890
v 0.227424 0.098859 0.361921
v 0.227484 0.093873 0.366277
v 0.227547 0.019485 0.365545
v 0.227521 0.058297 0.368589
v 0.227561 0.008383 0.369917
v 0.227538 0.115028 0.359452
v 0.227560 0.096610 0.362496
v 0.227572 0.050671 0.373732
v 0.227587 0.053934 0.373011
v 0.227659 0.009450 0.368604
v 0.227635 0.056916 0.371806
v 0.227665 0.008487 0.372835
v 0.227700 0.015360 0.365850
v 0.227695 0.054684 0.364138
v 0.227633 0.096898 0.372319
v 0.227685 0.008958 0.374366
v 0.227642 0.099538 0.373448
v 0.227786 0.055898 0.364538
v 0.227758 0.110135 0.359789
v 0.227816 0.010816 0.367547
v 0.227778 0.046002 0.374681
v 0.227763 0.094637 0.370614
v 0.227794 0.093113 0.365050
v 0.227803 0.010290 0.374577
v 0.227842 0.048785 0.363953
v 0.227891 0.059224 0.365713
v 0.227836 0.098218 0.373141
v 0.227907 0.093364 0.363860
v 0.227967 0.124168 0.366496
v 0.228017 0.060442 0.369937
v 0.228038 0.019409 0.375327
v 0.228078 0.044701 0.363924
v 0.228047 0.009918 0.373936
v 0.228118 0.027520 0.364814
v 0.228142 0.058924 0.364672
v 0.228153 0.058276 0.372316
v 0.228133 0.097207 0.372779
v 0.228172 0.049685 0.374142
v 0.228227 0.095084 0.371813
v 0.228248 0.123179 0.360621
v 0.228258 0.099226 0.373174
v 0.228328 0.009803 0.371273
v 0.228331 0.062657 0.366194
v 0.228348 0.056453 0.363812
v 0.228330 0.091120 0.366250
v 0.228314 0.101134 0.373142
v 0.228383 0.053572 0.373741
v 0.228399 0.013320 0.374859
v 0.228417 0.091378 0.368123
v 0.228434 0.090945 0.364691
v 0.228396 0.123781 0.367531
v 0.228476 0.058547 0.363914
v 0.228480 0.093207 0.362583
v 0.228549 0.043695 0.374649
v 0.228565 0.062206 0.371043
v 0.228628 0.064931 0.367644
v 0.228647 0.062856 0.364651
v 0.228691 0.057944 0.372995
v 0.228754 0.054478 0.363363
v 0.228737 0.038162 0.374833
v 0.228761 0.017105 0.375046
v 0.228802 0.023174 0.365018
v 0.228774 0.090470 0.363451
v 0.228805 0.123454 0.361120
v 0.228834 0.094796 0.372495
v 0.228890 0.095081 0.361522
v 0.228900 0.098995 0.360706
v 0.228894 0.119432 0.358667
v 0.228926 0.088330 0.365610
v 0.228959 0.011506 0.369956
v 0.228941 0.088754 0.364309
v 0.228972 0.011960 0.368399
v 0.228908 0.098062 0.373067
v 0.228982 0.011963 0.374047
v 0.229037 0.017749 0.365617
v 0.229028 0.088362 0.367508
v 0.229058 0.066485 0.364618
v 0.229033 0.063201 0.371726
v 0.229048 0.091854 0.371461
v 0.229130 0.059392 0.363163
v 0.229130 0.062699 0.363425
v 0.229138 0.068367 0.365463
v 0.229125 0.067190 0.369403
v 0.229110 0.095266 0.372661
v 0.229193 0.021239 0.365046
v 0.229149 0.048715 0.374293
v 0.229139 0.091002 0.370814
v 0.229163 0.104393 0.372411
v 0.229216 0.062130 0.372393
v 0.229190 0.123001 0.368236
v 0.229266 0.087771 0.363509
v 0.229260 0.052515 0.374061
v 0.229277 0.088623 0.369300
v 0.229306 0.103243 0.359732
v 0.229313 0.086217 0.364544
v 0.229362 0.070820 0.366885
v 0.229392 0.057715 0.373629
v 0.229454 0.014322 0.374178
v 0.229452 0.084858 0.366425
v 0.229476 0.066871 0.371019
v 0.229511 0.067215 0.363530
v 0.229531 0.062084 0.372871
v 0.229588 0.074314 0.365812
v 0.229600 0.070352 0.363921
v 0.229611 0.091658 0.361559
v 0.229643 0.052491 0.362996
v 0.229623 0.073335 0.364706
v 0.229652 0.018178 0.365675
v 0.229626 0.082696 0.364734
v 0.229642 0.088328 0.362326
v 0.229649 0.085091 0.363361
v 0.229642 0.072223 0.368564
v 0.229620 0.092594 0.372149
v 0.229662 0.013878 0.373637
v 0.229660 0.085704 0.368680
v 0.229676 0.075245 0.366966
v 0.229728 0.077955 0.364986
v 0.229719 0.091305 0.371734
v 0.229761 0.080027 0.366816
v 0.229769 0.025351 0.374911
v 0.229792 0.065954 0.371915
v 0.229841 0.013558 0.371360
v 0.229834 0.021199 0.374734
v 0.229835 0.082774 0.368035
v 0.229810 0.092925 0.372454
v 0.229867 0.014064 0.372941
v 0.229895 0.081430 0.363421
v 0.229941 0.076076 0.368668
v 0.229922 0.089923 0.371538
v 0.229945 0.121654 0.358582
v 0.229982 0.074072 0.363315
v 0.229957 0.071955 0.370193
v 0.229995 0.077528 0.363418
v 0.229974 0.122395 0.359046
v 0.230040 0.086415 0.370491
v 0.230104 0.079862 0.368908
v 0.230078 0.102296 0.372177
v 0.230122 0.116231 0.357931
v 0.230146 0.083832 0.362338
v 0.230111 0.092029 0.372362
v 0.230194 0.062870 0.362377
v 0.230132 0.095864 0.372458
v 0.230166 0.064885 0.372505
v 0.230206 0.014821 0.369771
v 0.230213 0.071974 0.362710
v 0.230233 0.032455 0.363892
v 0.230180 0.092598 0.372354
v 0.230221 0.112578 0.358075
v 0.230246 0.080478 0.362519
v 0.230233 0.082893 0.369815
v 0.230291 0.020524 0.365506
v 0.230289 0.057756 0.362533
v 0.230298 0.025240 0.364491
v 0.230256 0.069816 0.371472
v 0.230319 0.022025 0.364990
v 0.230279 0.060481 0.373232
v 0.230241 0.120512 0.368487
v 0.230335 0.068194 0.362390
v 0.230315 0.019344 0.374291
v 0.230281 0.093790 0.372403
v 0.230339 0.015283 0.373475
v 0.230344 0.076780 0.370079
v 0.230348 0.086987 0.371543
v 0.230341 0.123156 0.367335
v 0.230382 0.047791 0.374206
v 0.230440 0.023898 0.364650
v 0.230449 0.033523 0.374598
v 0.230472 0.079881 0.370189
v 0.230506 0.089213 0.361044
v 0.230520 0.077273 0.362229
v 0.230511 0.090188 0.371979
v 0.230612 0.081599 0.361779
v 0.230644 0.043572 0.363087
v 0.230668 0.028987 0.364142
v 0.230628 0.068412 0.372170
v 0.230633 0.074018 0.371127
v 0.230643 0.083924 0.370959
v 0.230677 0.052706 0.373920
v 0.230721 0.093061 0.360236
v 0.230741 0.016625 0.372543
v 0.230727 0.063273 0.372915
v 0.230799 0.081321 0.370913
v 0.230868 0.020984 0.365542
v 0.230805 0.097434 0.372117
v 0.230828 0.077996 0.370971
v 0.230855 0.085883 0.371494
v 0.230918 0.084918 0.361138
v 0.230912 0.123847 0.364363
v 0.231019 0.020638 0.366038
v 0.230950 0.091532 0.372386
v 0.230984 0.115382 0.369160
v 0.231025 0.071874 0.371877
v 0.231014 0.088167 0.371902
v 0.231049 0.018969 0.373492
v 0.231193 0.024571 0.364801
v 0.231146 0.067214 0.372556
v 0.231151 0.093969 0.372150
v 0.231215 0.080139 0.361165
v 0.231241 0.083287 0.371556
v 0.231258 0.120384 0.357510
v 0.231321 0.074537 0.361351
v 0.231309 0.059246 0.373383
v 0.231362 0.079874 0.371543
v 0.231448 0.061131 0.361725
v 0.231397 0.075819 0.371680
v 0.231441 0.018793 0.369059
v 0.231440 0.018100 0.371192
v 0.231468 0.069069 0.361386
v 0.231532 0.023418 0.365176
v 0.231479 0.071064 0.372389
v 0.231508 0.108841 0.357587
v 0.231557 0.098152 0.358817
v 0.231552 0.091044 0.372224
v 0.231633 0.026276 0.364337
v 0.231729 0.021028 0.367147
v 0.231757 0.038610 0.362998
v 0.231721 0.029217 0.374134
v 0.231731 0.121564 0.357471
v 0.231736 0.065452 0.372752
v 0.231767 0.019791 0.372975
v 0.231864 0.022957 0.365627
v 0.231828 0.086932 0.372148
v 0.231856 0.072907 0.372085
v 0.232029 0.029580 0.363919
v 0.231977 0.082076 0.371985
v 0.232053 0.023877 0.365413
v 0.232059 0.031959 0.363564
v 0.232014 0.078940 0.371984
v 0.232103 0.023550 0.365911
v 0.232066 0.069657 0.372396
v 0.232108 0.024255 0.374013
v 0.232205 0.026839 0.364354
v 0.232180 0.051895 0.373442
v 0.232232 0.022474 0.373001
v 0.232263 0.075660 0.371944
v 0.232372 0.021860 0.372093
v 0.232356 0.122770 0.358591
v 0.232357 0.123428 0.365007
v 0.232383 0.086012 0.371933
v 0.232483 0.026074 0.365117
v 0.232506 0.088258 0.359237
v 0.232592 0.066206 0.360816
v 0.232601 0.054815 0.361686
v 0.232667 0.028758 0.364187
v 0.232653 0.027362 0.373605
v 0.232665 0.092662 0.371488
v 0.232793 0.023153 0.369182
v 0.232754 0.123114 0.359749
v 0.232818 0.059715 0.372998
v 0.232875 0.072659 0.360220
v 0.232882 0.104037 0.357121
v 0.232854 0.072767 0.372062
v 0.232883 0.113390 0.356338
v 0.232928 0.080437 0.359586
v 0.232972 0.025686 0.373013
v 0.232955 0.066427 0.372454
v 0.233050 0.024502 0.372230
v 0.233052 0.030542 0.373641
v 0.233030 0.082057 0.371901
v 0.233112 0.048036 0.361964
v 0.233078 0.117494 0.356145
v 0.233091 0.121894 0.357164
v 0.233106 0.087852 0.371555
v 0.233237 0.026423 0.366048
v 0.233262 0.026905 0.365440
v 0.233268 0.094022 0.357928
v 0.233231 0.076877 0.371809
v 0.233235 0.122207 0.366007
v 0.233396 0.035801 0.362698
v 0.233423 0.028843 0.364799
v 0.233407 0.024940 0.370926
v 0.233365 0.121121 0.366562
v 0.233568 0.037884 0.362603
v 0.233586 0.041719 0.362266
v 0.233573 0.028134 0.373037
v 0.233572 0.121255 0.356452
v 0.233648 0.096575 0.370635
v 0.233806 0.027003 0.367418
v 0.233766 0.123401 0.361272
v 0.233980 0.040424 0.373203
v 0.234044 0.099244 0.356730
v 0.234287 0.029513 0.365835
v 0.234262 0.028101 0.372018
v 0.234274 0.071819 0.371699
v 0.234309 0.053218 0.372577
v 0.234382 0.122734 0.364938
v 0.234459 0.121578 0.356002
v 0.234655 0.037928 0.362273
v 0.234757 0.074715 0.358724
v 0.234779 0.068811 0.359331
v 0.234809 0.109247 0.355261
v 0.234822 0.063082 0.372008
v 0.234907 0.062971 0.359852
v 0.234851 0.077602 0.371243
v 0.234889 0.119931 0.355282
v 0.234916 0.029594 0.368933
v 0.234924 0.030777 0.371975
v 0.234920 0.113013 0.367429
v 0.235003 0.033002 0.372766
v 0.235058 0.030185 0.370691
v 0.235086 0.123204 0.362679
v 0.235207 0.035423 0.372637
v 0.235293 0.086945 0.370472
v 0.235392 0.041831 0.361782
v 0.235523 0.045568 0.361331
v 0.235527 0.050623 0.360840
v 0.235625 0.056794 0.360159
v 0.235706 0.078824 0.357425
v 0.235726 0.121742 0.355827
v 0.235807 0.091395 0.355949
v 0.235806 0.032504 0.370916
v 0.235856 0.039365 0.362141
v 0.235825 0.034187 0.371853
v 0.235873 0.045334 0.372152
v 0.236010 0.113793 0.354166
v 0.236071 0.096181 0.355307
v 0.236087 0.104372 0.354667
v 0.236100 0.071031 0.370864
v 0.236281 0.122301 0.356735
v 0.236348 0.084707 0.356085
v 0.236293 0.120857 0.364847
v 0.236474 0.036340 0.371566
v 0.236489 0.054259 0.371494
v 0.236793 0.122683 0.363016
v 0.236867 0.120747 0.354389
v 0.236947 0.069761 0.357784
v 0.237002 0.117034 0.353493
v 0.237028 0.035932 0.367032
v 0.237059 0.064752 0.358421
v 0.237070 0.040339 0.362488
v 0.237027 0.062549 0.370800
v 0.237096 0.036036 0.369466
v 0.237131 0.073476 0.357087
v 0.237149 0.118753 0.364824
v 0.237249 0.042040 0.361868
v 0.237185 0.121563 0.363898
v 0.237284 0.038973 0.371271
v 0.237404 0.044874 0.360917
v 0.237519 0.038912 0.364183
v 0.237553 0.046941 0.360452
v 0.237657 0.040568 0.362609
v 0.237684 0.060178 0.358691
v 0.237808 0.051461 0.359832
v 0.237792 0.045637 0.371231
v 0.237878 0.043359 0.361478
v 0.237860 0.042612 0.371372
v 0.237938 0.042179 0.362316
v 0.237926 0.110032 0.352882
v 0.237884 0.096093 0.367679
v 0.237929 0.107311 0.366377
v 0.238035 0.119698 0.353197
v 0.238052 0.039733 0.370555
v 0.238179 0.118581 0.352825
v 0.238412 0.041806 0.363349
v 0.238485 0.047876 0.360180
v 0.238444 0.121005 0.353681
v 0.238501 0.041624 0.370395
v 0.238566 0.045319 0.361306
v 0.238663 0.079161 0.354634
v 0.238670 0.046853 0.360732
v 0.238636 0.068521 0.369424
v 0.238664 0.121593 0.354172
v 0.238633 0.121909 0.362388
v 0.238697 0.080354 0.368548
v 0.238777 0.122764 0.359823
v 0.238879 0.041387 0.369662
v 0.238923 0.050433 0.359520
v 0.238924 0.092499 0.352981
v 0.238920 0.089076 0.367648
v 0.238983 0.044393 0.362202
v 0.238996 0.062022 0.357640
v 0.238958 0.044678 0.370285
v 0.238996 0.041382 0.365437
v 0.239079 0.105980 0.352168
v 0.239111 0.055688 0.358590
v 0.239119 0.041671 0.368754
v 0.239117 0.052442 0.370167
v 0.239348 0.065257 0.356797
v 0.239362 0.068958 0.356064
v 0.239354 0.114114 0.351668
v 0.239322 0.120130 0.363132
v 0.239459 0.083163 0.353219
v 0.239446 0.042797 0.369494
v 0.239562 0.044108 0.363607
v 0.239699 0.120042 0.352283
v 0.239738 0.047085 0.361295
v 0.239698 0.122243 0.356433
v 0.239744 0.043249 0.367052
v 0.239791 0.110894 0.364545
v 0.239882 0.049962 0.359959
v 0.239967 0.049810 0.369732
v 0.240023 0.087093 0.352237
v 0.240014 0.121805 0.354456
v 0.239994 0.118066 0.363248
v 0.240222 0.049136 0.360304
v 0.240215 0.046178 0.369375
v 0.240251 0.045011 0.368275
v 0.240277 0.046128 0.362362
v 0.240287 0.116807 0.351075
v 0.240484 0.118659 0.351236
v 0.240538 0.049419 0.360677
v 0.240611 0.059479 0.357167
v 0.240615 0.061991 0.356649
v 0.240698 0.075535 0.353368
v 0.240728 0.056913 0.357605
v 0.240729 0.046012 0.364987
v 0.240760 0.048518 0.361584
v 0.240745 0.120849 0.361680
v 0.240872 0.110814 0.350489
v 0.240902 0.122058 0.360144
v 0.241198 0.070289 0.354240
v 0.241209 0.064127 0.355745
v 0.241256 0.068760 0.367592
v 0.241266 0.051885 0.368651
v 0.241278 0.120522 0.351668
v 0.241421 0.077965 0.352087
v 0.241460 0.080875 0.351452
v 0.241422 0.097610 0.364925
v 0.241492 0.057958 0.357253
v 0.241449 0.086889 0.365908
v 0.241535 0.055886 0.357836
v 0.241541 0.092154 0.350431
v 0.241598 0.051091 0.360806
v 0.241746 0.049846 0.362483
v 0.241785 0.059496 0.356558
v 0.241851 0.067050 0.354570
v 0.241834 0.048971 0.367082
v 0.241794 0.121574 0.360494
v 0.241839 0.051024 0.367738
v 0.241877 0.049157 0.365875
v 0.241930 0.121156 0.352207
v 0.241927 0.108018 0.363467
v 0.242004 0.062380 0.355759
v 0.242101 0.119446 0.361413
v 0.242196 0.084392 0.350179
v 0.242356 0.050553 0.364287
v 0.242408 0.051223 0.366650
v 0.242548 0.107953 0.349125
v 0.242499 0.122011 0.357927
v 0.242587 0.073031 0.352289
v 0.242599 0.054982 0.367387
v 0.242657 0.064326 0.354697
v 0.242770 0.058126 0.357092
v 0.242870 0.113575 0.348824
v 0.242899 0.060471 0.356061
v 0.242905 0.059694 0.367014
v 0.243025 0.063636 0.354855
v 0.243108 0.088473 0.348916
v 0.243115 0.076137 0.350838
v 0.243113 0.118924 0.349421
v 0.243204 0.101756 0.348600
v 0.243215 0.116801 0.348810
v 0.243398 0.054840 0.360213
v 0.243384 0.120567 0.350409
v 0.243451 0.058581 0.357182
v 0.243465 0.066008 0.354022
v 0.243473 0.067901 0.353267
v 0.243532 0.096797 0.363371
v 0.243648 0.078913 0.349491
v 0.243659 0.058076 0.357937
v 0.243630 0.067448 0.365829
v 0.243890 0.081219 0.364388
v 0.244018 0.121769 0.355722
v 0.244083 0.060748 0.356674
v 0.244015 0.121309 0.358594
v 0.244079 0.058834 0.365836
v 0.244142 0.062574 0.355695
v 0.244155 0.070001 0.351890
v 0.244219 0.064204 0.354562
v 0.244332 0.057999 0.358971
v 0.244387 0.119834 0.348980
v 0.244471 0.067946 0.352887
v 0.244437 0.121234 0.351699
v 0.244515 0.056249 0.361642
v 0.244542 0.062933 0.365273
v 0.244577 0.056257 0.363538
v 0.244620 0.066358 0.353699
v 0.244638 0.095044 0.347186
v 0.244723 0.082162 0.347624
v 0.244658 0.104501 0.361723
v 0.244769 0.060210 0.357764
v 0.244809 0.120745 0.349955
v 0.244821 0.058349 0.364816
v 0.244897 0.077086 0.348672
v 0.244817 0.120552 0.359021
v 0.244956 0.074740 0.349581
v 0.244976 0.072301 0.350619
v 0.244974 0.058219 0.360068
v 0.245165 0.086131 0.346704
v 0.245156 0.095257 0.362182
v 0.245221 0.120333 0.348722
v 0.245279 0.062536 0.356623
v 0.245386 0.109856 0.346517
v 0.245434 0.067497 0.352955
v 0.245433 0.066861 0.364262
v 0.245498 0.064336 0.355462
v 0.245492 0.059209 0.363651
v 0.245480 0.118528 0.359181
v 0.245568 0.065877 0.354260
v 0.245623 0.060679 0.364366
v 0.245728 0.069300 0.351839
v 0.245742 0.063922 0.363985
v 0.245827 0.070857 0.350866
v 0.245841 0.090952 0.345806
v 0.245846 0.059012 0.362772
v 0.245937 0.072059 0.350036
v 0.246083 0.073308 0.349426
v 0.246046 0.076866 0.362781
v 0.246068 0.117015 0.346471
v 0.246094 0.114086 0.346044
v 0.246149 0.076545 0.347599
v 0.246145 0.061213 0.359079
v 0.246143 0.121415 0.356434
v 0.246301 0.060774 0.360238
v 0.246350 0.062716 0.363060
v 0.246412 0.060818 0.362669
v 0.246463 0.063148 0.357750
v 0.246522 0.120891 0.356766
v 0.246527 0.112257 0.359386
v 0.246710 0.068599 0.352852
v 0.246758 0.074974 0.347954
v 0.246786 0.078808 0.345881
v 0.246755 0.120328 0.347985
v 0.246824 0.064898 0.356498
v 0.246856 0.073004 0.349058
v 0.246901 0.104879 0.344920
v 0.246920 0.118639 0.346267
v 0.246954 0.066583 0.362569
v 0.246955 0.093359 0.360803
v 0.246984 0.062657 0.360437
v 0.247040 0.070320 0.351603
v 0.247065 0.084355 0.344492
v 0.247091 0.081700 0.344810
v 0.247146 0.071677 0.350436
v 0.247099 0.086386 0.361140
v 0.247158 0.064710 0.362101
v 0.247193 0.066532 0.355251
v 0.247236 0.073018 0.349217
v 0.247209 0.063664 0.361591
v 0.247294 0.119712 0.346773
v 0.247445 0.088112 0.343841
v 0.247439 0.064114 0.358975
v 0.247428 0.072607 0.361671
v 0.247477 0.110656 0.344531
v 0.247548 0.074263 0.348004
v 0.247509 0.121103 0.351752
v 0.247591 0.097742 0.343902
v 0.247659 0.077168 0.345821
v 0.247713 0.120545 0.348135
v 0.247691 0.119528 0.356967
v 0.247857 0.092462 0.343369
v 0.247860 0.068436 0.353930
v 0.247997 0.121098 0.353465
v 0.248067 0.115471 0.344392
v 0.248078 0.065963 0.357758
v 0.248112 0.066200 0.361052
v 0.248164 0.065132 0.360069
v 0.248234 0.071398 0.351065
v 0.248342 0.108503 0.358350
v 0.248392 0.066109 0.358981
v 0.248418 0.067265 0.356360
v 0.248401 0.070623 0.360662
v 0.248505 0.075867 0.346215
v 0.248588 0.080674 0.343054
v 0.248530 0.068404 0.360377
v 0.248594 0.074303 0.347836
v 0.248606 0.070435 0.352386
v 0.248741 0.082933 0.342372
v 0.248711 0.067169 0.359628
v 0.248785 0.078923 0.343542
v 0.248773 0.072839 0.349627
v 0.248726 0.084856 0.359661
v 0.248809 0.117179 0.344047
v 0.248807 0.079256 0.359833
v 0.248838 0.113034 0.343353
v 0.248837 0.120766 0.354201
v 0.248982 0.120660 0.348678
v 0.249055 0.104551 0.342549
v 0.249086 0.085931 0.341662
v 0.249061 0.068850 0.355104
v 0.249005 0.120318 0.355360
v 0.249240 0.118975 0.344543
v 0.249241 0.120132 0.345811
v 0.249276 0.068115 0.357459
v 0.249330 0.077642 0.343946
v 0.249301 0.109224 0.342577
v 0.249357 0.090160 0.341312
v 0.249322 0.067810 0.358598
v 0.249388 0.070267 0.359505
v 0.249506 0.095497 0.341376
v 0.249669 0.075445 0.346332
v 0.249585 0.118614 0.355865
v 0.249673 0.068984 0.358591
v 0.249773 0.072176 0.351041
v 0.249756 0.069931 0.358972
v 0.249829 0.069274 0.356335
v 0.249870 0.070510 0.353721
v 0.249984 0.074528 0.358764
v 0.250068 0.081815 0.340652
v 0.250066 0.074404 0.347852
v 0.249995 0.120218 0.354675
v 0.250158 0.076730 0.344388
v 0.250116 0.118201 0.343194
v 0.250116 0.069281 0.357277
v 0.250185 0.101475 0.340980
v 0.250231 0.078795 0.341971
v 0.250232 0.115427 0.342311
v 0.250488 0.080180 0.340654
v 0.250458 0.119448 0.344187
v 0.250476 0.119532 0.354565
v 0.250700 0.087493 0.339310
v 0.250668 0.071940 0.352324
v 0.250817 0.073622 0.349525
v 0.250870 0.084066 0.339078
v 0.250835 0.070999 0.355239
v 0.250931 0.077975 0.342150
v 0.250865 0.106131 0.356442
v 0.250960 0.075799 0.345687
v 0.250998 0.071017 0.356780
v 0.251064 0.073170 0.357242
v 0.251107 0.117900 0.341989
v 0.251182 0.071894 0.356720
v 0.251188 0.071495 0.356119
v 0.251210 0.080022 0.357198
v 0.251264 0.112514 0.340805
v 0.251261 0.120258 0.352712
v 0.251495 0.092652 0.338404
v 0.251545 0.077388 0.342455
v 0.251563 0.107832 0.339916
v 0.251692 0.081776 0.338124
v 0.251691 0.072033 0.355775
v 0.251775 0.079103 0.339820
v 0.251827 0.074968 0.347583
v 0.251816 0.072244 0.353461
v 0.251829 0.073358 0.351058
v 0.251889 0.072440 0.354827
v 0.251867 0.100138 0.355906
v 0.251944 0.118617 0.341927
v 0.252034 0.076778 0.356151
v 0.252107 0.073029 0.352345
v 0.252158 0.119915 0.344103
v 0.252246 0.087118 0.336824
v 0.252150 0.120463 0.350483
v 0.252166 0.120368 0.347468
v 0.252417 0.080257 0.337589
v 0.252434 0.103600 0.338315
v 0.252417 0.073556 0.355317
v 0.252512 0.078074 0.340775
v 0.252561 0.079638 0.337554
v 0.252536 0.076220 0.345030
v 0.252600 0.117578 0.340504
v 0.252628 0.073374 0.354413
v 0.252650 0.088034 0.355482
v 0.252699 0.079488 0.355533
v 0.252826 0.075150 0.354844
v 0.252984 0.099193 0.336971
v 0.252964 0.116348 0.339638
v 0.252979 0.074684 0.349407
v 0.253053 0.083560 0.335358
v 0.253103 0.090882 0.335649
v 0.253048 0.073733 0.353131
v 0.253118 0.081398 0.335676
v 0.253154 0.078802 0.338547
v 0.253099 0.119167 0.341853
v 0.253082 0.119622 0.351872
v 0.253229 0.074703 0.354227
v 0.253243 0.073929 0.351886
v 0.253304 0.077244 0.342385
v 0.253407 0.079530 0.336693
v 0.253417 0.074477 0.350874
v 0.253689 0.095911 0.335380
v 0.253643 0.118866 0.340418
v 0.253739 0.074812 0.353032
v 0.253789 0.075799 0.346999
v 0.253776 0.096748 0.354151
v 0.253835 0.108498 0.337179
v 0.253916 0.080327 0.334638
v 0.253946 0.112840 0.337791
v 0.254010 0.079700 0.334784
v 0.253990 0.076603 0.344383
v 0.254046 0.087337 0.333502
v 0.254059 0.077985 0.339819
v 0.254076 0.118925 0.351949
v 0.254134 0.076191 0.353006
v 0.254271 0.117806 0.339035
v 0.254373 0.075180 0.351659
v 0.254444 0.078546 0.336948
v 0.254352 0.115363 0.352685
v 0.254442 0.105205 0.335790
v 0.254532 0.081555 0.332612
v 0.254483 0.120071 0.349639
v 0.254625 0.083738 0.332036
v 0.254544 0.078444 0.352850
v 0.254569 0.075700 0.348958
v 0.254621 0.075310 0.350414
v 0.254736 0.079818 0.333381
v 0.254702 0.119908 0.345934
v 0.254787 0.101695 0.334636
v 0.254805 0.093671 0.332994
v 0.254938 0.116255 0.337483
v 0.254984 0.119214 0.341043
v 0.255092 0.079246 0.333958
v 0.255085 0.077303 0.342101
v 0.255021 0.117973 0.351395
v 0.255126 0.076097 0.349955
v 0.255300 0.080277 0.331456
v 0.255233 0.076492 0.351256
v 0.255338 0.076670 0.345231
v 0.255331 0.118737 0.339426
v 0.255416 0.079661 0.331766
v 0.255434 0.089982 0.330891
v 0.255480 0.076350 0.347539
v 0.255482 0.076323 0.348997
v 0.255490 0.077549 0.351156
v 0.255573 0.077985 0.338625
v 0.255583 0.110839 0.335237
v 0.255649 0.085868 0.329687
v 0.255800 0.080493 0.330178
v 0.255742 0.076844 0.349931
v 0.255848 0.082166 0.329136
v 0.255826 0.101331 0.332794
v 0.255741 0.119441 0.349164
v 0.255819 0.118058 0.337820
v 0.256004 0.079395 0.331559
v 0.256044 0.078552 0.334979
v 0.255951 0.118827 0.349790
v 0.256028 0.090743 0.351685
v 0.256064 0.113251 0.351406
v 0.256242 0.094786 0.330175
v 0.256210 0.117200 0.336576
v 0.256248 0.095950 0.351506
v 0.256347 0.114521 0.335118
v 0.256450 0.080551 0.327970
v 0.256456 0.077200 0.343500
v 0.256582 0.079656 0.328578
v 0.256567 0.077821 0.349688
v 0.256604 0.076907 0.348283
v 0.256651 0.108400 0.333044
v 0.256693 0.077604 0.340687
v 0.256743 0.119632 0.347274
v 0.256878 0.084068 0.326064
v 0.256912 0.079035 0.329409
v 0.256938 0.081341 0.325981
v 0.256963 0.079610 0.326396
v 0.256871 0.079539 0.349721
v 0.256961 0.092340 0.327702
v 0.256945 0.100705 0.330353
v 0.257012 0.078629 0.331919
v 0.257072 0.078009 0.337368
v 0.257010 0.119384 0.341424
v 0.257181 0.088005 0.325889
v 0.257112 0.118188 0.337022
v 0.257160 0.112946 0.333442
v 0.257161 0.078581 0.348883
v 0.257254 0.116324 0.334704
v 0.257375 0.079167 0.325852
v 0.257291 0.118630 0.338127
v 0.257383 0.078255 0.334461
v 0.257335 0.077112 0.346213
v 0.257333 0.077926 0.347940
v 0.257599 0.080234 0.324079
v 0.257702 0.078556 0.328895
v 0.257724 0.082362 0.323136
v 0.257739 0.077515 0.342687
v 0.257876 0.099524 0.327704
v 0.258015 0.086591 0.322835
v 0.257975 0.107721 0.330386
v 0.257953 0.078942 0.347951
v 0.257982 0.119688 0.344849
v 0.258148 0.078938 0.323120
v 0.258105 0.115195 0.332811
v 0.258174 0.077777 0.339595
v 0.258152 0.117330 0.334554
v 0.258252 0.078397 0.323362
v 0.258151 0.116466 0.349103
v 0.258270 0.078207 0.331964
v 0.258417 0.083322 0.320421
v 0.258423 0.080690 0.320332
v 0.258389 0.077729 0.344315
v 0.258453 0.097846 0.325357
v 0.258474 0.094252 0.323827
v 0.258445 0.078163 0.346431
v 0.258594 0.112996 0.331015
v 0.258763 0.078153 0.322884
v 0.258746 0.077987 0.336030
v 0.258653 0.118992 0.346892
v 0.258811 0.091917 0.321652
v 0.258762 0.116428 0.332638
v 0.258755 0.117942 0.335185
v 0.258880 0.086679 0.319299
v 0.258862 0.078077 0.328178
v 0.258900 0.078061 0.321021
v 0.258957 0.077984 0.324695
v 0.258994 0.079113 0.318195
v 0.258853 0.092100 0.348277
v 0.259012 0.082533 0.317285
v 0.259035 0.078759 0.345670
v 0.259179 0.080362 0.316163
v 0.259122 0.119029 0.345562
v 0.259261 0.107683 0.327411
v 0.259255 0.099102 0.348161
v 0.259353 0.077810 0.341429
v 0.259488 0.091985 0.318677
v 0.259531 0.078129 0.316234
v 0.259553 0.077433 0.322164
v 0.259477 0.077817 0.339399
v 0.259488 0.111895 0.328674
v 0.259516 0.104523 0.325114
v 0.259550 0.097052 0.320942
v 0.259624 0.086237 0.315134
v 0.259651 0.077587 0.318408
v 0.259614 0.101296 0.322992
v 0.259759 0.081812 0.312508
v 0.259872 0.077346 0.314625
v 0.259945 0.077778 0.312659
v 0.259821 0.116023 0.330250
v 0.259826 0.078389 0.343677
v 0.259973 0.079221 0.311401
v 0.259881 0.078865 0.344122
v 0.259898 0.118112 0.335028
v 0.260084 0.092526 0.315647
v 0.259920 0.117838 0.346594
v 0.260021 0.114276 0.328665
v 0.260102 0.077891 0.331544
v 0.260191 0.077241 0.313786
v 0.260090 0.079682 0.344350
v 0.260222 0.097344 0.317787
v 0.260164 0.116709 0.330938
v 0.260215 0.111211 0.347465
v 0.260422 0.084687 0.308796
v 0.260411 0.077108 0.317479
v 0.260334 0.084330 0.345360
v 0.260490 0.076821 0.313214
v 0.260493 0.076997 0.314771
v 0.260443 0.102262 0.320057
v 0.260510 0.089897 0.311116
v 0.260462 0.077538 0.325456
v 0.260497 0.117350 0.332092
v 0.260641 0.078308 0.340630
v 0.260785 0.076687 0.309097
v 0.260832 0.077449 0.306630
v 0.260854 0.076754 0.310985
v 0.260837 0.110701 0.324330
v 0.260824 0.078030 0.337607
v 0.260817 0.079302 0.342989
v 0.260882 0.107476 0.321804
v 0.260800 0.118187 0.344963
v 0.261037 0.081392 0.302845
v 0.260803 0.116484 0.346413
v 0.260974 0.114081 0.326182
v 0.261144 0.078642 0.302351
v 0.261117 0.097000 0.311844
v 0.261171 0.102399 0.316193
v 0.261133 0.115191 0.326890
v 0.261303 0.076837 0.301608
v 0.261305 0.076530 0.306373
v 0.261174 0.118702 0.343928
v 0.261395 0.076875 0.319352
v 0.261363 0.078535 0.340270
v 0.261544 0.076411 0.303360
v 0.261545 0.076237 0.308290
v 0.261518 0.076514 0.314457
v 0.261469 0.106735 0.318373
v 0.261614 0.088992 0.301920
v 0.261473 0.116090 0.327643
v 0.261624 0.076261 0.311052
v 0.261541 0.118157 0.334942
v 0.261565 0.079108 0.340660
v 0.261558 0.081874 0.342779
v 0.261748 0.092711 0.303521
v 0.261610 0.080239 0.341771
v 0.261826 0.077427 0.297467
v 0.261862 0.076334 0.299790
v 0.261737 0.111636 0.321558
v 0.261825 0.077568 0.328109
v 0.261889 0.113437 0.322775
v 0.262045 0.086300 0.296710
v 0.261794 0.117182 0.344673
v 0.262028 0.075824 0.304828
v 0.262083 0.079092 0.294030
v 0.262037 0.098366 0.306209
v 0.262110 0.075445 0.301480
v 0.262011 0.077904 0.332304
v 0.262078 0.114697 0.323777
v 0.262267 0.076238 0.295698
v 0.262096 0.116691 0.328355
v 0.262113 0.078509 0.337760
v 0.262074 0.118561 0.340654
v 0.262387 0.075583 0.298353
v 0.262294 0.110594 0.317683
v 0.262527 0.077069 0.291137
v 0.262412 0.104318 0.309554
v 0.262274 0.118388 0.337287
v 0.262392 0.107772 0.313897
v 0.262467 0.075944 0.311359
v 0.262386 0.078268 0.335469
v 0.262640 0.075407 0.295167
v 0.262445 0.078633 0.338326
v 0.262441 0.079573 0.339953
v 0.262424 0.095814 0.343715
v 0.262481 0.115483 0.324248
v 0.262718 0.075431 0.291108
v 0.262646 0.098035 0.300810
v 0.262570 0.112967 0.319394
v 0.262717 0.075134 0.299987
v 0.262500 0.112179 0.344909
v 0.262581 0.114743 0.344512
v 0.262710 0.078543 0.337422
v 0.262888 0.074974 0.302802
v 0.262920 0.075020 0.297165
v 0.262917 0.095007 0.295564
v 0.262801 0.114218 0.320580
v 0.262934 0.075366 0.306755
v 0.263061 0.077663 0.284831
v 0.263071 0.082182 0.286116
v 0.262852 0.117263 0.329998
v 0.263085 0.074810 0.293740
v 0.262952 0.076913 0.322046
v 0.262938 0.079053 0.337611
v 0.263027 0.114975 0.321571
v 0.263014 0.081646 0.339873
v 0.263264 0.074812 0.299559
v 0.263366 0.076085 0.284207
v 0.263182 0.112487 0.315464
v 0.263110 0.090726 0.342051
v 0.263374 0.074287 0.293183
v 0.263096 0.116043 0.343572
v 0.263204 0.116047 0.324544
v 0.263452 0.074197 0.290445
v 0.263441 0.093845 0.289857
v 0.263232 0.085103 0.340664
v 0.263526 0.087200 0.284553
v 0.263559 0.074999 0.284453
v 0.263407 0.108752 0.307831
v 0.263544 0.074585 0.296708
v 0.263377 0.078193 0.332935
v 0.263423 0.113672 0.316806
v 0.263414 0.078575 0.335113
v 0.263551 0.103693 0.299114
v 0.263513 0.111046 0.310915
v 0.263384 0.107608 0.343712
v 0.263694 0.074116 0.286792
v 0.263682 0.075728 0.312492
v 0.263693 0.114596 0.318400
v 0.263852 0.099493 0.291320
v 0.263751 0.077602 0.327964
v 0.263724 0.080039 0.337066
v 0.263973 0.092459 0.283914
v 0.264020 0.074901 0.280170
v 0.263784 0.078730 0.335426
v 0.264073 0.074202 0.280590
v 0.263749 0.117513 0.342264
v 0.264133 0.079551 0.276398
v 0.264141 0.075896 0.276992
v 0.263863 0.116510 0.325651
v 0.264156 0.074249 0.279652
v 0.263984 0.115323 0.320253
v 0.264104 0.113006 0.311630
v 0.264061 0.078593 0.334522
v 0.264353 0.074808 0.276069
v 0.264233 0.074508 0.300969
v 0.264232 0.108150 0.299919
v 0.264235 0.110404 0.304324
v 0.264171 0.083700 0.338356
v 0.264202 0.079184 0.334919
v 0.264152 0.110217 0.342802
v 0.264493 0.073986 0.280331
v 0.264290 0.114070 0.314350
v 0.264270 0.117830 0.339860
v 0.264529 0.074211 0.296524
v 0.264374 0.081739 0.336846
v 0.264319 0.114680 0.342498
v 0.264614 0.097834 0.282379
v 0.264585 0.114738 0.316082
v 0.264825 0.088261 0.274435
v 0.264686 0.112118 0.305485
v 0.264917 0.073820 0.276303
v 0.264736 0.078336 0.332203
v 0.264835 0.113770 0.310672
v 0.265011 0.073605 0.289049
v 0.265115 0.074789 0.271662
v 0.265068 0.073270 0.282423
v 0.264806 0.115907 0.341376
v 0.264940 0.076878 0.322024
v 0.265136 0.073436 0.285874
v 0.264983 0.113573 0.307730
v 0.265174 0.093452 0.274156
v 0.265084 0.107124 0.289600
v 0.265202 0.073401 0.278707
v 0.264878 0.117359 0.340138
v 0.265327 0.073769 0.272717
v 0.265173 0.109386 0.293674
v 0.265066 0.079878 0.334331
v 0.265227 0.111032 0.297566
v 0.265417 0.079129 0.268068
v 0.265190 0.114345 0.312235
v 0.265181 0.077859 0.328307
v 0.265121 0.117957 0.336790
v 0.265498 0.076132 0.267894
v 0.265270 0.079091 0.332157
v 0.265274 0.115830 0.320699
v 0.265281 0.078475 0.331651
v 0.265470 0.073560 0.293131
v 0.265363 0.076067 0.315836
v 0.265584 0.087600 0.268304
v 0.265556 0.097828 0.273777
v 0.265237 0.116812 0.340256
v 0.265403 0.113018 0.304675
v 0.265552 0.102200 0.277895
v 0.265395 0.077311 0.324839
v 0.265690 0.074370 0.267268
v 0.265544 0.109167 0.288849
v 0.265679 0.072913 0.273708
v 0.265446 0.115018 0.315490
v 0.265392 0.117449 0.330502
v 0.265643 0.110487 0.292677
v 0.265511 0.116604 0.325140
v 0.265852 0.073631 0.268583
v 0.265714 0.074854 0.306121
v 0.265605 0.083477 0.335024
v 0.266002 0.084619 0.264569
v 0.265923 0.105824 0.279080
v 0.265797 0.113790 0.307093
v 0.265990 0.072917 0.281282
v 0.265676 0.114691 0.340482
v 0.265982 0.107794 0.282089
v 0.265990 0.112103 0.297733
v 0.266046 0.074262 0.299449
v 0.265919 0.078209 0.328378
v 0.266059 0.111418 0.293659
v 0.266258 0.072613 0.269098
v 0.266055 0.112992 0.301831
v 0.266258 0.072768 0.276667
v 0.266066 0.114477 0.310102
v 0.266396 0.073607 0.264162
v 0.266100 0.077433 0.325379
v 0.266286 0.111118 0.289114
v 0.266161 0.078908 0.329429
v 0.266515 0.072585 0.266009
v 0.266415 0.109269 0.282574
v 0.266664 0.075024 0.260504
v 0.266380 0.077339 0.323837
v 0.266410 0.077033 0.322033
v 0.266360 0.088184 0.334978
v 0.266696 0.098971 0.264423
v 0.266342 0.116103 0.339416
v 0.266381 0.117159 0.338052
v 0.266538 0.076528 0.318772
v 0.266600 0.112073 0.294476
v 0.266880 0.082099 0.258149
v 0.266893 0.072765 0.262600
v 0.266944 0.073313 0.259388
v 0.266826 0.108026 0.274531
v 0.266988 0.072732 0.259957
v 0.266627 0.094734 0.336429
v 0.266684 0.078388 0.327651
v 0.267061 0.072817 0.259075
v 0.266893 0.110427 0.283291
v 0.266866 0.111660 0.290596
v 0.266722 0.083786 0.332241
v 0.266675 0.117374 0.337098
v 0.267026 0.102733 0.264368
v 0.266902 0.112937 0.298155
v 0.267141 0.098248 0.259936
v 0.267101 0.105317 0.266990
v 0.266959 0.113520 0.301564
v 0.266979 0.075572 0.311960
v 0.267274 0.078616 0.255304
v 0.266982 0.114080 0.306135
v 0.266956 0.077304 0.323491
v 0.267264 0.072212 0.264159
v 0.267163 0.072913 0.285355
v 0.267296 0.072510 0.259621
v 0.267165 0.109490 0.278534
v 0.267265 0.072261 0.271724
v 0.267257 0.072433 0.277767
v 0.267353 0.072241 0.261638
v 0.266982 0.100025 0.336922
v 0.267395 0.073514 0.256456
v 0.267037 0.081855 0.330129
v 0.267078 0.115112 0.314060
v 0.267091 0.077708 0.323789
v 0.267291 0.111264 0.286419
v 0.267092 0.107375 0.338155
v 0.267100 0.116017 0.337874
v 0.267106 0.112721 0.338599
v 0.267592 0.092963 0.254397
v 0.267410 0.075964 0.315553
v 0.267353 0.080179 0.327579
v 0.267573 0.108978 0.274349
v 0.267485 0.112289 0.292617
v 0.267695 0.098288 0.255443
v 0.267766 0.084038 0.251827
v 0.267597 0.110974 0.283429
v 0.267767 0.071832 0.266812
v 0.267744 0.106920 0.266530
v 0.267492 0.086765 0.331490
v 0.267869 0.071616 0.260027
v 0.267934 0.075411 0.250818
v 0.267735 0.110613 0.279673
v 0.267927 0.072448 0.254501
v 0.267886 0.071713 0.263295
v 0.267724 0.111803 0.287759
v 0.267588 0.115794 0.318944
v 0.267845 0.108337 0.269490
v 0.267972 0.090433 0.250841
v 0.268006 0.073377 0.251843
v 0.267951 0.101021 0.255299
v 0.267707 0.076911 0.319981
v 0.267941 0.105424 0.261049
v 0.267756 0.076489 0.317044
v 0.268078 0.071591 0.256338
v 0.267923 0.109745 0.276291
v 0.267886 0.075014 0.308249
v 0.267799 0.082477 0.327995
v 0.267870 0.076002 0.314068
v 0.267793 0.116473 0.324380
v 0.267974 0.074632 0.303211
v 0.268256 0.072182 0.251311
v 0.267958 0.075640 0.311727
v 0.267803 0.116228 0.336798
v 0.267827 0.114616 0.337274
v 0.268153 0.107764 0.266837
v 0.268310 0.071607 0.251701
v 0.267861 0.116535 0.335625
v 0.268244 0.103717 0.256344
v 0.268022 0.113884 0.302675
v 0.267896 0.104841 0.336051
v 0.267991 0.078938 0.323933
v 0.268032 0.114430 0.307848
v 0.267990 0.095883 0.333415
v 0.268095 0.077238 0.320463
v 0.268227 0.074085 0.297731
v 0.268017 0.117055 0.332381
v 0.268049 0.101000 0.334849
v 0.268508 0.086421 0.246065
v 0.268236 0.112915 0.295572
v 0.268225 0.077104 0.319570
v 0.268458 0.106535 0.261226
v 0.268138 0.116983 0.329509
v 0.268410 0.109358 0.272464
v 0.268129 0.109349 0.336244
v 0.268627 0.079958 0.244594
v 0.268282 0.077670 0.320165
v 0.268178 0.116695 0.334267
v 0.268510 0.107555 0.264022
v 0.268457 0.111602 0.284850
v 0.268593 0.072022 0.273259
v 0.268418 0.075946 0.313892
v 0.268771 0.073512 0.245373
v 0.268667 0.105538 0.256722
v 0.268427 0.080955 0.324213
v 0.268797 0.071297 0.251200
v 0.268694 0.108244 0.266687
v 0.268880 0.071277 0.254232
v 0.268934 0.102955 0.249563
v 0.269014 0.072190 0.245748
v 0.268741 0.112323 0.289588
v 0.269004 0.071161 0.259224
v 0.268940 0.107112 0.260785
v 0.269104 0.071563 0.247792
v 0.268796 0.075808 0.310833
v 0.268968 0.072526 0.281614
v 0.269139 0.100310 0.244124
v 0.269116 0.104447 0.251444
v 0.268863 0.076536 0.314377
v 0.268999 0.110331 0.276126
v 0.269272 0.094060 0.240510
v 0.269104 0.073306 0.289410
v 0.269027 0.075101 0.305906
v 0.269250 0.071317 0.264577
v 0.269379 0.086208 0.238495
v 0.269277 0.106762 0.257165
v 0.269457 0.075629 0.237940
v 0.269489 0.072345 0.241098
v 0.269186 0.074587 0.302191
v 0.269527 0.071367 0.243222
v 0.269130 0.082842 0.322667
v 0.269054 0.116097 0.333359
v 0.269090 0.106801 0.333986
v 0.269610 0.073467 0.237882
v 0.269482 0.105417 0.252337
v 0.269472 0.107562 0.261114
v 0.269666 0.082233 0.235638
v 0.269315 0.077161 0.315183
v 0.269354 0.078127 0.316889
v 0.269471 0.073874 0.295044
v 0.269400 0.076094 0.310962
v 0.269725 0.071031 0.247257
v 0.269688 0.104001 0.245755
v 0.269662 0.106245 0.254182
v 0.269735 0.101950 0.241732
v 0.269453 0.076921 0.314144
v 0.269533 0.074248 0.298298
v 0.269332 0.115543 0.333373
v 0.269512 0.076370 0.310805
v 0.269685 0.108624 0.266122
v 0.269401 0.103796 0.332506
v 0.269566 0.075845 0.309756
v 0.269564 0.077420 0.314076
v 0.269740 0.109540 0.270972
v 0.269989 0.079865 0.232855
v 0.269615 0.076819 0.312103
v 0.269722 0.111206 0.280377
v 0.269970 0.099359 0.236015
v 0.269907 0.104939 0.247910
v 0.269512 0.116293 0.332237
v 0.269608 0.114811 0.310816
v 0.270083 0.072147 0.235136
v 0.269779 0.074665 0.302571
v 0.270087 0.095695 0.233112
v 0.270101 0.071273 0.239209
v 0.270110 0.103559 0.242119
v 0.270239 0.087517 0.230835
v 0.269930 0.074601 0.301657
v 0.269907 0.113029 0.294875
v 0.269913 0.075410 0.305774
v 0.269870 0.081025 0.317246
v 0.270131 0.106779 0.255441
v 0.270228 0.070664 0.250283
v 0.269955 0.077092 0.310672
v 0.270199 0.105879 0.251157
v 0.270377 0.073407 0.230029
v 0.269961 0.113926 0.302774
v 0.270324 0.102362 0.238320
v 0.270370 0.104439 0.243877
v 0.270152 0.074829 0.301495
v 0.270178 0.074536 0.299573
v 0.270084 0.115486 0.317233
v 0.270592 0.071063 0.234945
v 0.270584 0.097590 0.229784
v 0.270288 0.112291 0.287905
v 0.270238 0.078872 0.312759
v 0.270656 0.092703 0.227398
v 0.270200 0.109777 0.331786
v 0.270713 0.070637 0.241939
v 0.270462 0.075385 0.302443
v 0.270532 0.074396 0.297937
v 0.270741 0.105316 0.246318
v 0.270395 0.096479 0.325909
v 0.270727 0.071569 0.269512
v 0.270944 0.071699 0.228373
v 0.270734 0.107694 0.259149
v 0.270626 0.073671 0.293081
v 0.270423 0.105260 0.330123
v 0.270669 0.110103 0.273231
v 0.270420 0.114050 0.331755
v 0.270906 0.101454 0.232469
v 0.270955 0.095737 0.225199
v 0.270688 0.073528 0.290051
v 0.270902 0.070474 0.253686
v 0.270487 0.114946 0.331342
v 0.270962 0.102724 0.235587
v 0.270671 0.076602 0.305708
v 0.270798 0.072787 0.282806
v 0.271001 0.103792 0.238977
v 0.271109 0.070467 0.235456
v 0.271130 0.099100 0.227312
v 0.270660 0.115304 0.330491
v 0.271210 0.070300 0.229684
v 0.271228 0.085225 0.222164
v 0.271013 0.108873 0.265590
v 0.270913 0.074681 0.298504
v 0.271273 0.097132 0.222893
v 0.271338 0.075663 0.221528
v 0.271337 0.097395 0.221458
v 0.271185 0.106427 0.250940
v 0.271410 0.072160 0.222919
v 0.270847 0.116091 0.327351
v 0.271052 0.074441 0.297382
v 0.271424 0.071138 0.224746
v 0.271465 0.070620 0.227131
v 0.271078 0.079067 0.307512
v 0.271484 0.094089 0.220055
v 0.271188 0.075852 0.300122
v 0.271498 0.102100 0.231083
v 0.271605 0.080930 0.219094
v 0.271075 0.115469 0.318576
v 0.271053 0.116024 0.324813
v 0.271538 0.100336 0.226693
v 0.271090 0.115893 0.321996
v 0.271266 0.074938 0.297854
v 0.271506 0.104465 0.240278
v 0.271339 0.074199 0.294437
v 0.271373 0.073264 0.287742
v 0.271197 0.098050 0.322998
v 0.271706 0.097837 0.220705
v 0.271178 0.115194 0.327977
v 0.271875 0.069979 0.227717
v 0.271517 0.077316 0.301143
v 0.271757 0.070687 0.259507
v 0.271931 0.096460 0.218752
v 0.271919 0.099315 0.222925
v 0.271866 0.103276 0.234322
v 0.271825 0.072078 0.274613
v 0.272101 0.069817 0.224207
v 0.271984 0.070209 0.248031
v 0.272070 0.069913 0.236517
v 0.271802 0.111063 0.278350
v 0.272115 0.069678 0.230548
v 0.271818 0.074052 0.290954
v 0.272066 0.070061 0.242581
v 0.271722 0.092756 0.315289
v 0.272223 0.070781 0.220000
v 0.272040 0.105352 0.243622
v 0.271700 0.115016 0.315624
v 0.271914 0.073089 0.284173
v 0.271667 0.114560 0.326636
v 0.271705 0.106492 0.325903
v 0.271735 0.115350 0.319999
v 0.271855 0.113225 0.296733
v 0.272233 0.100235 0.223745
v 0.271730 0.113265 0.327458
v 0.271834 0.113967 0.304024
v 0.271931 0.112416 0.288685
v 0.271860 0.114658 0.310674
v 0.272389 0.083834 0.212909
v 0.272313 0.101308 0.226253
v 0.272021 0.075718 0.295026
v 0.272387 0.096140 0.215821
v 0.272432 0.098704 0.219112
v 0.272179 0.072626 0.279080
v 0.272049 0.088303 0.308774
v 0.272470 0.102317 0.229064
v 0.272220 0.074759 0.291064
v 0.272060 0.100065 0.319257
v 0.272585 0.093375 0.212756
v 0.272573 0.069506 0.226292
v 0.272548 0.099658 0.220330
v 0.272282 0.074350 0.290469
v 0.272252 0.078145 0.297138
v 0.272095 0.115091 0.324521
v 0.272686 0.070019 0.216983
v 0.272669 0.069823 0.220444
v 0.272751 0.070562 0.216189
v 0.272766 0.071799 0.214159
v 0.272486 0.071531 0.269018
v 0.272350 0.081072 0.299604
v 0.272765 0.096949 0.215903
v 0.272572 0.107532 0.255762
v 0.272533 0.073184 0.283384
v 0.272875 0.089992 0.210277
v 0.272318 0.115114 0.322677
v 0.272605 0.074027 0.287191
v 0.272641 0.073031 0.280971
v 0.272948 0.100548 0.222427
v 0.272485 0.114748 0.316384
v 0.273072 0.074412 0.210032
v 0.273064 0.069615 0.216691
v 0.272748 0.109269 0.267076
v 0.272730 0.073747 0.283928
v 0.272956 0.103449 0.232719
v 0.272554 0.115031 0.319631
v 0.272952 0.070253 0.251438
v 0.273111 0.069284 0.222474
v 0.272590 0.111455 0.323442
v 0.273158 0.094911 0.211520
v 0.273241 0.070333 0.212933
v 0.273164 0.101667 0.225673
v 0.272703 0.114369 0.322298
v 0.273277 0.069318 0.218575
v 0.273002 0.072331 0.275003
v 0.272938 0.075949 0.289033
v 0.272904 0.084848 0.298741
v 0.272821 0.112884 0.322189
v 0.273355 0.097921 0.215683
v 0.273385 0.098789 0.217280
v 0.272913 0.114282 0.311647
v 0.273134 0.073547 0.281074
v 0.273343 0.104549 0.237451
v 0.273046 0.094627 0.307297
v 0.273602 0.081867 0.204539
v 0.273457 0.069492 0.236923
v 0.273134 0.089568 0.301320
v 0.273587 0.096298 0.212387
v 0.273596 0.097272 0.213527
v 0.273335 0.072669 0.277278
v 0.273111 0.109405 0.319968
v 0.273624 0.068924 0.226310
v 0.273685 0.068831 0.215886
v 0.273180 0.113790 0.305005
v 0.273191 0.099120 0.310634
v 0.273640 0.102179 0.226027
v 0.273225 0.103648 0.314439
v 0.273380 0.077848 0.288617
v 0.273420 0.074737 0.282722
v 0.273487 0.071762 0.270271
v 0.273202 0.111385 0.319860
v 0.273558 0.105812 0.244919
v 0.273355 0.112657 0.292530
v 0.273863 0.069427 0.209778
v 0.273569 0.071519 0.267826
v 0.273461 0.111588 0.282839
v 0.273801 0.099452 0.217813
v 0.273527 0.110020 0.271456
v 0.273633 0.070968 0.264105
v 0.273752 0.069817 0.243934
v 0.273942 0.070036 0.207708
v 0.273974 0.072067 0.204716
v 0.273878 0.098205 0.214804
v 0.273379 0.113993 0.314887
v 0.273964 0.068967 0.212913
v 0.274022 0.068887 0.210145
v 0.273972 0.095667 0.209818
v 0.274092 0.076254 0.202599
v 0.274102 0.068946 0.209255
v 0.274077 0.093186 0.206163
v 0.273557 0.113446 0.314585
v 0.274067 0.097580 0.213679
v 0.273561 0.112519 0.316917
v 0.273789 0.110806 0.277429
v 0.274210 0.088915 0.201178
v 0.274002 0.070746 0.259035
v 0.273925 0.073652 0.276991
v 0.273982 0.071891 0.270820
v 0.274074 0.070452 0.255062
v 0.273878 0.086497 0.292167
v 0.273844 0.094550 0.300570
v 0.273830 0.113199 0.297883
v 0.274261 0.068911 0.230684
v 0.274403 0.069146 0.207412
v 0.273832 0.113825 0.311008
v 0.274022 0.076859 0.281952
v 0.274363 0.068546 0.219186
v 0.273881 0.113431 0.304155
v 0.274104 0.071827 0.269919
v 0.273914 0.100293 0.306135
v 0.274305 0.101590 0.223807
v 0.274128 0.072614 0.273740
v 0.273894 0.110219 0.313706
v 0.273911 0.107530 0.312289
v 0.274396 0.098617 0.215578
v 0.274522 0.068602 0.209631
v 0.273981 0.113694 0.306896
v 0.274473 0.096663 0.211380
v 0.274335 0.071649 0.266563
v 0.274644 0.068504 0.214838
v 0.274740 0.069341 0.204169
v 0.274436 0.072364 0.270350
v 0.274782 0.086939 0.197390
v 0.274207 0.112967 0.308160
v 0.274740 0.093809 0.205588
v 0.274257 0.113015 0.300841
v 0.274806 0.068792 0.206124
v 0.274288 0.104703 0.307142
v 0.274878 0.070725 0.199941
v 0.274840 0.094658 0.206893
v 0.274359 0.112980 0.304059
v 0.274571 0.075165 0.275646
v 0.274470 0.112456 0.293015
v 0.274880 0.097753 0.213226
v 0.274724 0.071136 0.261425
v 0.274716 0.072280 0.268320
v 0.275083 0.068570 0.203472
v 0.274770 0.071545 0.264166
v 0.274509 0.111710 0.308601
v 0.275032 0.095466 0.207792
v 0.274743 0.081260 0.280305
v 0.274666 0.111953 0.287127
v 0.274915 0.070181 0.250161
v 0.274692 0.091746 0.290302
v 0.274740 0.110891 0.279337
v 0.275151 0.092918 0.202607
v 0.274849 0.073304 0.270579
v 0.274905 0.106743 0.250104
v 0.274868 0.108126 0.259118
v 0.275251 0.089651 0.197949
v 0.274812 0.101607 0.299832
v 0.275337 0.068359 0.205396
v 0.275070 0.070613 0.256144
v 0.274822 0.112334 0.303562
v 0.275414 0.069451 0.198622
v 0.275026 0.109026 0.265976
v 0.275136 0.070896 0.258334
v 0.275457 0.087699 0.194534
v 0.275532 0.077505 0.193013
v 0.275187 0.071810 0.265194
v 0.274968 0.112272 0.299935
v 0.275339 0.069294 0.238604
v 0.275198 0.072574 0.266948
v 0.275132 0.087955 0.282789
v 0.275587 0.068701 0.199375
v 0.275187 0.078213 0.274442
v 0.275005 0.109200 0.304491
v 0.275598 0.068846 0.198178
v 0.275359 0.069818 0.244688
v 0.275574 0.068197 0.216988
v 0.275355 0.071593 0.263340
v 0.275183 0.111777 0.286669
v 0.275231 0.111047 0.282252
v 0.275725 0.085894 0.192147
v 0.275656 0.094621 0.205738
v 0.275433 0.072211 0.264466
v 0.275727 0.093755 0.203935
v 0.275295 0.111849 0.287594
v 0.275272 0.112339 0.296208
v 0.275307 0.112070 0.291757
v 0.275861 0.069766 0.195254
v 0.275777 0.067987 0.213528
v 0.275294 0.111480 0.299765
v 0.275868 0.068235 0.202028
v 0.275593 0.070540 0.255746
v 0.275467 0.110398 0.275237
v 0.275745 0.101885 0.223852
v 0.275391 0.105510 0.298418
v 0.275597 0.073094 0.265907
v 0.275709 0.104664 0.236157
v 0.275700 0.070496 0.254848
v 0.275436 0.110682 0.299658
v 0.276025 0.068376 0.199127
v 0.276083 0.083060 0.188951
v 0.275821 0.105352 0.240177
v 0.275965 0.098522 0.214286
v 0.275792 0.071314 0.259924
v 0.275630 0.097413 0.288074
v 0.276013 0.096618 0.209843
v 0.276105 0.091536 0.198885
v 0.275688 0.093542 0.283350
v 0.275613 0.111401 0.296258
v 0.276208 0.070999 0.191135
v 0.275670 0.111326 0.286790
v 0.275892 0.071246 0.258031
v 0.276089 0.068157 0.220934
v 0.276079 0.100860 0.219890
v 0.275993 0.070440 0.251995
v 0.275939 0.074643 0.266395
v 0.276074 0.070759 0.254274
v 0.275969 0.083409 0.272264
v 0.276385 0.086648 0.190085
v 0.276408 0.069037 0.193464
v 0.275907 0.110443 0.279068
v 0.276356 0.067761 0.204756
v 0.275883 0.108876 0.296352
v 0.276548 0.069844 0.190837
v 0.276098 0.087959 0.274552
v 0.276006 0.102151 0.289656
v 0.276057 0.110586 0.281890
v 0.276306 0.071929 0.258868
v 0.276089 0.110803 0.293643
v 0.276688 0.074040 0.186945
v 0.276427 0.102755 0.226533
v 0.276221 0.109188 0.267999
v 0.276672 0.085151 0.186925
v 0.276421 0.070247 0.249718
v 0.276360 0.072570 0.261204
v 0.276334 0.107462 0.255046
v 0.276325 0.108503 0.263154
v 0.276211 0.105758 0.291033
v 0.276212 0.110955 0.291143
v 0.276574 0.068884 0.232029
v 0.276575 0.069276 0.239460
v 0.276295 0.110582 0.285805
v 0.276306 0.110726 0.283549
v 0.276286 0.110972 0.289639
v 0.276856 0.068140 0.194606
v 0.276395 0.097015 0.280437
v 0.276639 0.069882 0.243535
v 0.276877 0.067761 0.198910
v 0.276580 0.071526 0.257340
v 0.276388 0.109817 0.289974
v 0.276967 0.083754 0.184236
v 0.276444 0.110422 0.281700
v 0.276992 0.087127 0.188811
v 0.277063 0.068956 0.188626
v 0.276877 0.068302 0.225126
v 0.276529 0.110103 0.282810
v 0.277093 0.070809 0.186091
v 0.276772 0.071207 0.253165
v 0.276623 0.109362 0.271793
v 0.276982 0.094493 0.204381
v 0.276650 0.109040 0.267324
v 0.276759 0.072698 0.257679
v 0.276984 0.067906 0.215731
v 0.277144 0.077719 0.183084
v 0.276835 0.070533 0.250280
v 0.277059 0.092028 0.198776
v 0.276623 0.109702 0.285641
v 0.276657 0.109863 0.278380
v 0.277169 0.087922 0.189730
v 0.276747 0.109108 0.268208
v 0.276916 0.070373 0.249329
v 0.276767 0.093545 0.273480
v 0.277153 0.067617 0.210545
v 0.276840 0.088800 0.269045
v 0.277063 0.069256 0.237105
v 0.276794 0.109689 0.279997
v 0.277003 0.106007 0.244762
v 0.276889 0.109687 0.275210
v 0.277387 0.085847 0.185574
v 0.277019 0.083459 0.263913
v 0.277132 0.072371 0.253947
v 0.276993 0.101252 0.278819
v 0.277039 0.108715 0.268032
v 0.276988 0.109064 0.280992
v 0.277206 0.070883 0.249727
v 0.277279 0.070180 0.246135
v 0.277036 0.107800 0.284506
v 0.277117 0.109035 0.273458
v 0.277264 0.074469 0.256370
v 0.277148 0.108779 0.270572
v 0.277127 0.109099 0.276697
v 0.277284 0.077885 0.258389
v 0.277273 0.107548 0.258235
v 0.277287 0.107917 0.261977
v 0.277292 0.108151 0.264452
v 0.277761 0.084231 0.182013
v 0.277708 0.067409 0.203922
v 0.277488 0.072078 0.251107
v 0.277832 0.086978 0.186566
v 0.277570 0.070285 0.244163
v 0.277680 0.099476 0.215599
v 0.277613 0.070922 0.247426
v 0.277487 0.095457 0.268350
v 0.277616 0.073731 0.252510
v 0.277718 0.069580 0.238877
v 0.277578 0.089642 0.262974
v 0.277540 0.108179 0.268803
v 0.277507 0.105800 0.277700
v 0.277551 0.108216 0.276396
v 0.277673 0.106987 0.253938
v 0.278114 0.082391 0.178382
v 0.277787 0.104533 0.235117
v 0.277855 0.069237 0.235648
v 0.277609 0.108324 0.273042
v 0.278075 0.089950 0.192959
v 0.278148 0.085034 0.181947
v 0.277844 0.071461 0.248818
v 0.278158 0.085844 0.182882
v 0.278223 0.079807 0.177034
v 0.277996 0.068775 0.229851
v 0.278210 0.088311 0.188741
v 0.277894 0.080767 0.255123
v 0.277812 0.107847 0.264063
v 0.277808 0.108024 0.265252
v 0.277839 0.107321 0.259714
v 0.277840 0.107507 0.264782
v 0.277836 0.101965 0.269851
v 0.278312 0.067443 0.192166
v 0.277890 0.106747 0.271193
v 0.278215 0.068056 0.220153
v 0.277928 0.107163 0.267105
v 0.278129 0.103260 0.228274
v 0.278158 0.102064 0.223307
v 0.278122 0.070331 0.243572
v 0.278154 0.071752 0.246256
v 0.278290 0.068426 0.225619
v 0.278461 0.067239 0.196836
v 0.278259 0.069239 0.236044
v 0.278346 0.096837 0.208881
v 0.278269 0.070837 0.243828
v 0.278620 0.070429 0.177525
v 0.278153 0.106665 0.263482
v 0.278247 0.105822 0.245025
v 0.278637 0.083262 0.177674
v 0.278245 0.106589 0.252344
v 0.278281 0.089093 0.255993
v 0.278352 0.073558 0.247259
v 0.278299 0.106389 0.248807
v 0.278777 0.072412 0.175216
v 0.278745 0.084206 0.178965
v 0.278335 0.106889 0.255544
v 0.278512 0.069195 0.235123
v 0.278364 0.097723 0.260759
v 0.278406 0.105389 0.262703
v 0.278884 0.085014 0.180144
v 0.278918 0.068084 0.182537
v 0.278671 0.069538 0.235708
v 0.279004 0.069132 0.178272
v 0.278694 0.069893 0.238533
v 0.278532 0.106257 0.258614
v 0.279038 0.075704 0.172288
v 0.278682 0.071957 0.243172
v 0.278908 0.091734 0.196576
v 0.278745 0.070756 0.240877
v 0.278673 0.085208 0.250728
v 0.278637 0.106146 0.251250
v 0.278836 0.069099 0.231899
v 0.278703 0.102475 0.259481
v 0.278803 0.104854 0.238106
v 0.279254 0.080778 0.172365
v 0.279080 0.067541 0.211812
v 0.278954 0.069954 0.236946
v 0.279264 0.082338 0.174073
v 0.279207 0.086744 0.183784
v 0.278883 0.105541 0.244978
v 0.279345 0.070537 0.173728
v 0.279095 0.068930 0.230057
v 0.279080 0.069512 0.233942
v 0.279018 0.104163 0.234047
v 0.279418 0.069222 0.175853
v 0.279059 0.077578 0.244473
v 0.279117 0.073478 0.241767
v 0.279063 0.105252 0.241445
v 0.279081 0.105513 0.247798
v 0.279511 0.083328 0.175158
v 0.279219 0.102674 0.225841
v 0.279100 0.105460 0.251720
v 0.279331 0.068162 0.222669
v 0.279276 0.070252 0.237544
v 0.279282 0.103444 0.230007
v 0.279421 0.068185 0.220741
v 0.279201 0.104675 0.252980
v 0.279525 0.067215 0.205005
v 0.279502 0.093935 0.201673
v 0.279373 0.070143 0.236605
v 0.279679 0.067768 0.178874
v 0.279260 0.097391 0.251053
v 0.279701 0.085472 0.179826
v 0.279437 0.070680 0.237213
v 0.279397 0.104718 0.238933
v 0.279414 0.083168 0.243874
v 0.279385 0.105166 0.242013
v 0.279754 0.084356 0.176973
v 0.279818 0.068874 0.173122
v 0.279535 0.069152 0.230557
v 0.279528 0.069993 0.233725
v 0.279630 0.067884 0.217812
v 0.279431 0.104985 0.244524
v 0.279623 0.097900 0.211244
v 0.279463 0.105054 0.240888
v 0.279472 0.089981 0.245881
v 0.279857 0.067576 0.179727
v 0.279824 0.067207 0.187695
v 0.279881 0.081929 0.170410
v 0.279942 0.080691 0.168786
v 0.279863 0.089151 0.189369
v 0.280007 0.078072 0.166952
v 0.279708 0.069054 0.229629
v 0.279618 0.104352 0.246393
v 0.279784 0.069757 0.230760
v 0.279691 0.104511 0.240788
v 0.280152 0.071266 0.168142
v 0.279831 0.070722 0.233478
v 0.279800 0.104093 0.235738
v 0.279787 0.104329 0.238569
v 0.280178 0.082435 0.171312
v 0.280194 0.068324 0.174512
v 0.279938 0.068954 0.226019
v 0.279788 0.102305 0.246791
v 0.279877 0.103655 0.230771
v 0.279956 0.072301 0.235268
v 0.280381 0.073352 0.164763
v 0.280306 0.066924 0.197831
v 0.280048 0.096087 0.243042
v 0.280164 0.100897 0.218796
v 0.280239 0.099316 0.214465
v 0.280266 0.070804 0.230617
v 0.280155 0.103488 0.241368
v 0.280300 0.069676 0.227678
v 0.280584 0.081372 0.167941
v 0.280490 0.087567 0.184527
v 0.280617 0.069848 0.167636
v 0.280586 0.083367 0.172500
v 0.280296 0.103232 0.230350
v 0.280501 0.091741 0.195789
v 0.280411 0.074224 0.233258
v 0.280488 0.068671 0.222085
v 0.280571 0.069294 0.224508
v 0.280454 0.103311 0.236566
v 0.280506 0.085037 0.235705
v 0.280474 0.101702 0.239550
v 0.280559 0.102578 0.226167
v 0.280925 0.080115 0.164629
v 0.280907 0.067655 0.174842
v 0.280717 0.067748 0.213661
v 0.280551 0.102409 0.237940
v 0.280987 0.078625 0.162397
v 0.280864 0.066782 0.191875
v 0.280984 0.068909 0.168061
v 0.281013 0.075002 0.160214
v 0.280669 0.100968 0.219536
v 0.280698 0.070131 0.227964
v 0.280687 0.081554 0.233265
v 0.280632 0.098178 0.238287
v 0.280728 0.101797 0.223306
v 0.280713 0.091667 0.236008
v 0.281135 0.071896 0.161097
v 0.281131 0.070581 0.163127
v 0.280859 0.068326 0.218279
v 0.280813 0.072356 0.228767
v 0.280840 0.069813 0.225076
v 0.281103 0.085999 0.179470
v 0.280846 0.102773 0.231514
v 0.281272 0.069492 0.164811
v 0.281035 0.095632 0.205520
v 0.281078 0.067471 0.208131
v 0.281230 0.084646 0.175437
v 0.281028 0.097654 0.210581
v 0.281030 0.069435 0.222623
v 0.281063 0.068900 0.221596
v 0.280985 0.102299 0.225598
v 0.281197 0.089986 0.190776
v 0.281383 0.068093 0.169709
v 0.281026 0.102388 0.226511
v 0.281386 0.081945 0.167406
v 0.281022 0.101968 0.233426
v 0.281069 0.084340 0.231038
v 0.281158 0.068761 0.219841
v 0.281151 0.076675 0.228226
v 0.281155 0.101668 0.223705
v 0.281534 0.080705 0.164028
v 0.281586 0.076445 0.157339
v 0.281321 0.067828 0.214261
v 0.281223 0.101801 0.225895
v 0.281302 0.070641 0.223663
v 0.281263 0.100951 0.219814
v 0.281289 0.101652 0.228424
v 0.281458 0.067773 0.213351
v 0.281320 0.100636 0.232216
v 0.281407 0.101303 0.222125
v 0.281799 0.079176 0.160008
v 0.281457 0.094878 0.230553
v 0.281866 0.069592 0.160507
v 0.281566 0.069436 0.220142
v 0.281498 0.101275 0.223691
v 0.281558 0.100602 0.219767
v 0.281674 0.068019 0.213493
v 0.281974 0.072388 0.154968
v 0.281954 0.077610 0.156858
v 0.281970 0.070695 0.157097
v 0.281681 0.097988 0.211769
v 0.281992 0.068591 0.163700
v 0.281679 0.073688 0.223298
v 0.281766 0.068572 0.217669
v 0.281748 0.098499 0.213301
v 0.281751 0.099268 0.215488
v 0.281990 0.088285 0.185402
v 0.281758 0.100001 0.227165
v 0.281925 0.092601 0.197690
v 0.281840 0.080514 0.224146
v 0.282133 0.067064 0.175185
v 0.281904 0.100544 0.224631
v 0.281934 0.097425 0.226732
v 0.282168 0.066909 0.198590
v 0.282121 0.067775 0.209733
v 0.282067 0.070524 0.219565
v 0.282401 0.068843 0.158911
v 0.282249 0.066706 0.193721
v 0.282186 0.067533 0.207141
v 0.282249 0.067213 0.203138
v 0.282473 0.079100 0.156999
v 0.282439 0.067311 0.170115
v 0.282262 0.069393 0.217378
v 0.282468 0.066649 0.179554
v 0.282199 0.100103 0.220148
v 0.282282 0.068775 0.217159
v 0.282311 0.068160 0.211889
v 0.282394 0.090776 0.192626
v 0.282259 0.099688 0.217294
v 0.282347 0.094983 0.203892
v 0.282672 0.069242 0.154455
v 0.282362 0.095822 0.206146
v 0.282696 0.073765 0.148952
v 0.282734 0.068801 0.155290
v 0.282758 0.076375 0.151025
v 0.282736 0.081059 0.162152
v 0.282820 0.077972 0.154383
v 0.282542 0.068623 0.214296
v 0.282495 0.098267 0.212982
v 0.282508 0.098436 0.214831
v 0.282887 0.068194 0.159068
v 0.282522 0.099026 0.219849
v 0.282814 0.083606 0.170112
v 0.282581 0.097484 0.211559
v 0.282573 0.093275 0.221457
v 0.282699 0.067695 0.209152
v 0.282826 0.086496 0.179292
v 0.282620 0.096828 0.220805
v 0.283051 0.070012 0.150251
v 0.282708 0.096851 0.208783
v 0.282707 0.077731 0.217584
v 0.282856 0.067716 0.206399
v 0.283081 0.082146 0.164793
v 0.282895 0.093550 0.200298
v 0.282964 0.068659 0.211197
v 0.282982 0.069482 0.212980
v 0.283282 0.068257 0.154672
v 0.282999 0.097252 0.212731
v 0.282985 0.097653 0.215586
v 0.283324 0.067452 0.163264
v 0.283067 0.095182 0.204436
v 0.283104 0.068224 0.209491
v 0.283084 0.095718 0.206602
v 0.283352 0.067330 0.200650
v 0.283348 0.067703 0.203854
v 0.283622 0.068472 0.150356
v 0.283462 0.066495 0.183199
v 0.283422 0.089055 0.187213
v 0.283680 0.071376 0.143605
v 0.283691 0.075527 0.146693
v 0.283405 0.094011 0.201858
v 0.283462 0.068121 0.206194
v 0.283385 0.087379 0.214600
v 0.283793 0.069810 0.144252
v 0.283819 0.072894 0.142729
v 0.283685 0.084657 0.172565
v 0.283603 0.092226 0.196825
v 0.283862 0.067486 0.156778
v 0.283571 0.076218 0.212037
v 0.283549 0.095744 0.211720
v 0.283862 0.066842 0.168339
v 0.283612 0.095441 0.206498
v 0.283641 0.094789 0.212479
v 0.283654 0.092407 0.213138
v 0.283687 0.095105 0.206743
v 0.283736 0.068770 0.207832
v 0.283677 0.095992 0.209600
v 0.284101 0.068562 0.145191
v 0.284026 0.066596 0.175145
v 0.284195 0.068803 0.141422
v 0.283914 0.067686 0.203277
v 0.284269 0.071220 0.139606
v 0.284233 0.067402 0.150680
v 0.283985 0.090221 0.191040
v 0.283952 0.070638 0.208679
v 0.283964 0.094041 0.202066
v 0.283976 0.073103 0.209408
v 0.283965 0.094280 0.204150
v 0.284387 0.069726 0.139488
v 0.284139 0.067015 0.195586
v 0.284125 0.068363 0.203979
v 0.284109 0.092868 0.199428
v 0.284108 0.094145 0.207433
v 0.284196 0.092654 0.197877
v 0.284594 0.067565 0.146497
v 0.284281 0.093104 0.200632
v 0.284654 0.071986 0.137993
v 0.284332 0.087301 0.208325
v 0.284391 0.093420 0.204376
v 0.284694 0.066923 0.158038
v 0.284450 0.080960 0.207163
v 0.284586 0.066629 0.187804
v 0.284811 0.073430 0.139562
v 0.284585 0.087060 0.180106
v 0.284519 0.091907 0.196435
v 0.284856 0.068286 0.138544
v 0.284562 0.069447 0.204137
v 0.284599 0.090399 0.206442
v 0.284669 0.091401 0.194975
v 0.285014 0.067539 0.141147
v 0.284837 0.067690 0.197813
v 0.284810 0.091876 0.197162
v 0.284965 0.066711 0.191536
v 0.284891 0.092612 0.201066
v 0.285245 0.066859 0.147779
v 0.284951 0.091877 0.198487
v 0.284998 0.068666 0.201849
v 0.285043 0.088964 0.187182
v 0.284964 0.091228 0.202951
v 0.285193 0.082587 0.163893
v 0.285293 0.066729 0.152416
v 0.285114 0.068542 0.200922
v 0.285177 0.071033 0.202242
v 0.285195 0.069118 0.200837
v 0.285259 0.091301 0.195137
v 0.285482 0.080779 0.157398
v 0.285321 0.067528 0.196711
v 0.285531 0.066563 0.160688
v 0.285453 0.066486 0.178497
v 0.285366 0.089655 0.189996
v 0.285436 0.087794 0.182777
v 0.285444 0.068301 0.197650
v 0.285746 0.066619 0.142754
v 0.285537 0.076115 0.200762
v 0.285545 0.090757 0.195511
v 0.285530 0.086780 0.200799
v 0.285599 0.090459 0.193751
v 0.285656 0.069427 0.198501
v 0.285624 0.090465 0.197435
v 0.286006 0.066463 0.138036
v 0.285958 0.066431 0.155508
v 0.285872 0.066503 0.184636
v 0.285934 0.085170 0.172552
v 0.286038 0.066402 0.166347
v 0.285889 0.089729 0.191392
v 0.286039 0.066858 0.187335
v 0.286169 0.066417 0.172314
v 0.286121 0.067263 0.191480
v 0.286145 0.088685 0.187265
v 0.286249 0.088070 0.184516
v 0.286290 0.070800 0.196031
v 0.286387 0.068692 0.194865
v 0.286401 0.087613 0.194971
v 0.286733 0.065970 0.145276
v 0.286561 0.086174 0.175805
v 0.286564 0.068262 0.192224
v 0.286615 0.086587 0.178307
v 0.286575 0.088827 0.189741
v 0.286616 0.067527 0.191002
v 0.286612 0.089080 0.191600
v 0.286667 0.088503 0.186883
v 0.286762 0.066602 0.179693
v 0.286714 0.088631 0.187807
v 0.286796 0.069631 0.192830
v 0.287043 0.065991 0.150856
v 0.287171 0.065513 0.136975
v 0.286901 0.088067 0.186834
v 0.287080 0.066489 0.175550
v 0.287100 0.085249 0.172443
v 0.287117 0.087030 0.179895
v 0.287182 0.087329 0.183105
v 0.287164 0.087697 0.187773
v 0.287213 0.067224 0.186644
v 0.287193 0.069145 0.190515
v 0.287191 0.071391 0.191588
v 0.287166 0.082837 0.192014
v 0.287306 0.066962 0.182720
v 0.287286 0.068114 0.188777
v 0.287338 0.086811 0.189074
v 0.287529 0.066115 0.160033
v 0.287383 0.076947 0.191156
v 0.287567 0.083137 0.163755
v 0.287804 0.065928 0.155080
v 0.287719 0.067360 0.184124
v 0.287722 0.086753 0.183913
v 0.287904 0.081288 0.156463
v 0.287820 0.068594 0.188019
v 0.287927 0.066309 0.167801
v 0.287964 0.066415 0.171717
v 0.288224 0.065397 0.146167
v 0.288103 0.084063 0.167134
v 0.288040 0.086225 0.179987
v 0.288097 0.085491 0.174490
v 0.288123 0.066734 0.177473
v 0.288098 0.085975 0.177108
v 0.288111 0.085623 0.184745
v 0.288182 0.067976 0.184589
v 0.288209 0.067318 0.182320
v 0.288276 0.084972 0.171560
v 0.288283 0.083675 0.185570
v 0.288385 0.069105 0.184931
v 0.288622 0.064893 0.139871
v 0.288454 0.067275 0.179764
v 0.288840 0.064325 0.132438
v 0.288769 0.065443 0.149692
v 0.288603 0.070672 0.184675
v 0.288674 0.067835 0.181182
v 0.288682 0.085405 0.179734
v 0.288685 0.085115 0.181297
v 0.289152 0.062906 0.118234
v 0.289159 0.063374 0.123246
v 0.288965 0.067241 0.177069
v 0.289058 0.066010 0.161929
v 0.289120 0.084350 0.168467
v 0.289097 0.068957 0.181321
v 0.289133 0.084915 0.176365
v 0.289150 0.083726 0.180346
v 0.289318 0.067579 0.178137
v 0.289387 0.083428 0.163394
v 0.289356 0.084502 0.170991
v 0.289467 0.065806 0.157586
v 0.289475 0.066305 0.166587
v 0.289728 0.062125 0.116270
v 0.289464 0.084139 0.177370
v 0.289561 0.068088 0.177289
v 0.289902 0.060911 0.111998
v 0.289608 0.084224 0.167767
v 0.289602 0.084620 0.172919
v 0.289689 0.067308 0.175539
v 0.289728 0.082608 0.160613
v 0.289727 0.084287 0.168688
v 0.289759 0.078381 0.179115
v 0.289861 0.069340 0.177558
v 0.289873 0.084019 0.168572
v 0.290062 0.081554 0.156026
v 0.290034 0.081271 0.176853
v 0.290346 0.063309 0.128476
v 0.290176 0.066464 0.167894
v 0.290166 0.066726 0.170042
v 0.290125 0.082653 0.175349
v 0.290452 0.062219 0.119599
v 0.290184 0.068106 0.174651
v 0.290197 0.074120 0.177284
v 0.290503 0.069900 0.116954
v 0.290444 0.064586 0.143535
v 0.290316 0.083335 0.164410
v 0.290302 0.083649 0.169626
v 0.290415 0.067476 0.172299
v 0.290604 0.063736 0.134541
v 0.290573 0.065300 0.151859
v 0.290447 0.071139 0.175681
v 0.290569 0.079974 0.148642
v 0.290572 0.066398 0.166241
v 0.290629 0.066044 0.161059
v 0.290556 0.083303 0.171958
v 0.290629 0.082740 0.161719
v 0.290641 0.067587 0.172430
v 0.290918 0.061133 0.115016
v 0.290999 0.067701 0.108480
v 0.290739 0.068878 0.173316
v 0.291119 0.059610 0.109906
v 0.290886 0.066493 0.166802
v 0.290913 0.067268 0.170063
v 0.290918 0.067891 0.171076
v 0.290935 0.083188 0.165963
v 0.290992 0.081982 0.158244
v 0.291222 0.071808 0.121394
v 0.291080 0.082979 0.162906
v 0.291140 0.066405 0.165862
v 0.291224 0.065708 0.156791
v 0.291137 0.081257 0.170381
v 0.291237 0.066937 0.166703
v 0.291375 0.078151 0.141606
v 0.291271 0.082347 0.167202
v 0.291607 0.062276 0.123994
v 0.291668 0.068913 0.111683
v 0.291423 0.082430 0.161925
v 0.291705 0.060228 0.112721
v 0.291473 0.066385 0.163304
v 0.291522 0.082444 0.163799
v 0.291648 0.082033 0.159612
v 0.291987 0.061411 0.119303
v 0.291792 0.067917 0.167014
v 0.292188 0.057905 0.105547
v 0.291964 0.080376 0.149822
v 0.292002 0.081034 0.153767
v 0.292019 0.066136 0.161118
v 0.292003 0.078413 0.167505
v 0.292052 0.066982 0.163815
v 0.292136 0.065449 0.153957
v 0.292115 0.081891 0.163351
v 0.292123 0.080883 0.165251
v 0.292425 0.067670 0.105295
v 0.292256 0.081814 0.161088
v 0.292257 0.074816 0.167235
v 0.292550 0.073140 0.123438
v 0.292412 0.066370 0.161619
v 0.292414 0.081251 0.155999
v 0.292436 0.081572 0.157576
v 0.292511 0.079143 0.144591
v 0.292730 0.070616 0.115278
v 0.292513 0.071310 0.166026
v 0.292574 0.066281 0.160692
v 0.292701 0.063265 0.135780
v 0.292643 0.065874 0.156638
v 0.292847 0.060624 0.116710
v 0.292737 0.066797 0.161099
v 0.292951 0.062347 0.128630
v 0.292903 0.064658 0.147543
v 0.292877 0.066207 0.158673
v 0.292919 0.065105 0.152117
v 0.292966 0.080918 0.156049
v 0.293021 0.069036 0.163027
v 0.293315 0.066447 0.098515
v 0.293065 0.066566 0.159591
v 0.293045 0.080281 0.159743
v 0.293184 0.064017 0.142315
v 0.293399 0.065503 0.094240
v 0.293476 0.059467 0.112279
v 0.293287 0.065568 0.153622
v 0.293313 0.079572 0.146452
v 0.293357 0.080311 0.150222
v 0.293357 0.066229 0.157077
v 0.293620 0.058699 0.109501
v 0.293419 0.067213 0.160196
v 0.293498 0.080265 0.155741
v 0.293585 0.064981 0.149992
v 0.293534 0.067851 0.160239
v 0.293760 0.061119 0.121662
v 0.293662 0.066292 0.157313
v 0.293682 0.080411 0.154158
v 0.293699 0.078386 0.158895
v 0.293797 0.064567 0.146529
v 0.293782 0.066179 0.156386
v 0.293796 0.080116 0.149782
v 0.293792 0.080173 0.150691
v 0.294051 0.069200 0.108334
v 0.293894 0.066752 0.156786
v 0.294129 0.067614 0.102089
v 0.294000 0.065092 0.150515
v 0.294034 0.079881 0.152308
v 0.294208 0.077783 0.138128
v 0.294187 0.079434 0.146514
v 0.294208 0.065918 0.152966
v 0.294252 0.079616 0.149789
v 0.294408 0.066724 0.154610
v 0.294504 0.076416 0.132027
v 0.294574 0.079287 0.147397
v 0.294596 0.065392 0.149830
v 0.294575 0.069504 0.156069
v 0.294864 0.066422 0.096398
v 0.294605 0.072582 0.156320
v 0.294658 0.078718 0.141916
v 0.294732 0.064157 0.143329
v 0.294910 0.057237 0.105057
v 0.294697 0.065848 0.151164
v 0.294693 0.067922 0.155352
v 0.294690 0.078241 0.153223
v 0.294807 0.063021 0.136157
v 0.294865 0.062232 0.131109
v 0.294822 0.064809 0.147117
v 0.294799 0.067419 0.154535
v 0.295115 0.055467 0.097884
v 0.294853 0.079008 0.150885
v 0.294945 0.078204 0.139719
v 0.295120 0.059875 0.116555
v 0.295113 0.071851 0.115646
v 0.294983 0.066169 0.151870
v 0.295253 0.064885 0.089591
v 0.295167 0.074140 0.122948
v 0.295122 0.066001 0.150935
v 0.295189 0.065030 0.147647
v 0.295165 0.078636 0.146932
v 0.295223 0.078773 0.143987
v 0.295276 0.064476 0.144456
v 0.295247 0.066541 0.150848
v 0.295358 0.065828 0.148851
v 0.295396 0.064892 0.146744
v 0.295446 0.067925 0.151580
v 0.295481 0.075295 0.150766
v 0.295568 0.078207 0.142287
v 0.295691 0.064235 0.142595
v 0.295677 0.065416 0.146770
v 0.295871 0.077872 0.143384
v 0.295995 0.060941 0.124121
v 0.295974 0.064725 0.143813
v 0.296001 0.076556 0.132150
v 0.295945 0.077449 0.145450
v 0.295947 0.076726 0.147651
v 0.296013 0.077270 0.135107
v 0.296128 0.063593 0.140028
v 0.296188 0.069975 0.148242
v 0.296214 0.077514 0.138668
v 0.296387 0.059006 0.114211
v 0.296261 0.065802 0.146238
v 0.296312 0.063172 0.136808
v 0.296301 0.066554 0.146805
v 0.296396 0.062401 0.133523
v 0.296378 0.064937 0.143776
v 0.296407 0.077558 0.139682
v 0.296495 0.061755 0.129387
v 0.296482 0.075978 0.128443
v 0.296486 0.077303 0.136225
v 0.296617 0.073270 0.118740
v 0.296545 0.064645 0.142618
v 0.296542 0.077441 0.138518
v 0.296795 0.054004 0.092046
v 0.296611 0.076895 0.141208
v 0.296717 0.074471 0.123052
v 0.296650 0.065479 0.143462
v 0.296684 0.077039 0.139105
v 0.296712 0.063584 0.139534
v 0.296913 0.075899 0.141868
v 0.296953 0.064042 0.139395
v 0.297055 0.072090 0.113950
v 0.297095 0.070681 0.108766
v 0.296993 0.063530 0.137514
v 0.297143 0.068790 0.101519
v 0.296979 0.072023 0.143966
v 0.297064 0.076505 0.134047
v 0.297131 0.074338 0.142259
v 0.297191 0.076490 0.135608
v 0.297421 0.064487 0.082557
v 0.297212 0.076123 0.131624
v 0.297267 0.063238 0.135404
v 0.297404 0.058749 0.113843
v 0.297476 0.056124 0.101868
v 0.297354 0.075840 0.128285
v 0.297440 0.062416 0.132528
v 0.297442 0.066593 0.141211
v 0.297553 0.075830 0.137344
v 0.297591 0.065216 0.140056
v 0.297721 0.060513 0.122966
v 0.297708 0.074883 0.124540
v 0.297880 0.057429 0.108534
v 0.297764 0.063647 0.136285
v 0.297818 0.060917 0.125844
v 0.297929 0.075583 0.132658
v 0.297974 0.063499 0.135355
v 0.297975 0.064004 0.135753
v 0.297950 0.074561 0.137487
v 0.298037 0.073326 0.117898
v 0.298125 0.059730 0.119109
v 0.298205 0.067328 0.093698
v 0.298170 0.068166 0.138548
v 0.298221 0.062931 0.132242
v 0.298382 0.062173 0.129467
v 0.298402 0.075125 0.128476
v 0.298447 0.060932 0.125646
v 0.298384 0.074620 0.133727
v 0.298493 0.063617 0.133079
v 0.298471 0.073746 0.134774
v 0.298487 0.072123 0.135614
v 0.298526 0.064529 0.134428
v 0.298707 0.071511 0.109948
v 0.298866 0.051781 0.082463
v 0.298735 0.062891 0.130649
v 0.298767 0.074463 0.122668
v 0.298810 0.061732 0.127007
v 0.299053 0.054693 0.095741
v 0.298994 0.060678 0.123520
v 0.299031 0.065912 0.133463
v 0.299047 0.074697 0.129181
v 0.299090 0.073608 0.131414
v 0.299139 0.074544 0.124495
v 0.299220 0.062132 0.128171
v 0.299259 0.063543 0.130183
v 0.299393 0.058564 0.114047
v 0.299457 0.056155 0.103487
v 0.299604 0.048552 0.065863
v 0.299417 0.061629 0.125222
v 0.299434 0.060885 0.123972
v 0.299511 0.070154 0.103364
v 0.299487 0.073267 0.117141
v 0.299465 0.073951 0.125039
v 0.299490 0.062510 0.127067
v 0.299677 0.052987 0.087992
v 0.299665 0.057366 0.108850
v 0.299620 0.060740 0.123051
v 0.299693 0.059942 0.119004
v 0.299782 0.071987 0.111470
v 0.299738 0.073584 0.121843
v 0.299882 0.060633 0.121419
v 0.299910 0.063756 0.127585
v 0.300154 0.051051 0.078684
v 0.299966 0.073204 0.118895
v 0.299986 0.061422 0.123375
v 0.299990 0.072889 0.124724
v 0.300051 0.067346 0.128327
v 0.300179 0.062133 0.123799
v 0.300375 0.065911 0.082608
v 0.300242 0.072855 0.121754
v 0.300317 0.059249 0.116462
v 0.300344 0.058088 0.112154
v 0.300403 0.055695 0.101479
v 0.300414 0.068529 0.094838
v 0.300384 0.060506 0.119721
v 0.300354 0.070353 0.125610
v 0.300447 0.058758 0.114145
v 0.300459 0.070944 0.106224
v 0.300603 0.057528 0.109385
v 0.300578 0.072059 0.112390
v 0.300652 0.056700 0.106540
v 0.300612 0.063769 0.124091
v 0.300662 0.060663 0.119964
v 0.300806 0.066946 0.086781
v 0.300686 0.072395 0.118460
v 0.300738 0.070961 0.122162
v 0.300808 0.060465 0.119062
v 0.300884 0.056269 0.103929
v 0.300851 0.059366 0.115973
v 0.300859 0.059994 0.117155
v 0.300928 0.060988 0.119308
v 0.301030 0.055001 0.097822
v 0.300974 0.071583 0.119380
v 0.301047 0.058084 0.111708
v 0.301188 0.051983 0.083076
v 0.301085 0.072253 0.114708
v 0.301194 0.070224 0.101974
v 0.301304 0.064087 0.072593
v 0.301211 0.069601 0.098687
v 0.301280 0.071159 0.108132
v 0.301343 0.056716 0.106325
v 0.301302 0.059901 0.115216
v 0.301373 0.055416 0.100643
v 0.301332 0.058589 0.112258
v 0.301308 0.063658 0.120058
v 0.301520 0.061885 0.060783
v 0.301365 0.071492 0.111079
v 0.301445 0.057593 0.108355
v 0.301529 0.053119 0.088814
v 0.301755 0.048374 0.063269
v 0.301843 0.047244 0.056737
v 0.301694 0.055967 0.101973
v 0.301821 0.056510 0.104044
v 0.301772 0.061158 0.114655
v 0.301898 0.053904 0.092822
v 0.302010 0.050604 0.075516
v 0.301880 0.069860 0.115260
v 0.301883 0.070873 0.114811
v 0.301897 0.070945 0.111588
v 0.302013 0.055251 0.098461
v 0.302025 0.054890 0.096829
v 0.301993 0.070106 0.101239
v 0.301980 0.059111 0.111703
v 0.302026 0.057993 0.108686
v 0.302043 0.069970 0.099513
v 0.302018 0.067702 0.115808
v 0.302134 0.054109 0.093842
v 0.302145 0.066483 0.082005
v 0.302076 0.070438 0.102934
v 0.302057 0.070865 0.108787
v 0.302142 0.069104 0.094869
v 0.302137 0.056653 0.104544
v 0.302168 0.057790 0.107769
v 0.302239 0.069422 0.097145
v 0.302266 0.058422 0.108327
v 0.302312 0.056502 0.103619
v 0.302405 0.051504 0.080153
v 0.302373 0.067665 0.088155
v 0.302408 0.053275 0.089120
v 0.302302 0.070029 0.111639
v 0.302416 0.055354 0.099115
v 0.302576 0.055230 0.098211
v 0.302640 0.052649 0.086765
v 0.302547 0.060110 0.109021
v 0.302583 0.057058 0.104078
v 0.302572 0.070207 0.104931
v 0.302687 0.053929 0.092500
v 0.302672 0.056153 0.101299
v 0.302639 0.070065 0.108470
v 0.302717 0.054995 0.096091
v 0.302681 0.069782 0.100733
v 0.302703 0.062289 0.109945
v 0.302865 0.054306 0.093044
v 0.302911 0.065256 0.075216
v 0.302945 0.063392 0.066232
v 0.302887 0.069095 0.094920
v 0.302932 0.055713 0.098301
v 0.302968 0.058475 0.104404
v 0.303066 0.053768 0.090373
v 0.303013 0.069299 0.097727
v 0.302987 0.068592 0.108775
v 0.303030 0.065114 0.108746
v 0.303146 0.054892 0.094460
v 0.303215 0.053187 0.087690
v 0.303335 0.052391 0.084472
v 0.303293 0.069454 0.105957
v 0.303362 0.068180 0.090566
v 0.303342 0.069272 0.101223
v 0.303492 0.050087 0.071763
v 0.303590 0.051942 0.081541
v 0.303550 0.055198 0.094982
v 0.303537 0.056248 0.098188
v 0.303564 0.066930 0.083231
v 0.303593 0.053965 0.090602
v 0.303619 0.056832 0.098517
v 0.303610 0.069071 0.096883
v 0.303626 0.069153 0.097789
v 0.303707 0.066129 0.078786
v 0.303698 0.055051 0.094045
v 0.303768 0.067508 0.086450
v 0.303788 0.053805 0.089660
v 0.303889 0.048572 0.061821
v 0.303810 0.060239 0.101482
v 0.303832 0.068314 0.092800
v 0.303829 0.068368 0.100781
v 0.303886 0.055721 0.094759
v 0.303926 0.054455 0.090650
v 0.303976 0.051257 0.078306
v 0.303997 0.050946 0.075654
v 0.303981 0.052503 0.084245
v 0.303956 0.068586 0.097242
v 0.304083 0.053351 0.086058
v 0.304087 0.062532 0.101224
v 0.304108 0.066877 0.101635
v 0.304216 0.065582 0.075189
v 0.304198 0.067673 0.086639
v 0.304280 0.052868 0.084196
v 0.304238 0.067765 0.089658
v 0.304405 0.047901 0.057180
v 0.304349 0.067585 0.097863
v 0.304454 0.052225 0.080996
v 0.304608 0.050923 0.074551
v 0.304574 0.067207 0.085389
v 0.304684 0.051526 0.077397
v 0.304620 0.067603 0.091636
v 0.304678 0.067168 0.084216
v 0.304754 0.050521 0.072193
v 0.304675 0.058395 0.094491
v 0.304654 0.067758 0.095866
v 0.304749 0.055378 0.089578
v 0.304746 0.056441 0.092563
v 0.304856 0.053383 0.083532
v 0.304852 0.066396 0.079347
v 0.304904 0.065629 0.074528
v 0.304900 0.054431 0.086619
v 0.304944 0.063749 0.065099
v 0.304947 0.052498 0.081117
v 0.304986 0.064893 0.070055
v 0.304969 0.067012 0.086610
v 0.305025 0.065801 0.076583
v 0.305079 0.051158 0.075415
v 0.305022 0.066426 0.094245
v 0.305137 0.062902 0.060021
v 0.305122 0.052312 0.080107
v 0.305150 0.052906 0.080937
v 0.305195 0.049848 0.068471
v 0.305191 0.066775 0.091322
v 0.305278 0.051910 0.077130
v 0.305278 0.066538 0.082680
v 0.305361 0.050804 0.071962
v 0.305331 0.066252 0.078655
v 0.305424 0.049434 0.064184
v 0.305421 0.066342 0.079575
v 0.305525 0.048869 0.060499
v 0.305584 0.054095 0.081851
v 0.305618 0.061128 0.090831
v 0.305695 0.051727 0.074910
v 0.305709 0.052756 0.077826
v 0.305658 0.064103 0.091406
v 0.305810 0.048323 0.057107
v 0.305739 0.065958 0.078885
v 0.305807 0.056947 0.086308
v 0.305865 0.064806 0.069828
v 0.305910 0.050123 0.066447
v 0.305826 0.066104 0.086400
v 0.305913 0.050902 0.069878
v 0.305940 0.064053 0.066117
v 0.305908 0.066075 0.083868
v 0.306084 0.049494 0.062684
v 0.306061 0.065401 0.075666
v 0.306092 0.065093 0.072421
v 0.306057 0.065400 0.087739
v 0.306265 0.063308 0.062185
v 0.306308 0.054000 0.078202
v 0.306350 0.055615 0.080310
v 0.306512 0.049723 0.063102
v 0.306529 0.061366 0.050259
v 0.306475 0.065474 0.079595
v 0.306513 0.064875 0.071958
v 0.306564 0.052170 0.071580
v 0.306591 0.049920 0.062867
v 0.306619 0.048334 0.056204
v 0.306603 0.049602 0.062161
v 0.306533 0.061650 0.084190
v 0.306614 0.050616 0.065294
v 0.306566 0.064966 0.072866
v 0.306652 0.062669 0.058291
v 0.306584 0.063523 0.083820
v 0.306604 0.065321 0.077210
v 0.306634 0.064714 0.081999
v 0.306729 0.063847 0.065853
v 0.306829 0.048982 0.057523
v 0.306900 0.063533 0.062956
v 0.306896 0.064545 0.072606
v 0.306919 0.064514 0.078170
v 0.307023 0.050024 0.060917
v 0.307180 0.055869 0.075448
v 0.307228 0.062702 0.059345
v 0.307307 0.048976 0.055192
v 0.307217 0.063329 0.078920
v 0.307271 0.063250 0.062546
v 0.307335 0.062011 0.053229
v 0.307301 0.061656 0.078170
v 0.307341 0.063799 0.070993
v 0.307498 0.062273 0.056402
v 0.307522 0.057588 0.075187
v 0.307572 0.052783 0.066107
v 0.307606 0.051222 0.061433
v 0.307556 0.063840 0.073693
v 0.307576 0.063544 0.067436
v 0.307654 0.049514 0.055994
v 0.307734 0.049381 0.055068
v 0.307810 0.048402 0.049756
v 0.307862 0.050245 0.055690
v 0.307859 0.062348 0.060122
v 0.307899 0.062115 0.055331
v 0.307913 0.062194 0.056293
v 0.307898 0.062125 0.072869
v 0.307987 0.062364 0.063767
v 0.307968 0.060504 0.072888
v 0.308052 0.051914 0.058684
v 0.308054 0.061903 0.056064
v 0.308030 0.062340 0.069822
v 0.308300 0.061702 0.057624
v 0.308293 0.060461 0.068566
v 0.308400 0.049525 0.049068
v 0.308390 0.051031 0.053405
v 0.308774 0.053066 0.054354
v 0.308785 0.060732 0.061016
v 0.308864 0.060804 0.057753
f 13514 13515 13508
f 13514 13508 13501
f 13514 13501 13499
f 13513 13514 13499
f 13508 13495 13498
f 13508 13494 13495
f 13501 13508 13498
f 13486 13501 13498
f 13499 13501 13486
f 13513 13499 13500
f 13500 13499 13486
f 13495 13494 13467
f 13495 13467 13472
f 13495 13472 13483
f 13495 13483 13498
f 13498 13483 13479
f 13486 13498 13479
f 13494 13484 13461
f 13494 13461 13467
f 13486 13479 13469
f 13467 13444 13453
f 13467 13445 13444
f 13472 13467 13453
f 13467 13461 13445
f 13472 13453 13451
f 13463 13472 13451
f 13468 13472 13463
f 13483 13472 13468
f 13483 13468 13470
f 13479 13483 13470
f 13479 13470 13441
f 13447 13479 13441
f 13469 13479 13447
f 13484 13462 13461
f 13484 13493 13462
f 13462 13442 13461
f 13461 13442 13445
f 13444 13445 13435
f 13444 13435 13428
f 13444 13428 13409
f 13453 13444 13437
f 13451 13453 13433
f 13453 13437 13433
f 13445 13442 13432
f 13445 13432 13431
f 13445 13431 13435
f 13433 13439 13451
f 13463 13451 13439
f 13456 13468 13463
f 13456 13463 13439
f 13470 13468 13456
f 13441 13470 13456
f 13456 13439 13441
f 13447 13441 13406
f 13406 13441 13389
f 13441 13439 13389
f 13493 13449 13462
f 13462 13449 13422
f 13462 13422 13442
f 13490 13471 13493
f 13493 13471 13443
f 13493 13443 13449
f 13507 13490 13493
f 13442 13419 13432
f 13442 13422 13419
f 13428 13435 13411
f 13435 13431 13411
f 13428 13411 13396
f 13409 13428 13396
f 13409 13396 13376
f 13414 13409 13376
f 13433 13437 13414
f 13433 13414 13376
f 13317 13433 13376
f 13389 13433 13317
f 13389 13439 13433
f 13432 13419 13424
f 13408 13432 13424
f 13431 13432 13408
f 13431 13408 13395
f 13411 13431 13395
f 13406 13389 13318
f 13318 13389 13317
f 13449 13415 13418
f 13449 13418 13417
f 13422 13449 13417
f 13443 13415 13449
f 13422 13399 13419
f 13422 13388 13399
f 13422 13417 13388
f 13505 13487 13490
f 13487 13475 13490
f 13490 13475 13471
f 13505 13490 13507
f 13471 13446 13443
f 13475 13446 13471
f 13443 13446 13400
f 13443 13400 13390
f 13443 13390 13415
f 13512 13505 13507
f 13419 13399 13404
f 13424 13419 13404
f 13396 13411 13395
f 13396 13395 13323
f 13376 13396 13323
f 13317 13376 13255
f 13408 13424 13397
f 13424 13404 13397
f 13408 13397 13377
f 13395 13408 13377
f 13323 13395 13344
f 13395 13377 13344
f 13390 13365 13415
f 13415 13365 13382
f 13415 13382 13418
f 13417 13418 13386
f 13386 13418 13393
f 13418 13382 13393
f 13417 13386 13394
f 13388 13417 13394
f 13404 13399 13372
f 13372 13399 13371
f 13399 13388 13371
f 13388 13394 13366
f 13371 13388 13366
f 13510 13505 13512
f 13496 13487 13505
f 13510 13496 13505
f 13482 13487 13496
f 13487 13477 13475
f 13482 13477 13487
f 13477 13459 13475
f 13475 13459 13446
f 13459 13429 13446
f 13429 13401 13446
f 13401 13369 13446
f 13446 13369 13400
f 13400 13359 13390
f 13400 13369 13359
f 13390 13359 13351
f 13390 13351 13365
f 13397 13404 13372
f 13323 13344 13270
f 13377 13397 13372
f 13377 13372 13344
f 13344 13372 13302
f 13270 13344 13302
f 13365 13351 13342
f 13365 13342 13340
f 13365 13340 13352
f 13382 13365 13352
f 13382 13355 13364
f 13379 13382 13364
f 13393 13382 13379
f 13382 13352 13355
f 13386 13370 13360
f 13381 13386 13360
f 13386 13393 13370
f 13394 13386 13381
f 13370 13393 13378
f 13393 13379 13378
f 13366 13394 13381
f 13302 13372 13350
f 13372 13371 13350
f 13371 13366 13346
f 13350 13371 13346
f 13366 13381 13354
f 13366 13354 13322
f 13346 13366 13322
f 13516 13506 13510
f 13497 13491 13510
f 13491 13496 13510
f 13506 13497 13510
f 13481 13496 13491
f 13481 13476 13496
f 13496 13476 13482
f 13482 13465 13477
f 13476 13465 13482
f 13465 13455 13477
f 13455 13452 13477
f 13477 13452 13459
f 13459 13434 13429
f 13452 13434 13459
f 13434 13416 13429
f 13416 13407 13429
f 13429 13407 13401
f 13407 13392 13401
f 13392 13373 13401
f 13401 13373 13368
f 13401 13368 13369
f 13368 13333 13369
f 13369 13333 13312
f 13369 13312 13359
f 13359 13312 13321
f 13359 13321 13351
f 13351 13321 13330
f 13351 13330 13342
f 13270 13302 13241
f 13302 13350 13262
f 13302 13262 13241
f 13315 13342 13331
f 13340 13342 13315
f 13331 13342 13330
f 13352 13340 13339
f 13308 13340 13315
f 13339 13340 13308
f 13352 13339 13320
f 13343 13352 13320
f 13355 13352 13343
f 13348 13355 13319
f 13364 13355 13348
f 13355 13343 13319
f 13378 13379 13364
f 13378 13364 13357
f 13357 13364 13349
f 13349 13364 13327
f 13327 13364 13348
f 13370 13378 13357
f 13370 13357 13334
f 13360 13370 13334
f 13381 13360 13354
f 13354 13360 13322
f 13322 13360 13334
f 13350 13346 13316
f 13350 13316 13262
f 13346 13322 13316
f 13262 13322 13245
f 13322 13334 13245
f 13316 13322 13262
f 13517 13506 13516
f 13502 13488 13506
f 13488 13497 13506
f 13502 13506 13517
f 13488 13478 13497
f 13478 13450 13497
f 13450 13466 13497
f 13497 13466 13491
f 13466 13481 13491
f 13481 13458 13473
f 13473 13457 13481
f 13466 13458 13481
f 13481 13457 13476
f 13457 13438 13476
f 13438 13448 13476
f 13476 13448 13465
f 13448 13440 13465
f 13440 13436 13465
f 13465 13436 13455
f 13455 13426 13452
f 13436 13426 13455
f 13426 13412 13452
f 13452 13412 13434
f 13412 13416 13434
f 13416 13398 13407
f 13383 13398 13416
f 13412 13383 13416
f 13398 13392 13407
f 13375 13373 13392
f 13398 13375 13392
f 13373 13356 13368
f 13375 13353 13373
f 13353 13356 13373
f 13356 13347 13368
f 13368 13347 13324
f 13368 13324 13333
f 13333 13293 13283
f 13333 13283 13274
f 13333 13274 13312
f 13324 13293 13333
f 13312 13274 13289
f 13312 13289 13298
f 13321 13312 13298
f 13321 13298 13309
f 13330 13321 13309
f 13330 13311 13301
f 13331 13330 13301
f 13330 13309 13311
f 13262 13245 13192
f 13288 13315 13286
f 13315 13301 13286
f 13315 13331 13301
f 13308 13315 13288
f 13320 13339 13308
f 13295 13308 13288
f 13320 13308 13295
f 13319 13343 13320
f 13319 13320 13295
f 13327 13348 13310
f 13348 13319 13310
f 13280 13319 13295
f 13310 13319 13280
f 13357 13349 13328
f 13334 13357 13328
f 13328 13349 13327
f 13328 13327 13299
f 13327 13310 13299
f 13334 13299 13245
f 13334 13328 13299
f 13245 13280 13212
f 13245 13212 13148
f 13192 13245 13148
f 13245 13299 13280
f 13511 13502 13517
f 13504 13502 13511
f 13504 13485 13502
f 13485 13488 13502
f 13460 13480 13488
f 13480 13478 13488
f 13485 13460 13488
f 13480 13454 13478
f 13454 13450 13478
f 13425 13450 13454
f 13425 13458 13450
f 13450 13458 13466
f 13425 13421 13458
f 13458 13421 13473
f 13473 13427 13457
f 13421 13427 13473
f 13427 13438 13457
f 13438 13420 13448
f 13427 13420 13438
f 13448 13420 13440
f 13420 13436 13440
f 13420 13413 13436
f 13413 13410 13436
f 13436 13410 13426
f 13410 13403 13426
f 13403 13405 13426
f 13426 13405 13412
f 13391 13383 13412
f 13405 13391 13412
f 13383 13367 13398
f 13398 13367 13384
f 13384 13375 13398
f 13363 13383 13391
f 13363 13367 13383
f 13384 13358 13375
f 13358 13353 13375
f 13353 13337 13356
f 13337 13326 13356
f 13356 13326 13347
f 13358 13336 13353
f 13336 13307 13353
f 13353 13307 13337
f 13326 13325 13347
f 13347 13325 13324
f 13325 13300 13324
f 13324 13300 13293
f 13300 13273 13293
f 13273 13249 13293
f 13293 13249 13283
f 13283 13238 13274
f 13249 13238 13283
f 13274 13238 13230
f 13274 13230 13247
f 13274 13247 13289
f 13298 13289 13275
f 13289 13269 13275
f 13289 13247 13269
f 13298 13275 13290
f 13298 13290 13282
f 13298 13282 13294
f 13297 13298 13294
f 13309 13298 13297
f 13311 13309 13296
f 13309 13297 13296
f 13301 13311 13279
f 13279 13311 13284
f 13311 13296 13284
f 13286 13301 13279
f 13254 13288 13263
f 13288 13286 13263
f 13295 13288 13254
f 13286 13279 13263
f 13280 13295 13254
f 13299 13310 13280
f 13280 13254 13212
f 13212 13220 13140
f 13148 13212 13140
f 13254 13220 13212
f 13509 13504 13511
f 13492 13485 13504
f 13509 13492 13504
f 13474 13485 13492
f 13474 13460 13485
f 13430 13423 13460
f 13430 13460 13474
f 13423 13454 13460
f 13460 13454 13480
f 13423 13425 13454
f 13362 13361 13425
f 13362 13425 13423
f 13425 13402 13421
f 13361 13402 13425
f 13421 13402 13427
f 13402 13385 13427
f 13427 13385 13420
f 13385 13380 13420
f 13420 13380 13413
f 13413 13387 13410
f 13380 13387 13413
f 13387 13403 13410
f 13387 13374 13403
f 13403 13374 13405
f 13374 13391 13405
f 13374 13363 13391
f 13341 13332 13367
f 13367 13332 13358
f 13367 13358 13384
f 13363 13341 13367
f 13338 13363 13374
f 13338 13341 13363
f 13332 13329 13358
f 13329 13336 13358
f 13337 13314 13326
f 13307 13314 13337
f 13314 13303 13326
f 13326 13303 13325
f 13304 13336 13329
f 13304 13285 13336
f 13336 13285 13307
f 13266 13287 13307
f 13285 13266 13307
f 13307 13287 13314
f 13303 13292 13325
f 13325 13292 13300
f 13300 13277 13273
f 13292 13277 13300
f 13277 13260 13273
f 13260 13248 13273
f 13273 13248 13249
f 13249 13237 13238
f 13235 13237 13249
f 13248 13235 13249
f 13226 13206 13238
f 13237 13226 13238
f 13238 13206 13204
f 13238 13204 13230
f 13230 13177 13182
f 13230 13182 13215
f 13230 13204 13177
f 13247 13230 13215
f 13247 13217 13239
f 13252 13247 13239
f 13269 13247 13252
f 13247 13215 13217
f 13275 13256 13272
f 13275 13261 13256
f 13275 13269 13261
f 13290 13275 13272
f 13261 13269 13252
f 13290 13272 13268
f 13282 13290 13268
f 13282 13268 13265
f 13265 13294 13282
f 13297 13294 13278
f 13278 13294 13265
f 13296 13297 13278
f 13284 13296 13278
f 13279 13284 13253
f 13263 13279 13253
f 13284 13278 13253
f 13254 13263 13220
f 13263 13253 13220
f 13220 13253 13211
f 13220 13211 13140
f 13140 13211 13109
f 13140 13109 13069
f 13503 13492 13509
f 13489 13474 13492
f 13489 13492 13503
f 13489 13430 13474
f 13362 13423 13430
f 13430 13313 13362
f 13464 13430 13489
f 13305 13361 13362
f 13276 13335 13361
f 13361 13335 13385
f 13361 13385 13402
f 13305 13276 13361
f 13385 13335 13380
f 13380 13345 13387
f 13335 13345 13380
f 13345 13374 13387
f 13345 13338 13374
f 13306 13332 13341
f 13338 13306 13341
f 13306 13304 13332
f 13332 13304 13329
f 13281 13338 13345
f 13281 13306 13338
f 13287 13303 13314
f 13303 13259 13271
f 13287 13259 13303
f 13303 13271 13292
f 13258 13285 13304
f 13306 13258 13304
f 13240 13266 13285
f 13258 13240 13285
f 13266 13259 13287
f 13240 13227 13266
f 13266 13227 13259
f 13292 13267 13277
f 13271 13267 13292
f 13267 13260 13277
f 13250 13233 13260
f 13267 13250 13260
f 13260 13233 13248
f 13248 13223 13235
f 13233 13223 13248
f 13235 13226 13237
f 13223 13216 13235
f 13235 13216 13226
f 13226 13198 13206
f 13216 13198 13226
f 13206 13174 13165
f 13198 13174 13206
f 13206 13165 13204
f 13204 13137 13177
f 13204 13165 13137
f 13177 13137 13135
f 13177 13135 13164
f 13177 13164 13182
f 13215 13182 13195
f 13182 13161 13162
f 13182 13162 13168
f 13182 13168 13180
f 13182 13180 13195
f 13182 13164 13161
f 13217 13215 13195
f 13217 13195 13190
f 13217 13190 13199
f 13221 13217 13199
f 13239 13217 13225
f 13225 13217 13221
f 13236 13239 13225
f 13252 13239 13236
f 13261 13252 13251
f 13251 13252 13242
f 13252 13236 13242
f 13256 13261 13244
f 13256 13244 13234
f 13257 13256 13234
f 13272 13256 13257
f 13246 13272 13257
f 13264 13272 13246
f 13268 13272 13264
f 13244 13261 13251
f 13268 13264 13246
f 13265 13268 13246
f 13265 13246 13228
f 13253 13265 13228
f 13278 13265 13253
f 13253 13228 13211
f 13211 13151 13179
f 13211 13228 13151
f 13211 13179 13109
f 13109 13179 13104
f 13109 13104 13046
f 13208 13154 13276
f 13276 13154 13291
f 13276 13291 13335
f 13335 13291 13345
f 13291 13281 13345
f 13281 13258 13306
f 13229 13203 13281
f 13291 13229 13281
f 13281 13203 13258
f 13259 13243 13271
f 13227 13243 13259
f 13271 13243 13267
f 13201 13240 13258
f 13203 13201 13258
f 13240 13200 13227
f 13201 13200 13240
f 13200 13189 13227
f 13189 13194 13227
f 13227 13194 13219
f 13227 13219 13243
f 13243 13250 13267
f 13250 13213 13233
f 13243 13219 13250
f 13219 13213 13250
f 13233 13209 13223
f 13213 13209 13233
f 13223 13207 13216
f 13209 13205 13223
f 13205 13207 13223
f 13207 13191 13216
f 13191 13196 13216
f 13196 13193 13216
f 13216 13193 13198
f 13193 13173 13198
f 13198 13173 13174
f 13174 13143 13165
f 13173 13149 13174
f 13174 13149 13143
f 13165 13117 13137
f 13143 13117 13165
f 13137 13073 13080
f 13137 13080 13087
f 13137 13087 13135
f 13117 13073 13137
f 13135 13098 13142
f 13135 13142 13147
f 13164 13135 13147
f 13135 13087 13098
f 13164 13147 13161
f 13195 13180 13184
f 13171 13195 13184
f 13190 13195 13171
f 13162 13161 13156
f 13161 13141 13156
f 13161 13153 13141
f 13161 13147 13153
f 13168 13162 13157
f 13157 13162 13134
f 13162 13156 13134
f 13163 13168 13146
f 13146 13168 13157
f 13184 13180 13168
f 13184 13168 13163
f 13167 13190 13171
f 13176 13190 13167
f 13199 13190 13176
f 13221 13199 13202
f 13197 13199 13176
f 13202 13199 13197
f 13210 13221 13202
f 13210 13225 13221
f 13224 13225 13210
f 13236 13225 13224
f 13242 13236 13231
f 13236 13224 13231
f 13244 13251 13232
f 13251 13242 13232
f 13242 13231 13232
f 13234 13244 13222
f 13244 13232 13222
f 13246 13257 13234
f 13246 13234 13222
f 13218 13246 13222
f 13228 13246 13218
f 13151 13228 13170
f 13228 13218 13170
f 13104 13151 13063
f 13063 13151 13091
f 13179 13151 13104
f 13151 13114 13091
f 13151 13170 13114
f 13046 13104 13063
f 13154 13103 13136
f 13154 13136 13229
f 13154 13229 13291
f 13229 13136 13203
f 13203 13122 13201
f 13124 13122 13203
f 13136 13124 13203
f 13122 13152 13201
f 13201 13152 13200
f 13152 13189 13200
f 13189 13155 13194
f 13152 13155 13189
f 13194 13187 13219
f 13155 13187 13194
f 13219 13187 13213
f 13187 13172 13213
f 13213 13172 13209
f 13209 13175 13205
f 13172 13175 13209
f 13205 13188 13207
f 13188 13191 13207
f 13175 13188 13205
f 13188 13178 13191
f 13191 13178 13196
f 13196 13178 13185
f 13196 13185 13193
f 13193 13169 13173
f 13185 13169 13193
f 13169 13158 13173
f 13173 13158 13149
f 13149 13111 13143
f 13111 13101 13143
f 13143 13101 13117
f 13158 13130 13149
f 13130 13126 13149
f 13126 13111 13149
f 13101 13077 13117
f 13117 13077 13073
f 13073 13021 13017
f 13073 13017 13080
f 13077 13056 13073
f 13056 13021 13073
f 13080 13028 13087
f 13080 13017 13028
f 13098 13087 13045
f 13087 13036 13045
f 13087 13028 13036
f 13098 13068 13113
f 13142 13098 13113
f 13098 13045 13068
f 13147 13142 13131
f 13131 13142 13123
f 13142 13113 13110
f 13123 13142 13110
f 13153 13147 13131
f 13171 13184 13163
f 13167 13171 13160
f 13171 13163 13160
f 13134 13156 13141
f 13141 13153 13129
f 13141 13129 13125
f 13134 13141 13125
f 13153 13131 13129
f 13112 13134 13125
f 13160 13163 13146
f 13139 13146 13118
f 13160 13146 13139
f 13176 13167 13139
f 13167 13160 13139
f 13176 13139 13102
f 13144 13176 13102
f 13144 13181 13176
f 13181 13197 13176
f 13210 13202 13181
f 13181 13202 13197
f 13183 13210 13181
f 13214 13224 13210
f 13214 13210 13183
f 13231 13224 13214
f 13232 13231 13214
f 13222 13232 13214
f 13218 13222 13170
f 13170 13222 13186
f 13222 13214 13186
f 13170 13145 13093
f 13114 13170 13093
f 13170 13186 13145
f 13063 13043 13011
f 13063 13091 13043
f 13091 13114 13067
f 13043 13091 13067
f 13114 13093 13060
f 13114 13060 13067
f 13103 13099 13136
f 13099 13124 13136
f 13061 13086 13122
f 13044 13061 13122
f 13078 13044 13122
f 13078 13122 13124
f 13122 13086 13152
f 13086 13081 13152
f 13152 13081 13155
f 13155 13132 13187
f 13187 13132 13172
f 13132 13127 13172
f 13172 13127 13175
f 13175 13150 13188
f 13127 13150 13175
f 13188 13150 13178
f 13150 13185 13178
f 13185 13138 13166
f 13185 13166 13169
f 13150 13138 13185
f 13166 13159 13169
f 13159 13158 13169
f 13159 13133 13158
f 13133 13130 13158
f 13111 13079 13101
f 13116 13097 13111
f 13097 13084 13111
f 13084 13079 13111
f 13126 13116 13111
f 13101 13079 13076
f 13101 13076 13077
f 13107 13121 13130
f 13107 13130 13120
f 13120 13130 13133
f 13130 13121 13126
f 13121 13116 13126
f 13077 13059 13056
f 13076 13059 13077
f 13021 12985 13017
f 13025 13021 13056
f 13025 13002 13021
f 13002 12985 13021
f 12985 12961 13017
f 13017 12966 13028
f 13017 12961 12966
f 13059 13040 13056
f 13040 13025 13056
f 13028 12991 13036
f 13028 12966 12991
f 13036 13018 13045
f 13045 13018 13027
f 13045 13027 13042
f 13045 13042 13049
f 13068 13045 13049
f 13036 12991 13018
f 13057 13068 13048
f 13068 13049 13048
f 13113 13068 13074
f 13074 13068 13057
f 13110 13113 13092
f 13092 13113 13074
f 13129 13131 13119
f 13131 13123 13119
f 13119 13123 13108
f 13123 13115 13108
f 13123 13110 13115
f 13115 13110 13100
f 13110 13092 13100
f 13125 13129 13105
f 13129 13119 13105
f 13112 13125 13096
f 13125 13105 13096
f 13118 13112 13094
f 13094 13112 13096
f 13139 13118 13102
f 13102 13118 13094
f 13102 13035 13030
f 13089 13102 13030
f 13102 13094 13035
f 13144 13102 13089
f 13183 13181 13144
f 13145 13183 13144
f 13145 13144 13089
f 13186 13214 13183
f 13186 13183 13145
f 13145 13089 13093
f 13022 13093 13034
f 13060 13093 13022
f 13093 13089 13034
f 13067 13026 13043
f 13043 13026 13008
f 13067 13060 13026
f 12996 13060 13022
f 13026 13060 12996
f 13061 13029 13086
f 13086 13052 13081
f 13029 13052 13086
f 13132 13058 13127
f 13127 13058 13085
f 13127 13085 13138
f 13127 13138 13150
f 13138 13106 13128
f 13138 13128 13159
f 13138 13159 13166
f 13138 13085 13106
f 13128 13133 13159
f 13128 13120 13133
f 13062 13065 13079
f 13079 13066 13062
f 13084 13066 13079
f 13079 13065 13076
f 13121 13083 13116
f 13116 13083 13097
f 13083 13084 13097
f 13083 13066 13084
f 13065 13059 13076
f 13107 13071 13121
f 13107 13120 13128
f 13106 13107 13128
f 13106 13070 13107
f 13070 13071 13107
f 13071 13083 13121
f 13065 13050 13059
f 13050 13032 13059
f 13059 13032 13040
f 12985 12964 12938
f 12985 12938 12961
f 13002 12981 12985
f 12981 12964 12985
f 13025 13009 13002
f 13040 13009 13025
f 13009 12994 13002
f 12994 12981 13002
f 12961 12921 12966
f 12938 12921 12961
f 12991 12966 12960
f 12966 12921 12919
f 12966 12919 12960
f 13032 13013 13040
f 13013 13001 13040
f 13040 13001 13009
f 13018 12991 13000
f 13000 12991 12986
f 12991 12960 12972
f 12991 12972 12986
f 13027 13018 13010
f 13010 13018 13000
f 13033 13027 13014
f 13027 13010 13014
f 13042 13027 13033
f 13033 13049 13042
f 13048 13049 13033
f 13038 13057 13047
f 13057 13048 13047
f 13074 13057 13054
f 13054 13057 13038
f 13048 13033 13024
f 13047 13048 13024
f 13064 13074 13054
f 13082 13074 13064
f 13092 13074 13082
f 13072 13092 13082
f 13088 13092 13072
f 13100 13092 13088
f 13090 13119 13108
f 13105 13119 13090
f 13108 13095 13090
f 13108 13115 13095
f 13115 13100 13095
f 13095 13100 13088
f 13105 13090 13075
f 13096 13105 13075
f 13094 13096 13035
f 13096 13075 13035
f 13035 12968 12990
f 13030 13035 12990
f 13075 13055 13035
f 13035 13055 13006
f 13035 13006 12968
f 13089 13030 13034
f 13030 12990 12975
f 13030 12975 12987
f 13034 13030 12987
f 13022 13034 12989
f 13034 12987 12989
f 13026 12996 12995
f 13008 13026 12995
f 13058 13037 13085
f 13085 13037 13070
f 13085 13070 13106
f 13062 13053 13065
f 13066 13041 13062
f 13041 13053 13062
f 13053 13050 13065
f 13051 13041 13066
f 13051 13066 13083
f 13071 13051 13083
f 13070 13020 13071
f 13020 13051 13071
f 13037 13020 13070
f 13012 13019 13050
f 13031 13012 13050
f 13053 13031 13050
f 13050 13019 13032
f 13019 13005 13032
f 13005 13013 13032
f 12964 12945 12938
f 12981 12957 12964
f 12957 12945 12964
f 12945 12924 12938
f 12938 12904 12921
f 12924 12904 12938
f 12994 12970 12981
f 12970 12957 12981
f 13001 12993 13009
f 13009 12993 12994
f 12993 12970 12994
f 12921 12883 12886
f 12921 12893 12883
f 12904 12893 12921
f 12921 12886 12919
f 12959 12960 12949
f 12960 12936 12949
f 12960 12919 12936
f 12972 12960 12959
f 12936 12919 12908
f 12919 12872 12908
f 12919 12886 12872
f 13013 12980 13001
f 13013 12978 12980
f 13005 12978 13013
f 13001 12977 12993
f 12980 12977 13001
f 13010 13000 13003
f 13000 12986 12982
f 13003 13000 12992
f 13000 12982 12992
f 12982 12986 12972
f 12982 12972 12963
f 12972 12959 12963
f 13014 13010 12997
f 13010 13003 12997
f 13033 13014 13024
f 13038 13047 13023
f 13039 13038 12998
f 12998 13038 13007
f 13039 13064 13038
f 13064 13054 13038
f 13038 13023 13007
f 13047 13024 13023
f 13072 13082 13064
f 13072 13064 13039
f 13095 13088 13072
f 13090 13095 13072
f 13090 13072 13055
f 13055 13072 13039
f 13075 13090 13055
f 12926 12968 12913
f 12968 12965 12913
f 12990 12968 12950
f 12968 13006 12965
f 12950 12968 12926
f 12975 12990 12950
f 13055 13039 13006
f 13006 13039 12998
f 13006 12998 12965
f 12987 12975 12939
f 12975 12950 12939
f 12989 12987 12951
f 12951 12987 12939
f 13037 12971 13020
f 13041 13031 13053
f 13015 13004 13041
f 13004 13031 13041
f 13051 13015 13041
f 13020 13015 13051
f 13020 12971 12967
f 12967 13015 13020
f 13012 12999 13019
f 13004 12976 13012
f 13004 13012 13031
f 12976 12999 13012
f 13016 13005 13019
f 12999 13016 13019
f 12984 12978 13005
f 13016 12984 13005
f 12945 12920 12924
f 12957 12943 12945
f 12945 12943 12930
f 12930 12922 12945
f 12945 12922 12920
f 12970 12952 12957
f 12952 12948 12957
f 12948 12943 12957
f 12901 12899 12924
f 12920 12901 12924
f 12924 12899 12904
f 12904 12878 12858
f 12904 12858 12893
f 12884 12878 12904
f 12904 12899 12884
f 12977 12970 12993
f 12977 12956 12970
f 12956 12946 12970
f 12946 12952 12970
f 12883 12826 12886
f 12893 12859 12883
f 12883 12859 12848
f 12883 12848 12826
f 12886 12854 12872
f 12886 12826 12854
f 12858 12859 12893
f 12963 12959 12941
f 12959 12949 12941
f 12949 12936 12937
f 12949 12937 12941
f 12936 12923 12937
f 12936 12908 12923
f 12908 12870 12892
f 12908 12892 12909
f 12923 12908 12909
f 12908 12872 12870
f 12872 12854 12870
f 12980 12955 12977
f 12942 12955 12980
f 12978 12942 12980
f 12940 12942 12978
f 12984 12940 12978
f 12955 12956 12977
f 13003 12992 12988
f 12997 13003 12988
f 12982 12969 12983
f 12992 12982 12983
f 12982 12963 12958
f 12982 12958 12969
f 12988 12992 12983
f 12958 12963 12944
f 12963 12941 12944
f 12997 12988 12979
f 12965 12998 12929
f 12998 12973 12929
f 12998 13007 12973
f 12926 12913 12885
f 12906 12950 12926
f 12926 12885 12906
f 12913 12835 12885
f 12965 12929 12913
f 12929 12856 12913
f 12913 12856 12835
f 12939 12950 12906
f 12951 12939 12918
f 12939 12900 12918
f 12939 12906 12900
f 12951 12918 12925
f 12911 12905 12971
f 12971 12905 12967
f 12967 13004 13015
f 12967 12976 13004
f 12967 12928 12976
f 12967 12851 12928
f 12905 12851 12967
f 12976 12928 12999
f 12928 12954 12999
f 12999 12954 12984
f 12999 12984 13016
f 12954 12940 12984
f 12922 12910 12920
f 12910 12897 12920
f 12920 12897 12901
f 12948 12930 12943
f 12930 12894 12922
f 12948 12915 12930
f 12915 12894 12930
f 12894 12910 12922
f 12946 12934 12952
f 12952 12934 12948
f 12934 12915 12948
f 12901 12881 12899
f 12897 12877 12901
f 12877 12881 12901
f 12899 12873 12884
f 12881 12871 12899
f 12871 12873 12899
f 12878 12862 12855
f 12878 12855 12858
f 12884 12860 12878
f 12860 12862 12878
f 12858 12823 12859
f 12858 12817 12823
f 12858 12855 12834
f 12834 12817 12858
f 12873 12860 12884
f 12935 12946 12956
f 12955 12935 12956
f 12935 12934 12946
f 12826 12820 12785
f 12826 12785 12778
f 12826 12778 12791
f 12870 12826 12791
f 12854 12826 12870
f 12848 12820 12826
f 12859 12820 12848
f 12859 12823 12820
f 12941 12937 12912
f 12933 12941 12912
f 12933 12944 12941
f 12937 12923 12917
f 12937 12917 12912
f 12923 12909 12907
f 12923 12907 12917
f 12870 12791 12831
f 12870 12831 12861
f 12870 12861 12892
f 12902 12892 12876
f 12909 12892 12902
f 12876 12892 12861
f 12916 12935 12955
f 12942 12916 12955
f 12889 12916 12942
f 12940 12889 12942
f 12928 12940 12954
f 12928 12889 12940
f 12979 12988 12962
f 12988 12983 12962
f 12969 12958 12962
f 12962 12983 12969
f 12962 12958 12931
f 12958 12944 12933
f 12931 12958 12933
f 12979 12962 12947
f 12953 12979 12947
f 12929 12973 12932
f 12932 12864 12929
f 12929 12864 12856
f 12973 12974 12932
f 12906 12885 12853
f 12885 12835 12853
f 12900 12906 12868
f 12906 12853 12868
f 12835 12856 12797
f 12835 12797 12748
f 12835 12748 12777
f 12816 12835 12777
f 12853 12835 12816
f 12856 12864 12786
f 12856 12786 12797
f 12925 12918 12895
f 12918 12880 12895
f 12918 12900 12880
f 12880 12900 12868
f 12911 12828 12905
f 12811 12828 12911
f 12828 12818 12905
f 12818 12851 12905
f 12851 12822 12928
f 12928 12822 12889
f 12818 12742 12851
f 12742 12737 12851
f 12851 12737 12822
f 12910 12890 12897
f 12894 12890 12910
f 12890 12879 12897
f 12879 12877 12897
f 12869 12894 12915
f 12869 12852 12894
f 12852 12890 12894
f 12903 12915 12934
f 12903 12869 12915
f 12935 12903 12934
f 12881 12846 12871
f 12877 12846 12881
f 12879 12829 12877
f 12829 12846 12877
f 12873 12857 12860
f 12871 12836 12873
f 12836 12857 12873
f 12846 12836 12871
f 12862 12819 12833
f 12862 12833 12855
f 12860 12825 12862
f 12825 12819 12862
f 12855 12833 12834
f 12857 12838 12860
f 12860 12838 12825
f 12817 12783 12823
f 12823 12783 12788
f 12823 12788 12820
f 12817 12787 12783
f 12804 12817 12834
f 12804 12800 12817
f 12800 12787 12817
f 12833 12815 12834
f 12815 12804 12834
f 12916 12903 12935
f 12820 12788 12767
f 12820 12767 12785
f 12785 12752 12754
f 12785 12754 12778
f 12767 12752 12785
f 12778 12754 12735
f 12778 12735 12760
f 12791 12778 12760
f 12791 12769 12798
f 12791 12760 12769
f 12831 12791 12798
f 12933 12912 12898
f 12875 12912 12896
f 12898 12912 12875
f 12912 12917 12896
f 12931 12933 12898
f 12896 12917 12907
f 12831 12798 12813
f 12830 12831 12813
f 12861 12831 12830
f 12847 12861 12837
f 12876 12861 12847
f 12861 12830 12837
f 12876 12847 12840
f 12866 12876 12840
f 12843 12903 12916
f 12889 12843 12916
f 12822 12782 12889
f 12889 12782 12843
f 12947 12962 12927
f 12962 12931 12927
f 12887 12931 12898
f 12927 12931 12887
f 12953 12947 12914
f 12947 12927 12914
f 12932 12953 12914
f 12974 12953 12932
f 12932 12914 12864
f 12864 12842 12799
f 12864 12799 12786
f 12864 12914 12842
f 12868 12853 12832
f 12853 12816 12832
f 12868 12841 12880
f 12868 12832 12841
f 12797 12719 12748
f 12797 12786 12719
f 12748 12719 12692
f 12748 12692 12669
f 12748 12669 12724
f 12777 12748 12724
f 12816 12777 12792
f 12768 12777 12739
f 12777 12724 12739
f 12792 12777 12768
f 12809 12816 12792
f 12832 12816 12809
f 12719 12786 12677
f 12786 12799 12677
f 12895 12865 12891
f 12895 12880 12863
f 12895 12863 12865
f 12880 12841 12863
f 12811 12750 12828
f 12750 12708 12828
f 12828 12708 12818
f 12756 12750 12811
f 12708 12742 12818
f 12706 12782 12822
f 12737 12706 12822
f 12742 12663 12737
f 12742 12668 12663
f 12708 12668 12742
f 12737 12639 12706
f 12663 12639 12737
f 12852 12879 12890
f 12852 12829 12879
f 12803 12852 12869
f 12843 12803 12869
f 12843 12869 12903
f 12784 12829 12852
f 12803 12784 12852
f 12846 12805 12836
f 12829 12805 12846
f 12784 12740 12829
f 12829 12740 12805
f 12836 12838 12857
f 12836 12807 12838
f 12805 12807 12836
f 12819 12814 12833
f 12825 12776 12819
f 12776 12780 12819
f 12819 12780 12814
f 12814 12815 12833
f 12807 12825 12838
f 12740 12743 12825
f 12825 12743 12776
f 12740 12825 12807
f 12787 12762 12783
f 12762 12751 12783
f 12783 12764 12788
f 12783 12751 12764
f 12788 12764 12767
f 12800 12770 12787
f 12770 12759 12787
f 12759 12762 12787
f 12781 12726 12804
f 12781 12804 12815
f 12804 12771 12800
f 12804 12726 12771
f 12771 12765 12800
f 12765 12770 12800
f 12814 12781 12815
f 12764 12729 12767
f 12767 12731 12752
f 12767 12729 12731
f 12752 12731 12715
f 12752 12715 12728
f 12752 12728 12754
f 12754 12728 12711
f 12754 12711 12735
f 12760 12735 12727
f 12735 12696 12702
f 12727 12735 12702
f 12735 12711 12696
f 12760 12727 12736
f 12744 12760 12736
f 12769 12760 12744
f 12769 12745 12753
f 12769 12744 12745
f 12779 12769 12753
f 12779 12798 12769
f 12801 12798 12779
f 12813 12798 12801
f 12887 12898 12793
f 12898 12875 12793
f 12793 12875 12789
f 12875 12839 12789
f 12813 12801 12758
f 12830 12813 12802
f 12802 12813 12772
f 12813 12758 12772
f 12837 12830 12802
f 12847 12837 12827
f 12840 12847 12827
f 12837 12802 12790
f 12821 12837 12790
f 12827 12837 12821
f 12839 12840 12795
f 12840 12827 12795
f 12839 12866 12840
f 12782 12747 12843
f 12843 12747 12803
f 12782 12681 12747
f 12706 12681 12782
f 12914 12927 12842
f 12842 12927 12887
f 12842 12887 12793
f 12842 12793 12723
f 12842 12723 12799
f 12677 12799 12678
f 12799 12723 12678
f 12806 12832 12809
f 12841 12832 12806
f 12824 12841 12806
f 12863 12841 12824
f 12719 12677 12661
f 12719 12661 12692
f 12692 12645 12669
f 12692 12661 12645
f 12724 12669 12707
f 12687 12669 12641
f 12669 12645 12641
f 12707 12669 12687
f 12739 12724 12707
f 12809 12792 12806
f 12792 12768 12806
f 12768 12739 12733
f 12775 12768 12733
f 12806 12768 12775
f 12739 12707 12733
f 12677 12621 12661
f 12865 12863 12849
f 12874 12865 12849
f 12891 12865 12874
f 12863 12824 12849
f 12691 12708 12750
f 12705 12691 12750
f 12756 12705 12750
f 12708 12650 12668
f 12691 12650 12708
f 12718 12705 12756
f 12766 12718 12756
f 12639 12586 12706
f 12706 12586 12681
f 12668 12620 12663
f 12620 12583 12663
f 12583 12639 12663
f 12650 12615 12668
f 12615 12620 12668
f 12583 12564 12639
f 12639 12564 12586
f 12747 12710 12803
f 12803 12710 12784
f 12710 12659 12784
f 12659 12740 12784
f 12740 12807 12805
f 12659 12604 12740
f 12604 12674 12740
f 12740 12674 12743
f 12780 12781 12814
f 12776 12701 12780
f 12743 12701 12776
f 12701 12781 12780
f 12674 12701 12743
f 12762 12738 12751
f 12749 12738 12762
f 12759 12749 12762
f 12751 12714 12721
f 12751 12721 12716
f 12764 12751 12716
f 12738 12714 12751
f 12764 12716 12729
f 12746 12759 12770
f 12755 12746 12770
f 12765 12755 12770
f 12759 12717 12749
f 12746 12717 12759
f 12781 12700 12726
f 12701 12700 12781
f 12598 12651 12726
f 12700 12598 12726
f 12726 12730 12761
f 12726 12761 12771
f 12726 12651 12730
f 12771 12761 12765
f 12765 12730 12755
f 12761 12730 12765
f 12729 12694 12699
f 12729 12699 12731
f 12716 12694 12729
f 12699 12676 12731
f 12731 12676 12715
f 12715 12666 12711
f 12711 12728 12715
f 12715 12676 12666
f 12711 12666 12646
f 12711 12646 12696
f 12727 12702 12704
f 12736 12727 12704
f 12646 12647 12696
f 12696 12647 12664
f 12696 12664 12688
f 12702 12696 12688
f 12702 12688 12685
f 12704 12702 12685
f 12744 12736 12713
f 12713 12736 12704
f 12712 12744 12713
f 12745 12744 12712
f 12753 12745 12712
f 12779 12753 12734
f 12734 12753 12712
f 12758 12779 12734
f 12758 12801 12779
f 12793 12789 12698
f 12793 12698 12723
f 12789 12658 12698
f 12789 12839 12795
f 12789 12795 12658
f 12720 12772 12758
f 12720 12758 12672
f 12758 12734 12672
f 12790 12802 12763
f 12802 12772 12763
f 12763 12772 12720
f 12795 12827 12794
f 12827 12821 12794
f 12794 12821 12790
f 12741 12790 12763
f 12794 12790 12741
f 12795 12794 12741
f 12658 12795 12741
f 12681 12628 12747
f 12628 12710 12747
f 12586 12580 12681
f 12681 12580 12628
f 12678 12723 12602
f 12723 12698 12602
f 12678 12602 12593
f 12824 12806 12775
f 12824 12775 12773
f 12824 12773 12849
f 12661 12623 12645
f 12641 12645 12606
f 12645 12623 12606
f 12733 12707 12687
f 12732 12733 12687
f 12732 12687 12697
f 12687 12641 12614
f 12687 12614 12697
f 12641 12606 12614
f 12775 12733 12732
f 12773 12775 12732
f 12874 12849 12844
f 12844 12849 12808
f 12849 12773 12808
f 12874 12844 12867
f 12705 12679 12691
f 12679 12638 12691
f 12691 12638 12650
f 12680 12679 12705
f 12718 12680 12705
f 12638 12609 12650
f 12650 12609 12615
f 12722 12718 12766
f 12722 12680 12718
f 12774 12722 12766
f 12774 12766 12812
f 12812 12766 12796
f 12564 12534 12586
f 12615 12581 12620
f 12620 12581 12583
f 12583 12544 12564
f 12581 12544 12583
f 12609 12561 12615
f 12615 12561 12581
f 12544 12518 12564
f 12564 12518 12534
f 12628 12659 12710
f 12525 12604 12659
f 12525 12659 12628
f 12468 12566 12604
f 12604 12471 12468
f 12525 12471 12604
f 12604 12566 12674
f 12674 12566 12701
f 12566 12700 12701
f 12709 12695 12738
f 12695 12689 12738
f 12738 12689 12714
f 12749 12709 12738
f 12717 12709 12749
f 12714 12686 12703
f 12714 12703 12721
f 12689 12690 12714
f 12690 12686 12714
f 12721 12703 12716
f 12716 12684 12694
f 12703 12684 12716
f 12730 12746 12755
f 12730 12717 12746
f 12717 12655 12709
f 12730 12651 12717
f 12651 12655 12717
f 12566 12479 12700
f 12479 12598 12700
f 12598 12597 12651
f 12479 12459 12598
f 12459 12496 12598
f 12598 12496 12597
f 12651 12597 12655
f 12657 12633 12694
f 12684 12657 12694
f 12694 12633 12662
f 12694 12662 12699
f 12699 12662 12676
f 12676 12611 12630
f 12676 12630 12666
f 12676 12662 12611
f 12666 12630 12646
f 12646 12587 12612
f 12646 12612 12647
f 12646 12630 12587
f 12704 12685 12683
f 12693 12704 12683
f 12713 12704 12693
f 12647 12612 12627
f 12664 12647 12627
f 12671 12664 12660
f 12660 12664 12637
f 12664 12654 12637
f 12664 12629 12654
f 12664 12627 12629
f 12688 12664 12671
f 12685 12688 12671
f 12683 12685 12642
f 12642 12685 12670
f 12685 12671 12670
f 12712 12713 12693
f 12712 12693 12653
f 12712 12653 12656
f 12672 12712 12656
f 12734 12712 12672
f 12602 12698 12562
f 12698 12658 12562
f 12562 12658 12538
f 12741 12636 12658
f 12658 12636 12538
f 12763 12720 12636
f 12636 12720 12672
f 12672 12656 12595
f 12636 12672 12595
f 12741 12763 12636
f 12531 12525 12628
f 12580 12531 12628
f 12602 12562 12513
f 12593 12602 12513
f 12593 12513 12510
f 12773 12732 12697
f 12773 12697 12725
f 12773 12725 12808
f 12606 12522 12614
f 12614 12626 12697
f 12697 12626 12725
f 12614 12522 12495
f 12614 12495 12626
f 12844 12808 12850
f 12867 12844 12850
f 12808 12725 12757
f 12808 12757 12810
f 12850 12808 12810
f 12882 12867 12850
f 12635 12638 12679
f 12680 12635 12679
f 12576 12609 12638
f 12635 12576 12638
f 12682 12635 12680
f 12682 12680 12722
f 12576 12561 12609
f 12757 12682 12722
f 12757 12722 12774
f 12810 12774 12812
f 12810 12757 12774
f 12561 12544 12581
f 12561 12498 12544
f 12544 12498 12484
f 12544 12484 12518
f 12576 12516 12561
f 12516 12498 12561
f 12531 12449 12525
f 12449 12447 12525
f 12447 12412 12525
f 12412 12471 12525
f 12468 12479 12566
f 12471 12406 12468
f 12406 12387 12468
f 12468 12387 12349
f 12468 12349 12479
f 12412 12390 12471
f 12390 12406 12471
f 12655 12695 12709
f 12695 12644 12689
f 12655 12644 12695
f 12689 12665 12690
f 12644 12634 12689
f 12689 12634 12665
f 12686 12667 12673
f 12686 12673 12703
f 12690 12675 12686
f 12675 12648 12686
f 12686 12648 12667
f 12703 12673 12684
f 12665 12675 12690
f 12684 12652 12657
f 12649 12652 12684
f 12673 12649 12684
f 12577 12644 12655
f 12597 12577 12655
f 12349 12383 12479
f 12479 12383 12459
f 12496 12462 12597
f 12462 12577 12597
f 12459 12338 12496
f 12383 12338 12459
f 12338 12307 12496
f 12496 12307 12462
f 12657 12625 12619
f 12657 12619 12633
f 12652 12625 12657
f 12594 12592 12633
f 12633 12592 12618
f 12662 12633 12618
f 12619 12594 12633
f 12662 12618 12611
f 12611 12618 12571
f 12611 12571 12545
f 12611 12545 12587
f 12611 12587 12630
f 12612 12587 12557
f 12587 12545 12557
f 12627 12612 12600
f 12612 12582 12600
f 12612 12569 12582
f 12612 12557 12569
f 12693 12683 12642
f 12693 12642 12653
f 12629 12627 12605
f 12627 12600 12605
f 12671 12660 12643
f 12670 12671 12643
f 12643 12660 12622
f 12622 12660 12637
f 12637 12654 12624
f 12637 12624 12603
f 12622 12637 12603
f 12654 12629 12624
f 12629 12605 12599
f 12624 12629 12599
f 12642 12670 12632
f 12642 12632 12585
f 12601 12642 12585
f 12653 12642 12601
f 12670 12643 12632
f 12595 12653 12601
f 12656 12653 12595
f 12562 12487 12513
f 12562 12538 12487
f 12538 12636 12528
f 12538 12528 12454
f 12487 12538 12454
f 12636 12595 12528
f 12595 12601 12520
f 12595 12520 12478
f 12528 12595 12478
f 12472 12418 12531
f 12418 12449 12531
f 12513 12487 12456
f 12513 12456 12465
f 12513 12465 12510
f 12485 12510 12440
f 12519 12510 12485
f 12510 12465 12440
f 12725 12626 12682
f 12757 12725 12682
f 12522 12475 12495
f 12519 12489 12522
f 12522 12489 12475
f 12495 12529 12626
f 12626 12529 12584
f 12626 12584 12682
f 12475 12354 12495
f 12495 12360 12431
f 12495 12431 12529
f 12354 12360 12495
f 12850 12810 12845
f 12850 12845 12888
f 12882 12850 12888
f 12682 12584 12635
f 12584 12576 12635
f 12584 12516 12576
f 12498 12446 12484
f 12466 12446 12498
f 12466 12498 12516
f 12446 12430 12484
f 12584 12466 12516
f 12397 12402 12449
f 12449 12402 12447
f 12418 12397 12449
f 12447 12402 12412
f 12412 12359 12390
f 12402 12359 12412
f 12390 12364 12406
f 12364 12355 12406
f 12355 12387 12406
f 12387 12322 12349
f 12355 12322 12387
f 12322 12284 12349
f 12349 12284 12301
f 12349 12301 12383
f 12359 12330 12390
f 12330 12331 12390
f 12390 12331 12364
f 12577 12634 12644
f 12665 12648 12675
f 12634 12648 12665
f 12634 12542 12648
f 12577 12542 12634
f 12667 12640 12673
f 12648 12640 12667
f 12640 12649 12673
f 12542 12608 12648
f 12648 12608 12640
f 12616 12625 12652
f 12631 12616 12652
f 12649 12631 12652
f 12613 12631 12649
f 12640 12613 12649
f 12462 12467 12577
f 12577 12467 12542
f 12383 12314 12338
f 12383 12301 12314
f 12307 12325 12462
f 12325 12344 12462
f 12462 12344 12467
f 12314 12279 12338
f 12338 12279 12307
f 12249 12238 12307
f 12279 12249 12307
f 12307 12238 12325
f 12625 12607 12619
f 12616 12590 12625
f 12590 12588 12625
f 12625 12588 12607
f 12607 12596 12619
f 12596 12594 12619
f 12594 12573 12592
f 12594 12574 12573
f 12579 12574 12594
f 12596 12579 12594
f 12547 12592 12573
f 12618 12592 12568
f 12568 12592 12547
f 12618 12568 12571
f 12571 12539 12545
f 12568 12539 12571
f 12539 12483 12545
f 12545 12483 12557
f 12557 12483 12438
f 12557 12438 12481
f 12557 12481 12554
f 12569 12557 12554
f 12605 12600 12567
f 12567 12600 12582
f 12582 12563 12550
f 12567 12582 12550
f 12582 12569 12563
f 12569 12554 12546
f 12563 12569 12546
f 12599 12605 12565
f 12565 12605 12551
f 12605 12567 12551
f 12643 12622 12617
f 12632 12643 12617
f 12578 12622 12603
f 12617 12622 12578
f 12603 12624 12570
f 12570 12624 12599
f 12603 12570 12540
f 12578 12603 12540
f 12570 12599 12506
f 12506 12599 12512
f 12599 12565 12512
f 12585 12632 12617
f 12601 12585 12520
f 12585 12617 12505
f 12520 12585 12505
f 12487 12454 12388
f 12487 12388 12424
f 12487 12424 12456
f 12528 12478 12442
f 12528 12442 12454
f 12454 12442 12392
f 12388 12454 12392
f 12478 12520 12375
f 12520 12505 12375
f 12478 12375 12334
f 12379 12478 12334
f 12442 12478 12379
f 12418 12362 12397
f 12437 12456 12409
f 12465 12456 12437
f 12456 12424 12409
f 12437 12427 12465
f 12465 12427 12440
f 12519 12485 12489
f 12489 12485 12453
f 12485 12440 12453
f 12453 12440 12427
f 12475 12401 12354
f 12489 12453 12475
f 12475 12453 12401
f 12529 12431 12466
f 12529 12466 12584
f 12353 12291 12354
f 12401 12353 12354
f 12354 12303 12360
f 12354 12291 12303
f 12303 12220 12360
f 12360 12220 12327
f 12431 12360 12327
f 12431 12327 12466
f 12466 12395 12446
f 12446 12395 12430
f 12466 12327 12395
f 12395 12367 12430
f 12430 12367 12422
f 12312 12330 12359
f 12364 12321 12355
f 12331 12321 12364
f 12321 12322 12355
f 12321 12276 12322
f 12276 12284 12322
f 12284 12248 12267
f 12276 12248 12284
f 12284 12267 12301
f 12301 12273 12314
f 12267 12273 12301
f 12330 12294 12331
f 12312 12294 12330
f 12331 12294 12321
f 12542 12613 12608
f 12467 12420 12542
f 12542 12420 12501
f 12542 12501 12613
f 12608 12613 12640
f 12616 12558 12590
f 12610 12616 12631
f 12575 12616 12610
f 12575 12558 12616
f 12613 12610 12631
f 12613 12501 12575
f 12613 12575 12610
f 12344 12420 12467
f 12273 12279 12314
f 12238 12260 12325
f 12325 12260 12344
f 12344 12295 12420
f 12222 12295 12344
f 12260 12222 12344
f 12231 12249 12279
f 12273 12231 12279
f 12249 12211 12238
f 12231 12208 12249
f 12208 12211 12249
f 12238 12194 12260
f 12181 12194 12238
f 12211 12181 12238
f 12607 12591 12596
f 12588 12591 12607
f 12590 12559 12588
f 12558 12559 12590
f 12559 12560 12588
f 12588 12560 12591
f 12589 12572 12596
f 12591 12589 12596
f 12596 12572 12579
f 12573 12552 12547
f 12574 12552 12573
f 12579 12556 12574
f 12556 12549 12574
f 12574 12549 12552
f 12555 12553 12579
f 12555 12579 12572
f 12553 12556 12579
f 12552 12503 12547
f 12537 12547 12511
f 12568 12547 12537
f 12547 12491 12511
f 12547 12503 12491
f 12568 12537 12539
f 12539 12537 12490
f 12539 12490 12483
f 12483 12413 12438
f 12490 12413 12483
f 12438 12378 12404
f 12438 12413 12378
f 12481 12438 12404
f 12500 12481 12461
f 12461 12481 12419
f 12481 12404 12419
f 12554 12481 12500
f 12554 12500 12527
f 12554 12527 12546
f 12567 12550 12536
f 12551 12567 12536
f 12563 12546 12550
f 12499 12550 12530
f 12550 12523 12530
f 12536 12550 12499
f 12550 12546 12523
f 12546 12514 12523
f 12546 12527 12514
f 12565 12551 12512
f 12551 12536 12499
f 12512 12551 12499
f 12505 12617 12578
f 12505 12578 12434
f 12578 12540 12434
f 12540 12570 12506
f 12434 12540 12506
f 12506 12512 12434
f 12512 12499 12441
f 12434 12512 12441
f 12505 12434 12375
f 12388 12346 12361
f 12358 12346 12388
f 12388 12357 12358
f 12388 12392 12357
f 12376 12388 12361
f 12399 12388 12376
f 12399 12424 12388
f 12409 12424 12399
f 12392 12442 12379
f 12357 12392 12335
f 12392 12379 12335
f 12375 12434 12328
f 12375 12328 12253
f 12375 12253 12255
f 12334 12375 12255
f 12379 12334 12310
f 12334 12255 12283
f 12310 12334 12283
f 12316 12379 12310
f 12335 12379 12316
f 12422 12367 12362
f 12401 12427 12437
f 12437 12393 12401
f 12437 12409 12393
f 12409 12399 12393
f 12453 12427 12401
f 12393 12353 12401
f 12353 12313 12291
f 12393 12376 12353
f 12376 12361 12353
f 12353 12361 12346
f 12353 12346 12313
f 12291 12313 12290
f 12291 12259 12223
f 12303 12291 12223
f 12290 12259 12291
f 12303 12223 12220
f 12220 12272 12327
f 12220 12232 12272
f 12220 12216 12232
f 12223 12178 12220
f 12178 12129 12220
f 12220 12129 12157
f 12220 12157 12216
f 12327 12367 12395
f 12327 12272 12367
f 12367 12272 12297
f 12312 12275 12294
f 12312 12282 12275
f 12294 12276 12321
f 12276 12242 12248
f 12294 12242 12276
f 12248 12235 12267
f 12242 12213 12248
f 12213 12235 12248
f 12267 12235 12273
f 12235 12231 12273
f 12275 12247 12294
f 12247 12242 12294
f 12420 12295 12421
f 12420 12421 12501
f 12501 12421 12502
f 12501 12502 12558
f 12501 12558 12575
f 12558 12502 12559
f 12194 12222 12260
f 12198 12217 12295
f 12217 12305 12295
f 12222 12198 12295
f 12295 12305 12421
f 12177 12174 12222
f 12222 12174 12198
f 12194 12177 12222
f 12235 12203 12231
f 12203 12208 12231
f 12208 12168 12211
f 12211 12168 12181
f 12203 12180 12208
f 12208 12180 12168
f 12161 12177 12194
f 12181 12161 12194
f 12168 12145 12181
f 12181 12145 12161
f 12591 12560 12589
f 12502 12560 12559
f 12502 12526 12560
f 12560 12526 12589
f 12589 12548 12572
f 12589 12526 12548
f 12548 12555 12572
f 12552 12515 12488
f 12552 12488 12503
f 12549 12532 12552
f 12532 12515 12552
f 12533 12541 12556
f 12543 12533 12556
f 12556 12541 12549
f 12553 12543 12556
f 12549 12521 12532
f 12541 12521 12549
f 12555 12524 12553
f 12548 12535 12555
f 12535 12524 12555
f 12524 12543 12553
f 12491 12503 12460
f 12488 12460 12503
f 12511 12436 12537
f 12537 12436 12490
f 12511 12491 12470
f 12511 12470 12473
f 12511 12473 12436
f 12491 12460 12423
f 12491 12423 12470
f 12490 12436 12413
f 12413 12340 12378
f 12413 12436 12340
f 12378 12340 12318
f 12378 12318 12341
f 12404 12378 12341
f 12404 12341 12369
f 12419 12404 12369
f 12500 12448 12443
f 12469 12500 12443
f 12493 12500 12469
f 12527 12500 12493
f 12500 12461 12448
f 12448 12461 12435
f 12461 12419 12435
f 12419 12369 12384
f 12419 12384 12394
f 12419 12394 12408
f 12435 12419 12408
f 12514 12527 12493
f 12499 12530 12480
f 12499 12480 12415
f 12441 12499 12415
f 12530 12523 12482
f 12530 12482 12480
f 12523 12514 12482
f 12457 12514 12477
f 12482 12514 12457
f 12514 12493 12477
f 12434 12441 12352
f 12328 12434 12352
f 12441 12415 12352
f 12346 12357 12304
f 12358 12357 12346
f 12346 12304 12313
f 12357 12335 12304
f 12393 12399 12376
f 12335 12316 12304
f 12328 12352 12257
f 12328 12257 12253
f 12255 12253 12212
f 12212 12253 12191
f 12253 12257 12191
f 12283 12255 12244
f 12244 12255 12215
f 12215 12255 12212
f 12316 12310 12289
f 12310 12283 12251
f 12289 12310 12251
f 12251 12283 12244
f 12288 12316 12289
f 12304 12316 12288
f 12313 12304 12290
f 12288 12259 12290
f 12290 12304 12288
f 12288 12289 12259
f 12259 12226 12223
f 12259 12251 12226
f 12289 12251 12259
f 12226 12197 12223
f 12223 12197 12178
f 12272 12229 12297
f 12272 12216 12229
f 12232 12216 12272
f 12229 12216 12169
f 12216 12157 12169
f 12178 12136 12129
f 12178 12164 12136
f 12197 12164 12178
f 12157 12129 12098
f 12129 12054 12098
f 12136 12105 12129
f 12129 12105 12054
f 12157 12139 12169
f 12157 12098 12139
f 12297 12229 12282
f 12282 12229 12275
f 12229 12247 12275
f 12242 12219 12213
f 12247 12221 12242
f 12221 12219 12242
f 12213 12203 12235
f 12219 12186 12213
f 12186 12160 12213
f 12213 12160 12203
f 12229 12221 12247
f 12421 12305 12428
f 12421 12428 12502
f 12502 12428 12526
f 12174 12138 12198
f 12138 12152 12198
f 12198 12152 12217
f 12152 12156 12217
f 12217 12156 12201
f 12217 12201 12305
f 12305 12201 12254
f 12305 12254 12350
f 12305 12350 12428
f 12161 12137 12177
f 12137 12146 12177
f 12146 12174 12177
f 12128 12138 12174
f 12146 12128 12174
f 12203 12147 12180
f 12160 12147 12203
f 12147 12168 12180
f 12147 12145 12168
f 12145 12120 12161
f 12161 12120 12137
f 12145 12111 12120
f 12147 12111 12145
f 12526 12497 12548
f 12428 12497 12526
f 12548 12497 12535
f 12515 12504 12494
f 12515 12494 12488
f 12532 12509 12515
f 12509 12504 12515
f 12488 12439 12460
f 12464 12439 12488
f 12494 12464 12488
f 12521 12507 12532
f 12532 12507 12509
f 12533 12517 12541
f 12486 12517 12533
f 12486 12533 12543
f 12517 12521 12541
f 12458 12486 12543
f 12524 12458 12543
f 12508 12507 12521
f 12521 12492 12508
f 12517 12492 12521
f 12497 12524 12535
f 12497 12458 12524
f 12460 12439 12400
f 12460 12400 12423
f 12436 12372 12340
f 12416 12372 12436
f 12473 12416 12436
f 12473 12470 12416
f 12470 12423 12416
f 12423 12382 12373
f 12423 12373 12416
f 12423 12400 12382
f 12340 12293 12286
f 12340 12286 12318
f 12340 12372 12319
f 12340 12319 12293
f 12341 12318 12299
f 12318 12280 12299
f 12318 12274 12280
f 12318 12286 12274
f 12369 12341 12324
f 12341 12306 12324
f 12341 12299 12306
f 12384 12369 12332
f 12369 12324 12332
f 12448 12435 12432
f 12410 12448 12432
f 12443 12448 12410
f 12469 12443 12407
f 12407 12443 12410
f 12477 12493 12469
f 12477 12469 12429
f 12429 12469 12407
f 12432 12435 12408
f 12317 12384 12332
f 12370 12384 12317
f 12394 12384 12370
f 12381 12394 12342
f 12342 12394 12370
f 12408 12394 12381
f 12432 12408 12391
f 12391 12408 12381
f 12480 12482 12463
f 12415 12480 12463
f 12352 12415 12309
f 12415 12371 12309
f 12415 12463 12371
f 12425 12482 12457
f 12463 12482 12425
f 12457 12477 12429
f 12457 12429 12425
f 12352 12252 12257
f 12352 12309 12252
f 12257 12175 12191
f 12257 12252 12175
f 12212 12191 12167
f 12215 12212 12185
f 12212 12167 12185
f 12175 12144 12191
f 12191 12144 12132
f 12167 12191 12132
f 12251 12244 12227
f 12227 12244 12215
f 12215 12185 12164
f 12215 12164 12197
f 12227 12215 12197
f 12251 12227 12226
f 12226 12227 12197
f 12229 12204 12221
f 12229 12189 12204
f 12169 12189 12229
f 12169 12166 12189
f 12169 12127 12166
f 12139 12127 12169
f 12130 12105 12136
f 12164 12130 12136
f 12167 12130 12164
f 12185 12167 12164
f 12139 12098 12127
f 12098 12091 12127
f 12054 12023 12098
f 12098 12023 12048
f 12098 12048 12091
f 12054 11996 12023
f 12054 12034 11996
f 12105 12062 12054
f 12062 12034 12054
f 12074 12062 12105
f 12105 12112 12074
f 12130 12112 12105
f 12221 12204 12219
f 12204 12186 12219
f 12204 12166 12186
f 12186 12166 12160
f 12160 12119 12147
f 12160 12042 12119
f 12166 12123 12160
f 12123 12061 12160
f 12061 12042 12160
f 12428 12350 12497
f 12128 12115 12138
f 12115 12101 12138
f 12138 12101 12109
f 12138 12109 12152
f 12109 12096 12152
f 12152 12096 12156
f 12156 12122 12201
f 12096 12122 12156
f 12201 12159 12254
f 12122 12159 12201
f 12159 12187 12254
f 12254 12348 12366
f 12350 12254 12366
f 12254 12187 12348
f 12497 12350 12458
f 12350 12366 12458
f 12137 12106 12146
f 12120 12106 12137
f 12106 12128 12146
f 12128 12094 12115
f 12106 12094 12128
f 12147 12119 12111
f 12120 12081 12106
f 12111 12081 12120
f 12063 12081 12111
f 12119 12063 12111
f 12504 12451 12474
f 12504 12474 12494
f 12509 12452 12504
f 12452 12451 12504
f 12494 12474 12464
f 12476 12509 12507
f 12476 12450 12509
f 12450 12452 12509
f 12439 12385 12386
f 12439 12386 12400
f 12464 12411 12439
f 12439 12411 12385
f 12464 12426 12411
f 12455 12426 12464
f 12474 12455 12464
f 12508 12476 12507
f 12486 12492 12517
f 12417 12445 12486
f 12458 12417 12486
f 12486 12445 12492
f 12366 12417 12458
f 12508 12444 12476
f 12445 12508 12492
f 12445 12444 12508
f 12400 12337 12382
f 12400 12339 12337
f 12400 12386 12339
f 12372 12329 12319
f 12416 12329 12372
f 12416 12373 12329
f 12382 12337 12326
f 12373 12382 12326
f 12373 12326 12329
f 12293 12278 12228
f 12293 12228 12286
f 12319 12278 12293
f 12286 12245 12274
f 12286 12228 12245
f 12319 12329 12278
f 12306 12299 12262
f 12262 12299 12240
f 12299 12285 12240
f 12299 12280 12285
f 12285 12280 12256
f 12280 12239 12256
f 12280 12274 12239
f 12274 12245 12230
f 12274 12230 12237
f 12274 12237 12239
f 12324 12306 12296
f 12300 12324 12296
f 12332 12324 12300
f 12296 12306 12262
f 12317 12332 12277
f 12332 12300 12277
f 12410 12432 12391
f 12407 12410 12351
f 12410 12391 12351
f 12429 12407 12368
f 12368 12407 12351
f 12425 12429 12368
f 12370 12317 12250
f 12317 12277 12250
f 12342 12370 12250
f 12391 12381 12347
f 12347 12381 12342
f 12347 12342 12292
f 12292 12342 12250
f 12351 12391 12347
f 12463 12425 12371
f 12252 12309 12206
f 12309 12246 12206
f 12309 12371 12246
f 12425 12368 12371
f 12371 12368 12246
f 12252 12206 12175
f 12175 12108 12144
f 12175 12110 12108
f 12175 12114 12110
f 12206 12114 12175
f 12167 12132 12130
f 12116 12144 12108
f 12132 12144 12116
f 12132 12116 12112
f 12130 12132 12112
f 12189 12166 12204
f 12166 12127 12123
f 12127 12091 12123
f 12091 12061 12123
f 12091 12048 12061
f 12048 12023 12005
f 12023 11954 12005
f 11996 11954 12023
f 12048 12005 12061
f 12034 12007 11996
f 12007 11990 11996
f 11996 11990 11966
f 11996 11966 11954
f 12056 12034 12062
f 12034 12012 12007
f 12074 12056 12062
f 12116 12074 12112
f 12108 12079 12074
f 12116 12108 12074
f 12042 12047 12119
f 12119 12047 12063
f 12042 11976 12047
f 12061 12005 12042
f 12005 11976 12042
f 12094 12101 12115
f 12051 12078 12101
f 12094 12051 12101
f 12101 12078 12109
f 12078 12060 12109
f 12060 12096 12109
f 12096 12068 12122
f 12060 12045 12096
f 12045 12068 12096
f 12068 12055 12122
f 12122 12055 12159
f 12159 12102 12187
f 12055 12102 12159
f 12113 12171 12187
f 12102 12113 12187
f 12187 12270 12348
f 12187 12171 12270
f 12348 12270 12414
f 12348 12414 12444
f 12348 12444 12445
f 12417 12348 12445
f 12366 12348 12417
f 12106 12065 12094
f 12081 12065 12106
f 12065 12051 12094
f 12063 12017 12081
f 12081 12017 12065
f 12047 12019 12063
f 12019 12000 12063
f 12063 12000 12017
f 12451 12398 12433
f 12451 12433 12474
f 12405 12451 12452
f 12405 12374 12451
f 12374 12398 12451
f 12474 12433 12455
f 12414 12452 12450
f 12414 12405 12452
f 12414 12450 12476
f 12444 12414 12476
f 12385 12343 12333
f 12385 12333 12386
f 12411 12365 12385
f 12365 12343 12385
f 12386 12333 12339
f 12426 12396 12411
f 12396 12363 12411
f 12363 12365 12411
f 12403 12396 12426
f 12433 12426 12455
f 12433 12403 12426
f 12326 12337 12278
f 12337 12339 12258
f 12337 12258 12278
f 12339 12281 12258
f 12333 12281 12339
f 12329 12326 12278
f 12278 12258 12228
f 12228 12258 12173
f 12245 12228 12209
f 12228 12188 12209
f 12228 12173 12188
f 12245 12209 12230
f 12277 12300 12262
f 12277 12262 12210
f 12300 12296 12262
f 12262 12240 12210
f 12210 12240 12124
f 12240 12205 12124
f 12240 12285 12256
f 12240 12256 12205
f 12256 12239 12199
f 12205 12256 12199
f 12199 12239 12193
f 12239 12225 12193
f 12239 12237 12225
f 12230 12209 12192
f 12218 12230 12192
f 12237 12230 12218
f 12225 12237 12193
f 12237 12218 12193
f 12250 12277 12210
f 12246 12351 12196
f 12351 12292 12196
f 12351 12347 12292
f 12246 12368 12351
f 12292 12250 12196
f 12250 12118 12196
f 12250 12210 12118
f 12206 12246 12126
f 12206 12126 12114
f 12246 12196 12126
f 12110 12114 12067
f 12067 12114 12053
f 12114 12057 12053
f 12114 12126 12057
f 11954 11950 12005
f 12005 11950 11976
f 11954 11909 11950
f 11954 11936 11909
f 11966 11936 11954
f 12012 12028 12007
f 12009 12007 12028
f 12009 12006 12007
f 12007 12006 11990
f 11990 11973 11966
f 12006 11994 11990
f 11990 11994 11973
f 11973 11936 11966
f 11976 11960 12047
f 12047 11960 12019
f 11950 11908 11976
f 11976 11908 11960
f 12051 12008 12060
f 12051 12060 12078
f 12020 12051 12065
f 12020 12008 12051
f 12008 12045 12060
f 12029 12055 12068
f 12045 12029 12068
f 12008 12029 12045
f 12055 12013 12049
f 12055 12049 12102
f 12029 12013 12055
f 12049 12038 12102
f 12102 12038 12058
f 12102 12058 12113
f 12113 12046 12092
f 12113 12092 12171
f 12058 12046 12113
f 12270 12171 12266
f 12171 12179 12266
f 12171 12082 12179
f 12092 12082 12171
f 12270 12266 12345
f 12270 12345 12414
f 12414 12345 12405
f 12065 12017 12020
f 12000 11961 12017
f 11961 11964 12017
f 12017 11964 12020
f 12019 11930 11942
f 12019 11942 12000
f 11960 11930 12019
f 12000 11942 11961
f 12398 12336 12380
f 12398 12380 12403
f 12398 12403 12433
f 12374 12336 12398
f 12345 12374 12405
f 12266 12269 12374
f 12266 12374 12345
f 12374 12269 12336
f 12343 12320 12311
f 12343 12311 12333
f 12365 12320 12343
f 12333 12264 12281
f 12333 12311 12264
f 12363 12315 12365
f 12365 12315 12320
f 12396 12377 12363
f 12389 12377 12396
f 12403 12389 12396
f 12363 12308 12315
f 12356 12308 12363
f 12377 12356 12363
f 12380 12389 12403
f 12258 12241 12173
f 12258 12281 12241
f 12281 12264 12241
f 12188 12173 12141
f 12173 12133 12141
f 12241 12133 12173
f 12192 12209 12172
f 12209 12154 12172
f 12209 12176 12154
f 12209 12188 12176
f 12188 12141 12155
f 12176 12188 12155
f 12118 12210 12124
f 12118 12124 12027
f 12205 12199 12124
f 12124 12199 12142
f 12124 12142 12088
f 12124 12088 11958
f 12027 12124 11958
f 12199 12193 12142
f 12193 12218 12183
f 12193 12183 12149
f 12142 12193 12149
f 12218 12192 12182
f 12192 12165 12182
f 12192 12172 12165
f 12218 12182 12183
f 12196 12118 12103
f 12196 12103 12126
f 12103 12118 12031
f 12118 12027 12031
f 12126 12103 12030
f 12126 12030 12050
f 12057 12126 12050
f 12053 12057 12032
f 12053 12032 12028
f 12057 12050 12026
f 12057 12026 12032
f 11950 11909 11908
f 11936 11915 11909
f 11915 11904 11909
f 11904 11878 11909
f 11909 11878 11869
f 11909 11869 11908
f 11973 11946 11936
f 11946 11915 11936
f 12028 12032 12009
f 12009 12032 12006
f 12032 12026 12006
f 12006 12026 11994
f 11973 11986 11946
f 11994 11986 11973
f 12026 12050 11994
f 11994 12050 11986
f 11960 11908 11930
f 11908 11870 11930
f 11908 11869 11870
f 12020 11977 12008
f 11977 11981 12008
f 12008 11981 11995
f 12008 11995 12029
f 12020 11964 11977
f 12029 11995 12013
f 11995 11992 12013
f 12013 11992 12038
f 12013 12038 12049
f 12038 12014 12058
f 11992 12014 12038
f 12058 12014 12046
f 12046 12018 12092
f 12014 12004 12046
f 12046 12004 12018
f 12018 12082 12092
f 12266 12179 12269
f 12179 12085 12163
f 12179 12163 12269
f 12082 12085 12179
f 12021 12024 12082
f 12018 12021 12082
f 12082 12024 12085
f 11942 11903 11961
f 11961 11903 11928
f 11961 11928 11964
f 11928 11900 11964
f 11964 11900 11977
f 11870 11887 11930
f 11930 11887 11942
f 11942 11887 11903
f 12336 12271 12323
f 12336 12323 12389
f 12336 12389 12380
f 12269 12271 12336
f 12269 12163 12271
f 12320 12315 12268
f 12320 12268 12311
f 12311 12268 12264
f 12241 12264 12195
f 12264 12200 12195
f 12268 12200 12264
f 12315 12287 12263
f 12315 12263 12268
f 12308 12298 12315
f 12298 12287 12315
f 12323 12356 12377
f 12389 12323 12377
f 12265 12298 12308
f 12302 12308 12356
f 12302 12265 12308
f 12323 12302 12356
f 12241 12195 12133
f 12140 12141 12093
f 12141 12099 12093
f 12141 12084 12099
f 12155 12141 12140
f 12141 12133 12107
f 12141 12107 12084
f 12133 12195 12070
f 12133 12070 12107
f 12125 12172 12154
f 12165 12172 12125
f 12154 12176 12151
f 12154 12151 12117
f 12154 12117 12069
f 12125 12154 12069
f 12176 12155 12158
f 12151 12176 12158
f 12158 12155 12148
f 12148 12155 12121
f 12121 12155 12140
f 12027 11958 11935
f 12027 11935 11940
f 11979 12027 11940
f 12031 12027 11979
f 12142 12149 12088
f 12149 12170 12088
f 12170 12131 12088
f 12088 12131 12073
f 11983 12088 12073
f 11958 12088 11983
f 11958 11983 11925
f 11958 11925 11881
f 11935 11958 11881
f 12183 12182 12170
f 12149 12183 12170
f 12131 12182 12165
f 12170 12182 12131
f 12131 12165 12073
f 12165 12125 12073
f 12103 12031 12030
f 11988 12031 11979
f 12030 12031 11988
f 12030 11988 11968
f 12050 12030 11986
f 11986 12030 11968
f 11946 11932 11915
f 11932 11911 11915
f 11915 11911 11904
f 11904 11888 11878
f 11904 11911 11922
f 11904 11922 11906
f 11906 11888 11904
f 11888 11857 11878
f 11878 11857 11846
f 11878 11846 11869
f 11869 11835 11870
f 11869 11846 11835
f 11986 11968 11946
f 11968 11932 11946
f 11870 11803 11832
f 11870 11832 11887
f 11835 11803 11870
f 11977 11894 11943
f 11900 11894 11977
f 11977 11943 11981
f 11981 11967 11995
f 11981 11943 11967
f 11995 11967 11992
f 11992 11971 11985
f 11992 11985 12014
f 11967 11971 11992
f 12014 11985 12004
f 12004 11982 12018
f 11982 11987 12018
f 12018 11987 12021
f 11985 11982 12004
f 12085 12036 12163
f 12085 11989 12036
f 12024 11989 12085
f 12036 12059 12163
f 12163 12184 12271
f 12163 12059 12184
f 12021 11978 12024
f 11987 11978 12021
f 11978 11989 12024
f 11903 11885 11928
f 11903 11832 11885
f 11887 11832 11903
f 11885 11900 11928
f 11900 11858 11894
f 11885 11866 11900
f 11866 11858 11900
f 12271 12261 12323
f 12271 12184 12261
f 12261 12302 12323
f 12268 12190 12200
f 12268 12202 12190
f 12268 12207 12202
f 12263 12207 12268
f 12195 12200 12052
f 12195 12052 12070
f 12200 12086 12052
f 12200 12190 12153
f 12200 12153 12086
f 12287 12224 12243
f 12287 12243 12263
f 12298 12234 12287
f 12234 12224 12287
f 12243 12207 12263
f 12265 12234 12298
f 12236 12234 12265
f 12233 12236 12265
f 12261 12233 12265
f 12261 12265 12302
f 12121 12140 12093
f 12121 12093 12066
f 12093 12099 12064
f 12066 12093 12064
f 12064 12099 12087
f 12099 12084 12087
f 12084 12044 12011
f 12084 12107 12044
f 12087 12084 12037
f 12084 12011 12037
f 12107 12070 12044
f 12070 12035 12044
f 12070 12052 12015
f 12070 12015 12035
f 12073 12125 12069
f 12117 12151 12143
f 12151 12158 12143
f 12117 12143 12104
f 12117 12104 12075
f 12069 12117 12075
f 12073 12069 11974
f 12069 12022 11974
f 12069 12075 12022
f 12158 12148 12143
f 12143 12148 12121
f 12143 12121 12104
f 12104 12121 12071
f 12121 12066 12071
f 11935 11881 11884
f 11940 11935 11884
f 11937 11940 11897
f 11940 11884 11897
f 11979 11940 11937
f 11988 11979 11944
f 11944 11979 11937
f 11983 12073 11974
f 11983 11974 11916
f 11925 11983 11916
f 11925 11916 11890
f 11881 11925 11890
f 11884 11881 11872
f 11881 11890 11872
f 11968 11988 11944
f 11968 11944 11932
f 11932 11944 11911
f 11944 11922 11911
f 11906 11897 11888
f 11897 11857 11888
f 11922 11937 11906
f 11944 11937 11922
f 11937 11897 11906
f 11857 11840 11846
f 11857 11852 11840
f 11897 11884 11857
f 11884 11872 11857
f 11857 11872 11852
f 11846 11827 11835
f 11846 11840 11827
f 11835 11827 11806
f 11806 11803 11835
f 11803 11768 11785
f 11803 11785 11832
f 11806 11773 11803
f 11803 11773 11768
f 11832 11819 11885
f 11832 11785 11819
f 11894 11847 11917
f 11943 11894 11917
f 11858 11836 11894
f 11894 11836 11847
f 11943 11917 11947
f 11943 11947 11967
f 11967 11947 11971
f 11947 11949 11971
f 11971 11949 11985
f 11949 11982 11985
f 11982 11963 11987
f 11949 11963 11982
f 11963 11978 11987
f 12036 11956 12059
f 12036 11969 11956
f 11989 11969 12036
f 11951 11969 11989
f 11978 11951 11989
f 11956 11972 12059
f 12059 12072 12184
f 12059 11972 12072
f 12184 12233 12261
f 12184 12236 12233
f 12184 12072 12236
f 11963 11941 11978
f 11941 11934 11978
f 11978 11934 11951
f 11819 11866 11885
f 11858 11825 11836
f 11866 11825 11858
f 11819 11825 11866
f 12202 12135 12190
f 12190 12135 12153
f 12202 12077 12135
f 12202 12076 12077
f 12207 12150 12202
f 12150 12076 12202
f 12214 12150 12207
f 12243 12214 12207
f 12052 11999 12015
f 12052 12086 11999
f 12086 12090 12010
f 12086 12153 12090
f 12086 12010 11999
f 12153 12135 12090
f 12095 12089 12224
f 12224 12089 12162
f 12224 12162 12214
f 12224 12214 12243
f 12234 12095 12224
f 12236 12095 12234
f 12236 12072 12095
f 12043 12066 12003
f 12066 12064 12003
f 12071 12066 12043
f 12003 12064 11998
f 12044 11955 11993
f 12011 12044 11993
f 12035 11948 12044
f 12044 11948 11955
f 12037 12011 11991
f 11991 12011 11984
f 12011 11993 11984
f 12037 11991 11997
f 12037 11997 12025
f 12035 12015 11948
f 12015 11975 11948
f 12015 11999 11975
f 12075 12104 12071
f 12075 12071 12022
f 11974 11959 11898
f 11916 11974 11898
f 11974 12022 11959
f 12022 12071 12043
f 12022 12043 11959
f 11916 11898 11868
f 11916 11868 11864
f 11877 11916 11864
f 11890 11916 11877
f 11872 11890 11865
f 11890 11877 11865
f 11872 11865 11852
f 11852 11844 11840
f 11840 11844 11828
f 11840 11828 11827
f 11852 11865 11844
f 11828 11810 11827
f 11827 11810 11806
f 11806 11796 11773
f 11810 11796 11806
f 11768 11751 11765
f 11768 11765 11785
f 11773 11753 11768
f 11768 11753 11751
f 11785 11791 11819
f 11785 11765 11791
f 11796 11770 11773
f 11770 11759 11773
f 11773 11759 11749
f 11773 11749 11753
f 11819 11791 11825
f 11847 11808 11849
f 11847 11849 11889
f 11847 11889 11917
f 11836 11807 11847
f 11807 11808 11847
f 11947 11917 11949
f 11917 11918 11949
f 11917 11889 11918
f 11825 11807 11836
f 11918 11931 11949
f 11949 11931 11963
f 11931 11941 11963
f 11883 11910 11956
f 11912 11883 11956
f 11956 11910 11972
f 11969 11912 11956
f 11929 11912 11969
f 11951 11929 11969
f 11934 11923 11951
f 11923 11929 11951
f 11972 11871 11970
f 11972 11970 12072
f 11910 11871 11972
f 12072 11970 12095
f 11941 11913 11934
f 11931 11913 11941
f 11913 11923 11934
f 11825 11791 11807
f 12135 12083 12090
f 12135 12097 12083
f 12135 12077 12097
f 12076 12040 12077
f 12040 12001 12077
f 12077 12001 12041
f 12077 12041 12097
f 12080 12002 12076
f 12150 12080 12076
f 12076 12002 12040
f 12134 12080 12150
f 12214 12134 12150
f 12162 12134 12214
f 11999 11919 11975
f 11999 12010 11919
f 12090 12033 12010
f 12090 12083 12033
f 12010 11886 11919
f 12033 11886 12010
f 12095 11848 11953
f 12095 11953 12089
f 11970 11848 12095
f 12089 12016 12100
f 12089 12100 12162
f 12089 11953 12016
f 12162 12100 12134
f 12043 12003 11959
f 12003 11998 11939
f 11959 12003 11939
f 11998 12025 11997
f 11998 11997 11965
f 11998 11965 11939
f 11955 11948 11920
f 11955 11920 11914
f 11933 11955 11914
f 11993 11955 11957
f 11957 11955 11933
f 11984 11993 11957
f 11948 11902 11920
f 11948 11975 11926
f 11948 11926 11902
f 11997 11991 11965
f 11991 11984 11952
f 11991 11952 11965
f 11984 11957 11952
f 11975 11919 11926
f 11959 11939 11873
f 11959 11873 11898
f 11898 11817 11850
f 11898 11813 11817
f 11898 11873 11813
f 11868 11898 11850
f 11864 11868 11834
f 11834 11868 11816
f 11868 11821 11816
f 11868 11850 11821
f 11860 11864 11837
f 11837 11864 11834
f 11877 11864 11860
f 11865 11877 11860
f 11865 11860 11844
f 11844 11860 11837
f 11844 11837 11828
f 11828 11815 11810
f 11837 11815 11828
f 11815 11796 11810
f 11815 11811 11796
f 11811 11795 11796
f 11795 11770 11796
f 11751 11732 11745
f 11765 11751 11745
f 11753 11733 11751
f 11751 11733 11732
f 11765 11745 11758
f 11765 11758 11776
f 11765 11776 11791
f 11753 11749 11733
f 11791 11776 11807
f 11795 11797 11770
f 11770 11797 11788
f 11770 11788 11780
f 11780 11769 11770
f 11770 11769 11759
f 11769 11766 11759
f 11759 11766 11747
f 11759 11747 11749
f 11749 11725 11733
f 11749 11747 11725
f 11808 11790 11818
f 11808 11818 11849
f 11807 11782 11808
f 11782 11790 11808
f 11849 11845 11895
f 11889 11849 11895
f 11849 11818 11845
f 11918 11889 11895
f 11807 11776 11782
f 11918 11895 11931
f 11931 11895 11913
f 11883 11820 11841
f 11883 11841 11910
f 11856 11820 11883
f 11912 11856 11883
f 11841 11871 11910
f 11875 11856 11912
f 11899 11875 11912
f 11929 11899 11912
f 11923 11899 11929
f 11913 11892 11923
f 11923 11892 11899
f 11871 11793 11775
f 11871 11775 11822
f 11871 11822 11970
f 11841 11793 11871
f 11970 11822 11848
f 11895 11879 11913
f 11913 11879 11892
f 12097 12039 12083
f 12083 12039 12033
f 12097 12041 12039
f 12040 12002 12001
f 12001 11980 12041
f 12002 11962 12001
f 12001 11962 11938
f 12001 11938 11980
f 12041 11921 12039
f 12041 11980 11927
f 12041 11927 11921
f 12080 12016 12002
f 12100 12080 12134
f 12100 12016 12080
f 11924 11945 12002
f 12016 11924 12002
f 12002 11945 11962
f 11926 11919 11876
f 11919 11886 11876
f 12033 12039 11880
f 12033 11880 11886
f 11886 11880 11787
f 11886 11787 11824
f 11876 11886 11824
f 11705 11724 11848
f 11822 11705 11848
f 11848 11724 11843
f 11848 11843 11953
f 11953 11924 12016
f 11843 11924 11953
f 11939 11965 11901
f 11939 11901 11873
f 11965 11952 11901
f 11920 11902 11905
f 11914 11920 11893
f 11893 11920 11905
f 11933 11914 11891
f 11891 11914 11893
f 11901 11933 11891
f 11952 11933 11901
f 11952 11957 11933
f 11905 11902 11874
f 11902 11854 11874
f 11926 11876 11902
f 11902 11876 11854
f 11813 11873 11792
f 11873 11830 11792
f 11873 11901 11830
f 11850 11817 11821
f 11821 11817 11788
f 11788 11817 11789
f 11817 11813 11786
f 11817 11786 11789
f 11786 11813 11760
f 11813 11792 11760
f 11837 11834 11815
f 11834 11816 11811
f 11815 11834 11811
f 11811 11816 11795
f 11816 11797 11795
f 11816 11821 11797
f 11821 11788 11797
f 11732 11721 11745
f 11732 11733 11718
f 11732 11718 11721
f 11745 11721 11742
f 11745 11742 11758
f 11733 11725 11716
f 11733 11716 11718
f 11776 11758 11782
f 11758 11764 11782
f 11758 11742 11764
f 11788 11789 11780
f 11780 11789 11769
f 11789 11786 11769
f 11769 11786 11766
f 11766 11760 11747
f 11786 11760 11766
f 11760 11739 11747
f 11739 11725 11747
f 11729 11725 11739
f 11725 11711 11716
f 11790 11767 11801
f 11790 11801 11818
f 11782 11764 11790
f 11764 11767 11790
f 11818 11801 11845
f 11895 11845 11879
f 11879 11845 11859
f 11845 11801 11829
f 11845 11829 11859
f 11820 11771 11783
f 11820 11783 11841
f 11809 11771 11820
f 11856 11809 11820
f 11841 11783 11793
f 11839 11809 11856
f 11875 11839 11856
f 11899 11867 11875
f 11867 11839 11875
f 11892 11867 11899
f 11892 11859 11867
f 11879 11859 11892
f 11793 11744 11775
f 11793 11728 11744
f 11783 11728 11793
f 11744 11712 11775
f 11775 11705 11822
f 11775 11712 11705
f 12039 11921 11896
f 12039 11896 11855
f 12039 11855 11880
f 11980 11938 11927
f 11962 11907 11938
f 11945 11907 11962
f 11938 11882 11927
f 11938 11907 11882
f 11921 11861 11896
f 11927 11861 11921
f 11927 11882 11862
f 11927 11862 11861
f 11924 11812 11907
f 11924 11907 11945
f 11843 11812 11924
f 11876 11824 11826
f 11854 11876 11826
f 11880 11855 11787
f 11855 11700 11787
f 11824 11787 11723
f 11787 11700 11723
f 11781 11824 11723
f 11826 11824 11781
f 11705 11596 11652
f 11705 11652 11724
f 11712 11656 11705
f 11656 11596 11705
f 11724 11695 11754
f 11724 11754 11812
f 11843 11724 11812
f 11724 11652 11695
f 11901 11891 11838
f 11830 11901 11838
f 11893 11905 11863
f 11905 11874 11863
f 11891 11893 11851
f 11893 11863 11851
f 11838 11891 11851
f 11863 11874 11842
f 11842 11874 11853
f 11874 11854 11853
f 11854 11826 11823
f 11853 11854 11823
f 11760 11792 11748
f 11792 11830 11779
f 11792 11779 11746
f 11792 11746 11748
f 11830 11838 11779
f 11760 11748 11739
f 11721 11736 11742
f 11718 11696 11721
f 11721 11696 11706
f 11721 11706 11736
f 11718 11716 11698
f 11718 11698 11696
f 11742 11736 11764
f 11716 11711 11699
f 11716 11699 11698
f 11736 11767 11764
f 11739 11748 11729
f 11717 11697 11711
f 11711 11697 11690
f 11699 11711 11690
f 11767 11735 11763
f 11767 11763 11801
f 11736 11735 11767
f 11801 11763 11798
f 11801 11798 11829
f 11859 11831 11867
f 11859 11829 11831
f 11829 11798 11831
f 11771 11726 11743
f 11771 11743 11783
f 11738 11726 11771
f 11778 11771 11809
f 11778 11738 11771
f 11743 11728 11783
f 11805 11778 11809
f 11839 11805 11809
f 11867 11831 11839
f 11831 11805 11839
f 11744 11707 11712
f 11728 11707 11744
f 11685 11678 11728
f 11710 11685 11728
f 11710 11728 11743
f 11728 11678 11707
f 11664 11656 11712
f 11707 11664 11712
f 11896 11861 11756
f 11896 11756 11750
f 11855 11896 11750
f 11855 11750 11700
f 11812 11802 11907
f 11907 11802 11833
f 11907 11833 11882
f 11882 11804 11862
f 11882 11833 11804
f 11861 11784 11756
f 11862 11804 11861
f 11861 11804 11784
f 11812 11754 11802
f 11826 11781 11800
f 11823 11826 11800
f 11750 11609 11700
f 11700 11648 11669
f 11700 11669 11691
f 11700 11691 11709
f 11700 11709 11723
f 11700 11609 11648
f 11723 11709 11715
f 11737 11723 11715
f 11752 11723 11737
f 11781 11723 11752
f 11800 11781 11774
f 11619 11564 11596
f 11619 11596 11656
f 11538 11504 11596
f 11596 11504 11532
f 11596 11532 11599
f 11596 11599 11652
f 11564 11538 11596
f 11695 11652 11598
f 11598 11652 11599
f 11664 11619 11656
f 11598 11646 11695
f 11695 11646 11677
f 11695 11677 11741
f 11695 11741 11754
f 11754 11741 11802
f 11838 11851 11799
f 11838 11799 11779
f 11851 11863 11842
f 11851 11842 11799
f 11842 11853 11814
f 11842 11814 11799
f 11853 11823 11814
f 11823 11800 11794
f 11814 11823 11794
f 11746 11779 11731
f 11779 11740 11731
f 11779 11799 11740
f 11746 11731 11717
f 11706 11701 11736
f 11736 11701 11735
f 11696 11672 11706
f 11696 11675 11672
f 11698 11675 11696
f 11706 11672 11701
f 11699 11688 11698
f 11698 11688 11675
f 11699 11690 11688
f 11717 11731 11703
f 11717 11703 11697
f 11697 11703 11679
f 11690 11697 11679
f 11690 11679 11673
f 11688 11690 11673
f 11735 11720 11763
f 11701 11720 11735
f 11798 11763 11755
f 11720 11755 11763
f 11831 11798 11805
f 11798 11755 11805
f 11743 11726 11710
f 11687 11710 11726
f 11738 11708 11726
f 11708 11687 11726
f 11693 11708 11738
f 11722 11693 11738
f 11762 11722 11738
f 11762 11738 11778
f 11805 11762 11778
f 11755 11762 11805
f 11678 11664 11707
f 11685 11640 11678
f 11710 11655 11685
f 11685 11655 11640
f 11640 11627 11678
f 11678 11627 11664
f 11687 11655 11710
f 11627 11619 11664
f 11756 11784 11686
f 11756 11686 11682
f 11756 11682 11750
f 11750 11682 11609
f 11802 11741 11777
f 11833 11802 11777
f 11833 11777 11804
f 11777 11730 11804
f 11804 11730 11784
f 11784 11630 11686
f 11784 11592 11630
f 11784 11730 11683
f 11784 11683 11592
f 11800 11774 11772
f 11794 11800 11772
f 11608 11579 11609
f 11682 11608 11609
f 11648 11609 11594
f 11609 11579 11594
f 11648 11594 11610
f 11648 11610 11639
f 11669 11648 11639
f 11669 11639 11662
f 11691 11669 11674
f 11674 11669 11662
f 11715 11709 11691
f 11692 11691 11674
f 11715 11691 11692
f 11714 11737 11715
f 11714 11715 11692
f 11734 11737 11714
f 11593 11564 11619
f 11627 11593 11619
f 11537 11495 11564
f 11593 11537 11564
f 11495 11538 11564
f 11495 11478 11538
f 11538 11478 11504
f 11504 11428 11532
f 11437 11428 11504
f 11478 11437 11504
f 11532 11428 11501
f 11599 11532 11501
f 11599 11501 11598
f 11501 11508 11598
f 11508 11531 11598
f 11598 11531 11581
f 11598 11581 11646
f 11646 11620 11677
f 11646 11581 11620
f 11677 11620 11681
f 11741 11677 11681
f 11741 11681 11777
f 11799 11814 11794
f 11799 11794 11761
f 11740 11799 11761
f 11761 11794 11757
f 11794 11772 11757
f 11731 11740 11713
f 11731 11713 11703
f 11740 11761 11727
f 11740 11727 11704
f 11713 11740 11704
f 11701 11672 11666
f 11666 11684 11701
f 11701 11684 11720
f 11675 11647 11672
f 11647 11636 11672
f 11672 11636 11666
f 11688 11673 11675
f 11675 11673 11645
f 11645 11647 11675
f 11703 11713 11680
f 11703 11680 11679
f 11679 11680 11657
f 11679 11657 11665
f 11665 11661 11679
f 11673 11679 11661
f 11673 11661 11645
f 11720 11684 11702
f 11720 11702 11755
f 11755 11702 11722
f 11755 11722 11762
f 11633 11655 11687
f 11671 11633 11687
f 11671 11687 11708
f 11693 11671 11708
f 11676 11653 11693
f 11653 11644 11693
f 11676 11693 11722
f 11693 11644 11671
f 11702 11676 11722
f 11640 11606 11593
f 11640 11593 11627
f 11655 11606 11640
f 11633 11612 11655
f 11612 11606 11655
f 11686 11630 11608
f 11686 11608 11682
f 11777 11681 11659
f 11777 11659 11730
f 11730 11643 11683
f 11730 11659 11643
f 11630 11592 11490
f 11630 11527 11608
f 11630 11490 11527
f 11592 11484 11490
f 11592 11572 11484
f 11683 11572 11592
f 11683 11643 11572
f 11608 11527 11529
f 11608 11529 11579
f 11594 11579 11553
f 11579 11529 11553
f 11610 11594 11575
f 11594 11553 11575
f 11639 11610 11621
f 11621 11610 11607
f 11607 11610 11602
f 11610 11575 11602
f 11628 11639 11621
f 11662 11639 11628
f 11674 11662 11660
f 11660 11662 11650
f 11650 11662 11641
f 11662 11628 11641
f 11692 11674 11668
f 11668 11674 11660
f 11714 11692 11667
f 11667 11692 11668
f 11719 11734 11714
f 11663 11714 11667
f 11689 11714 11663
f 11719 11714 11689
f 11757 11734 11719
f 11606 11558 11593
f 11558 11537 11593
f 11482 11495 11537
f 11558 11482 11537
f 11482 11426 11495
f 11495 11446 11478
f 11426 11446 11495
f 11446 11437 11478
f 11428 11348 11342
f 11428 11342 11501
f 11386 11348 11428
f 11437 11386 11428
f 11409 11386 11437
f 11446 11409 11437
f 11342 11418 11501
f 11501 11418 11508
f 11508 11468 11531
f 11508 11418 11468
f 11531 11473 11536
f 11531 11468 11473
f 11531 11536 11581
f 11581 11556 11620
f 11581 11536 11556
f 11620 11556 11565
f 11565 11638 11620
f 11620 11638 11681
f 11681 11638 11659
f 11761 11757 11727
f 11727 11757 11719
f 11713 11704 11680
f 11704 11727 11694
f 11727 11719 11694
f 11680 11704 11670
f 11704 11694 11670
f 11636 11654 11666
f 11666 11654 11684
f 11684 11654 11702
f 11645 11614 11647
f 11647 11614 11636
f 11597 11615 11636
f 11636 11614 11597
f 11636 11615 11654
f 11645 11617 11614
f 11645 11632 11617
f 11661 11632 11645
f 11680 11642 11657
f 11680 11670 11642
f 11657 11634 11651
f 11657 11642 11634
f 11665 11657 11651
f 11665 11651 11661
f 11661 11651 11632
f 11702 11654 11676
f 11633 11584 11580
f 11633 11580 11612
f 11631 11633 11671
f 11631 11584 11633
f 11644 11631 11671
f 11654 11626 11676
f 11676 11626 11653
f 11653 11611 11644
f 11626 11611 11653
f 11611 11601 11644
f 11644 11601 11631
f 11612 11576 11606
f 11576 11558 11606
f 11612 11562 11576
f 11580 11562 11612
f 11638 11547 11659
f 11659 11547 11643
f 11643 11514 11572
f 11643 11474 11514
f 11547 11453 11643
f 11643 11453 11474
f 11490 11417 11463
f 11527 11490 11463
f 11484 11417 11490
f 11527 11463 11529
f 11572 11445 11484
f 11484 11445 11417
f 11572 11514 11445
f 11553 11529 11498
f 11529 11463 11498
f 11575 11553 11544
f 11553 11498 11517
f 11553 11517 11544
f 11602 11575 11577
f 11577 11575 11550
f 11575 11544 11550
f 11628 11621 11616
f 11616 11621 11607
f 11616 11607 11589
f 11589 11607 11591
f 11607 11602 11591
f 11602 11577 11586
f 11591 11602 11586
f 11641 11628 11622
f 11622 11628 11616
f 11668 11660 11649
f 11649 11660 11650
f 11649 11650 11613
f 11613 11650 11625
f 11650 11641 11625
f 11625 11641 11622
f 11667 11668 11649
f 11663 11667 11629
f 11667 11649 11629
f 11694 11719 11689
f 11658 11689 11663
f 11658 11663 11635
f 11635 11663 11629
f 11694 11689 11658
f 11528 11482 11558
f 11576 11528 11558
f 11482 11405 11426
f 11464 11405 11482
f 11464 11482 11528
f 11405 11370 11426
f 11426 11409 11446
f 11426 11370 11409
f 11348 11274 11342
f 11317 11274 11348
f 11317 11348 11386
f 11274 11203 11342
f 11342 11234 11320
f 11342 11320 11418
f 11342 11203 11234
f 11370 11317 11386
f 11370 11386 11409
f 11418 11320 11394
f 11418 11394 11468
f 11468 11420 11473
f 11468 11365 11420
f 11394 11365 11468
f 11473 11440 11536
f 11420 11440 11473
f 11536 11440 11505
f 11536 11505 11565
f 11556 11536 11565
f 11565 11505 11547
f 11565 11547 11638
f 11670 11694 11658
f 11642 11670 11637
f 11670 11658 11637
f 11654 11615 11626
f 11614 11569 11597
f 11614 11585 11569
f 11617 11585 11614
f 11597 11566 11582
f 11597 11582 11615
f 11597 11569 11566
f 11615 11582 11626
f 11632 11600 11617
f 11617 11600 11585
f 11634 11632 11651
f 11634 11624 11632
f 11632 11624 11600
f 11618 11624 11642
f 11642 11637 11618
f 11634 11642 11624
f 11584 11541 11580
f 11631 11601 11584
f 11601 11560 11584
f 11560 11533 11584
f 11584 11533 11541
f 11541 11530 11580
f 11580 11530 11562
f 11626 11582 11611
f 11582 11545 11611
f 11611 11545 11601
f 11545 11560 11601
f 11562 11528 11576
f 11509 11528 11562
f 11530 11509 11562
f 11547 11505 11453
f 11514 11474 11435
f 11514 11435 11445
f 11474 11387 11435
f 11474 11453 11387
f 11349 11387 11453
f 11453 11389 11349
f 11505 11440 11453
f 11440 11389 11453
f 11463 11417 11416
f 11445 11375 11417
f 11417 11375 11368
f 11417 11368 11416
f 11498 11463 11450
f 11463 11416 11450
f 11445 11413 11375
f 11445 11435 11413
f 11517 11498 11483
f 11498 11450 11483
f 11550 11544 11548
f 11544 11520 11548
f 11544 11517 11520
f 11517 11483 11520
f 11586 11577 11578
f 11578 11577 11574
f 11577 11550 11574
f 11559 11550 11548
f 11574 11550 11559
f 11595 11616 11589
f 11622 11616 11595
f 11595 11589 11567
f 11589 11591 11570
f 11552 11589 11570
f 11567 11589 11552
f 11591 11586 11570
f 11570 11586 11578
f 11625 11622 11590
f 11590 11622 11595
f 11629 11649 11613
f 11629 11613 11588
f 11613 11625 11590
f 11613 11590 11568
f 11588 11613 11568
f 11635 11629 11605
f 11605 11629 11588
f 11637 11658 11623
f 11623 11658 11635
f 11623 11635 11605
f 11509 11464 11528
f 11407 11355 11405
f 11355 11340 11405
f 11405 11340 11370
f 11464 11407 11405
f 11465 11407 11464
f 11509 11465 11464
f 11370 11311 11317
f 11340 11311 11370
f 11264 11192 11274
f 11192 11203 11274
f 11264 11274 11317
f 11311 11264 11317
f 11019 10950 11203
f 11203 10950 11234
f 11192 11019 11203
f 10950 10880 11234
f 11234 10880 11143
f 11234 11143 11256
f 11320 11234 11256
f 11320 11256 11279
f 11320 11279 11365
f 11394 11320 11365
f 11420 11365 11383
f 11420 11383 11440
f 11365 11279 11318
f 11365 11318 11383
f 11383 11363 11440
f 11440 11363 11389
f 11637 11623 11603
f 11618 11637 11603
f 11585 11554 11569
f 11554 11523 11569
f 11569 11523 11534
f 11569 11534 11566
f 11600 11563 11585
f 11563 11554 11585
f 11566 11534 11542
f 11566 11542 11582
f 11582 11542 11545
f 11600 11587 11563
f 11604 11600 11624
f 11604 11587 11600
f 11618 11604 11624
f 11618 11603 11587
f 11618 11587 11604
f 11541 11481 11499
f 11541 11499 11530
f 11533 11481 11541
f 11560 11502 11533
f 11545 11502 11560
f 11502 11481 11533
f 11530 11465 11509
f 11499 11465 11530
f 11545 11506 11502
f 11542 11506 11545
f 11435 11387 11373
f 11435 11373 11413
f 11387 11344 11305
f 11387 11305 11304
f 11349 11344 11387
f 11387 11304 11373
f 11389 11336 11349
f 11349 11336 11289
f 11289 11253 11349
f 11349 11253 11344
f 11363 11336 11389
f 11401 11430 11416
f 11416 11368 11401
f 11450 11416 11430
f 11413 11373 11375
f 11373 11324 11375
f 11375 11324 11319
f 11368 11375 11319
f 11368 11316 11401
f 11368 11319 11316
f 11483 11450 11457
f 11457 11450 11430
f 11520 11483 11511
f 11470 11483 11457
f 11470 11491 11483
f 11511 11483 11491
f 11559 11548 11539
f 11548 11520 11524
f 11543 11548 11524
f 11539 11548 11543
f 11524 11520 11511
f 11578 11574 11570
f 11570 11574 11551
f 11551 11574 11559
f 11551 11559 11539
f 11590 11595 11567
f 11549 11567 11522
f 11567 11552 11522
f 11590 11567 11549
f 11552 11570 11535
f 11535 11570 11551
f 11522 11552 11507
f 11507 11552 11535
f 11568 11590 11549
f 11605 11588 11573
f 11573 11588 11555
f 11588 11568 11555
f 11555 11568 11526
f 11568 11549 11526
f 11623 11605 11583
f 11583 11605 11573
f 11603 11623 11583
f 11399 11407 11465
f 11354 11355 11407
f 11399 11354 11407
f 11354 11308 11355
f 11355 11306 11340
f 11308 11306 11355
f 11306 11280 11340
f 11340 11280 11311
f 11448 11399 11465
f 11499 11448 11465
f 11280 11264 11311
f 11217 11192 11264
f 11242 11217 11264
f 11242 11264 11280
f 11217 11089 11192
f 10995 11019 11192
f 11089 10995 11192
f 10995 10832 11019
f 10832 10950 11019
f 10950 10707 10880
f 10832 10707 10950
f 10707 10652 10880
f 10652 10694 10880
f 10880 10694 10984
f 10880 10984 11143
f 11143 10984 11193
f 11143 11193 11256
f 11256 11193 11279
f 11279 11241 11318
f 11193 11241 11279
f 11383 11318 11363
f 11363 11318 11291
f 11318 11241 11291
f 11363 11291 11336
f 11603 11571 11587
f 11603 11583 11571
f 11554 11519 11523
f 11563 11519 11554
f 11519 11488 11523
f 11523 11488 11487
f 11523 11487 11534
f 11534 11487 11496
f 11534 11496 11542
f 11587 11561 11563
f 11561 11525 11563
f 11563 11525 11519
f 11496 11506 11542
f 11587 11571 11561
f 11481 11433 11406
f 11481 11406 11448
f 11481 11448 11499
f 11502 11433 11481
f 11502 11506 11459
f 11459 11433 11502
f 11496 11459 11506
f 11373 11304 11324
f 11344 11253 11305
f 11253 11043 11305
f 11305 11043 11092
f 11305 11092 11232
f 11305 11232 11304
f 11324 11304 11258
f 11304 11232 11258
f 11291 11276 11336
f 11336 11276 11289
f 11289 11276 11227
f 11289 11227 11253
f 11227 11146 11253
f 11253 11146 10846
f 11253 10846 11043
f 11401 11396 11421
f 11401 11421 11430
f 11401 11316 11332
f 11401 11332 11369
f 11401 11369 11396
f 11457 11430 11455
f 11455 11430 11421
f 11324 11258 11319
f 11319 11258 11316
f 11316 11258 11249
f 11316 11249 11273
f 11316 11273 11286
f 11316 11286 11332
f 11470 11457 11455
f 11524 11511 11512
f 11512 11511 11494
f 11511 11491 11494
f 11494 11491 11470
f 11494 11470 11471
f 11471 11470 11452
f 11470 11455 11452
f 11516 11539 11510
f 11539 11543 11510
f 11551 11539 11516
f 11515 11524 11512
f 11543 11524 11515
f 11510 11543 11515
f 11535 11551 11516
f 11526 11549 11513
f 11549 11522 11513
f 11513 11522 11486
f 11522 11507 11475
f 11486 11522 11475
f 11535 11516 11492
f 11507 11535 11492
f 11475 11507 11454
f 11507 11492 11454
f 11583 11573 11557
f 11546 11573 11555
f 11557 11573 11546
f 11521 11555 11526
f 11546 11555 11521
f 11526 11513 11489
f 11489 11493 11526
f 11521 11526 11493
f 11571 11583 11557
f 11364 11399 11393
f 11393 11399 11448
f 11399 11335 11354
f 11364 11335 11399
f 11354 11335 11282
f 11354 11282 11308
f 11308 11250 11306
f 11308 11282 11250
f 11250 11280 11306
f 11250 11242 11280
f 11406 11393 11448
f 11173 11089 11217
f 11231 11217 11242
f 11231 11173 11217
f 11250 11231 11242
f 11173 11085 11089
f 11089 10883 10995
f 10883 10832 10995
f 10883 10740 10832
f 10632 10707 10832
f 10740 10632 10832
f 10632 10652 10707
f 10632 10527 10652
f 10652 10540 10694
f 10527 10540 10652
f 10694 10690 10984
f 10540 10609 10694
f 10694 10609 10690
f 10984 10690 10860
f 10984 10860 11006
f 10984 11006 11193
f 11291 11241 11223
f 11291 11223 11276
f 11571 11540 11561
f 11557 11540 11571
f 11525 11477 11519
f 11519 11477 11488
f 11488 11434 11487
f 11488 11477 11434
f 11487 11444 11496
f 11487 11434 11444
f 11496 11444 11459
f 11561 11540 11525
f 11540 11503 11525
f 11525 11503 11477
f 11433 11377 11406
f 11403 11433 11459
f 11403 11377 11433
f 11323 11271 11406
f 11377 11323 11406
f 11406 11271 11393
f 11444 11403 11459
f 10846 10894 11043
f 11043 10894 11001
f 11043 11001 11092
f 11092 11139 11232
f 11092 11001 11139
f 11232 11201 11258
f 11232 11139 11201
f 11258 11214 11249
f 11258 11201 11218
f 11258 11218 11214
f 11227 11276 11223
f 11223 11045 11227
f 11227 11045 11112
f 11227 11112 11146
f 11146 10939 10846
f 11146 11112 10939
f 10939 10788 10846
f 10846 10788 10799
f 10846 10799 10852
f 10846 10852 10894
f 11384 11396 11369
f 11455 11421 11438
f 11332 11278 11299
f 11346 11332 11299
f 11332 11286 11278
f 11369 11332 11346
f 11384 11369 11351
f 11369 11346 11351
f 11452 11455 11438
f 11249 11214 11222
f 11239 11249 11222
f 11273 11249 11239
f 11286 11273 11247
f 11273 11239 11247
f 11278 11286 11247
f 11497 11515 11512
f 11512 11494 11485
f 11497 11512 11485
f 11485 11494 11471
f 11485 11471 11469
f 11469 11471 11460
f 11471 11452 11460
f 11431 11460 11452
f 11492 11516 11479
f 11516 11510 11479
f 11479 11510 11472
f 11510 11515 11497
f 11510 11497 11472
f 11489 11513 11486
f 11489 11486 11458
f 11456 11458 11486
f 11456 11486 11475
f 11456 11475 11449
f 11475 11454 11449
f 11454 11492 11451
f 11492 11479 11451
f 11424 11454 11451
f 11432 11454 11424
f 11432 11449 11454
f 11518 11540 11557
f 11557 11546 11518
f 11518 11546 11521
f 11518 11521 11500
f 11521 11493 11500
f 11461 11493 11489
f 11461 11489 11458
f 11500 11493 11480
f 11461 11462 11493
f 11493 11462 11480
f 11393 11329 11364
f 11364 11303 11335
f 11329 11303 11364
f 11271 11329 11393
f 11303 11270 11335
f 11270 11282 11335
f 11282 11216 11250
f 11270 11216 11282
f 11216 11155 11250
f 11155 11173 11250
f 11250 11173 11231
f 11155 11085 11173
f 10847 10766 10883
f 10766 10740 10883
f 10637 10632 10740
f 10637 10740 10766
f 10637 10555 10632
f 10555 10517 10632
f 10517 10527 10632
f 10439 10413 10527
f 10527 10413 10540
f 10517 10439 10527
f 10413 10414 10540
f 10540 10414 10609
f 10690 10739 10860
f 10609 10545 10690
f 10690 10545 10625
f 10690 10625 10739
f 10414 10426 10609
f 10609 10426 10545
f 10860 10739 10868
f 10860 10868 11006
f 11045 11119 11006
f 11006 10868 11045
f 11223 11119 11045
f 11518 11503 11540
f 11477 11414 11434
f 11466 11439 11477
f 11466 11477 11503
f 11477 11439 11414
f 11414 11372 11434
f 11434 11372 11390
f 11434 11390 11444
f 11444 11390 11403
f 11466 11503 11476
f 11518 11476 11503
f 11403 11347 11377
f 11347 11323 11377
f 11403 11390 11347
f 11323 11275 11265
f 11323 11265 11271
f 11347 11275 11323
f 11271 11221 11236
f 11271 11236 11272
f 11271 11272 11329
f 11265 11221 11271
f 11001 10894 10905
f 10905 10894 10858
f 10858 10894 10852
f 11139 11001 11028
f 11001 10905 10951
f 11001 10951 10972
f 11001 10972 10996
f 11001 10996 11028
f 11097 11139 11028
f 11152 11139 11097
f 11201 11139 11152
f 11201 11168 11218
f 11201 11152 11168
f 11183 11214 11180
f 11214 11194 11180
f 11214 11218 11194
f 11222 11214 11183
f 11194 11218 11168
f 11045 10868 10884
f 11045 10884 10940
f 11112 11045 10940
f 11112 10940 10927
f 11112 10927 10939
f 10927 10830 10939
f 10939 10830 10788
f 10830 10751 10788
f 10751 10712 10788
f 10788 10712 10717
f 10788 10717 10731
f 10788 10731 10770
f 10788 10770 10799
f 10817 10799 10772
f 10772 10799 10746
f 10746 10799 10770
f 10817 10852 10799
f 10858 10852 10817
f 11392 11384 11382
f 11382 11384 11351
f 11278 11240 11269
f 11278 11269 11299
f 11247 11240 11278
f 11299 11269 11301
f 11327 11299 11301
f 11346 11299 11327
f 11351 11346 11327
f 11351 11327 11338
f 11352 11351 11338
f 11382 11351 11352
f 11239 11222 11207
f 11207 11222 11190
f 11190 11222 11183
f 11247 11239 11211
f 11211 11239 11207
f 11247 11211 11204
f 11247 11204 11240
f 11472 11497 11467
f 11467 11497 11485
f 11467 11485 11469
f 11467 11469 11443
f 11469 11460 11429
f 11443 11469 11429
f 11429 11460 11431
f 11451 11479 11447
f 11479 11472 11447
f 11447 11472 11436
f 11472 11467 11436
f 11442 11458 11423
f 11456 11423 11458
f 11461 11458 11442
f 11427 11456 11449
f 11427 11423 11456
f 11427 11449 11432
f 11451 11447 11422
f 11424 11451 11422
f 11411 11424 11402
f 11424 11422 11402
f 11432 11424 11411
f 11427 11432 11411
f 11518 11500 11476
f 11500 11480 11476
f 11461 11442 11462
f 11480 11462 11476
f 11462 11441 11476
f 11442 11441 11462
f 11329 11272 11303
f 11272 11246 11303
f 11303 11246 11270
f 11208 11216 11270
f 11246 11208 11270
f 11208 11093 11216
f 11216 11093 11023
f 11216 11023 11155
f 10801 10766 10847
f 10696 10766 10801
f 10696 10637 10766
f 10593 10544 10637
f 10544 10555 10637
f 10593 10637 10696
f 10555 10505 10517
f 10544 10505 10555
f 10505 10444 10517
f 10444 10439 10517
f 10444 10386 10439
f 10386 10413 10439
f 10329 10288 10413
f 10413 10288 10414
f 10386 10329 10413
f 10288 10322 10414
f 10414 10322 10426
f 10868 10739 10785
f 10785 10739 10729
f 10739 10625 10657
f 10739 10657 10729
f 10625 10545 10542
f 10542 10545 10452
f 10545 10426 10452
f 10542 10594 10625
f 10625 10594 10657
f 10322 10362 10426
f 10426 10362 10452
f 10884 10868 10785
f 11439 11404 11414
f 11404 11371 11414
f 11414 11371 11372
f 11466 11441 11439
f 11476 11441 11466
f 11441 11404 11439
f 11390 11372 11337
f 11372 11371 11314
f 11372 11314 11337
f 11390 11337 11347
f 11337 11275 11347
f 11275 11209 11196
f 11275 11196 11265
f 11314 11275 11337
f 11314 11263 11275
f 11263 11209 11275
f 11196 11221 11265
f 11196 11134 11221
f 11221 11134 11167
f 11221 11167 11236
f 11236 11206 11272
f 11236 11167 11206
f 11272 11206 11246
f 10872 10905 10858
f 10916 10905 10872
f 10951 10905 10916
f 10834 10858 10817
f 10872 10858 10834
f 11097 11028 11039
f 11028 10982 10992
f 11028 10996 10982
f 11028 10992 11039
f 10923 10951 10916
f 10972 10951 10923
f 10982 10996 10972
f 10982 10972 10948
f 10948 10972 10923
f 11097 11039 11115
f 11097 11115 11152
f 11152 11115 11145
f 11152 11145 11168
f 11177 11194 11168
f 11177 11168 11148
f 11168 11145 11126
f 11148 11168 11126
f 11183 11180 11158
f 11160 11183 11158
f 11190 11183 11160
f 11180 11177 11154
f 11158 11180 11154
f 11180 11194 11177
f 10884 10823 10940
f 10884 10785 10823
f 10940 10823 10927
f 10927 10823 10830
f 10823 10699 10830
f 10699 10751 10830
f 10751 10662 10674
f 10751 10674 10712
f 10699 10662 10751
f 10693 10712 10677
f 10712 10674 10677
f 10717 10712 10693
f 10664 10717 10693
f 10731 10717 10664
f 10746 10770 10731
f 10746 10731 10689
f 10689 10731 10664
f 10834 10817 10760
f 10760 10817 10772
f 10760 10772 10726
f 10772 10746 10726
f 10726 10746 10689
f 11385 11392 11382
f 11385 11382 11343
f 11343 11382 11352
f 11269 11240 11235
f 11240 11204 11188
f 11240 11188 11235
f 11257 11301 11269
f 11257 11269 11235
f 11312 11301 11292
f 11292 11301 11257
f 11327 11301 11312
f 11338 11327 11312
f 11338 11312 11321
f 11331 11338 11321
f 11331 11352 11338
f 11343 11352 11331
f 11178 11207 11190
f 11178 11185 11207
f 11207 11185 11211
f 11178 11190 11160
f 11211 11157 11204
f 11211 11174 11157
f 11211 11185 11174
f 11188 11204 11157
f 11436 11467 11425
f 11467 11443 11425
f 11425 11443 11408
f 11443 11429 11408
f 11422 11447 11419
f 11447 11436 11419
f 11419 11436 11410
f 11436 11425 11415
f 11410 11436 11415
f 11423 11395 11442
f 11442 11395 11441
f 11427 11412 11423
f 11423 11412 11381
f 11423 11381 11366
f 11423 11366 11395
f 11411 11412 11427
f 11402 11422 11400
f 11400 11422 11419
f 11411 11381 11412
f 11397 11381 11411
f 11411 11402 11397
f 11402 11388 11397
f 11400 11388 11402
f 11441 11395 11404
f 11206 11166 11246
f 11166 11208 11246
f 11208 11103 11093
f 11166 11103 11208
f 11103 10961 11093
f 10762 10696 10801
f 10875 10762 10801
f 10641 10593 10696
f 10762 10641 10696
f 10558 10593 10641
f 10508 10544 10593
f 10558 10508 10593
f 10508 10465 10544
f 10465 10505 10544
f 10465 10444 10505
f 10465 10380 10444
f 10380 10386 10444
f 10380 10312 10386
f 10312 10329 10386
f 10312 10262 10329
f 10262 10274 10329
f 10329 10274 10288
f 10213 10288 10274
f 10213 10193 10288
f 10288 10193 10322
f 10193 10195 10322
f 10322 10195 10293
f 10322 10293 10362
f 10823 10785 10729
f 10823 10729 10706
f 10706 10729 10646
f 10646 10729 10657
f 10657 10594 10646
f 10452 10466 10542
f 10542 10466 10534
f 10542 10534 10594
f 10362 10354 10452
f 10452 10354 10396
f 10452 10396 10466
f 10594 10585 10646
f 10594 10534 10585
f 10298 10354 10362
f 10293 10298 10362
f 11359 11371 11404
f 11404 11395 11359
f 11359 11314 11371
f 11288 11263 11314
f 11359 11288 11314
f 11209 11153 11142
f 11209 11142 11196
f 11244 11209 11263
f 11244 11205 11209
f 11156 11153 11209
f 11205 11156 11209
f 11196 11124 11134
f 11142 11124 11196
f 11288 11244 11263
f 11124 11060 11134
f 11134 11021 11022
f 11134 11022 11167
f 11134 11060 11021
f 11167 11022 11049
f 11167 11049 11206
f 11206 11049 11166
f 10877 10916 10872
f 10877 10872 10826
f 10826 10872 10834
f 10923 10916 10877
f 10826 10834 10760
f 11020 11039 10994
f 10994 11039 10970
f 10970 11039 10992
f 11020 11080 11039
f 11080 11115 11039
f 10992 10982 10948
f 10970 10992 10948
f 10915 10948 10923
f 10915 10923 10885
f 10841 10923 10877
f 10885 10923 10841
f 10970 10948 10915
f 11102 11115 11080
f 11145 11115 11102
f 11126 11145 11095
f 11095 11145 11102
f 11141 11177 11148
f 11154 11177 11141
f 11141 11148 11118
f 11148 11126 11118
f 11126 11095 11073
f 11126 11073 11084
f 11118 11126 11084
f 11140 11160 11158
f 11140 11158 11137
f 11137 11158 11154
f 11147 11178 11160
f 11147 11160 11131
f 11131 11160 11140
f 11132 11154 11141
f 11137 11154 11132
f 10823 10706 10699
f 10706 10626 10699
f 10699 10626 10575
f 10575 10662 10699
f 10575 10598 10662
f 10662 10598 10674
f 10598 10579 10674
f 10674 10579 10601
f 10630 10674 10601
f 10677 10674 10630
f 10693 10677 10664
f 10664 10677 10630
f 10622 10664 10588
f 10664 10630 10588
f 10689 10664 10622
f 10726 10689 10658
f 10658 10689 10622
f 10760 10726 10658
f 10688 10760 10658
f 10774 10760 10688
f 10774 10826 10760
f 11361 11385 11343
f 11391 11385 11361
f 11328 11361 11343
f 11343 11331 11287
f 11343 11287 11283
f 11328 11343 11283
f 11213 11235 11122
f 11235 11120 11122
f 11235 11188 11120
f 11257 11235 11213
f 11188 11133 11120
f 11188 11157 11133
f 11292 11257 11277
f 11268 11277 11257
f 11257 11213 11254
f 11268 11257 11254
f 11292 11307 11312
f 11165 11178 11147
f 11165 11185 11178
f 11151 11185 11165
f 11174 11185 11151
f 11157 11174 11136
f 11157 11136 11111
f 11157 11111 11052
f 11157 11052 11047
f 11157 11047 11133
f 11136 11174 11151
f 11408 11379 11378
f 11400 11419 11410
f 11400 11410 11398
f 11410 11415 11398
f 11395 11366 11288
f 11359 11395 11288
f 11366 11381 11334
f 11333 11334 11381
f 11397 11367 11381
f 11367 11333 11381
f 11366 11334 11288
f 11380 11388 11400
f 11380 11400 11398
f 11388 11367 11397
f 11358 11367 11388
f 11358 11388 11380
f 11166 10974 11103
f 11049 10974 11166
f 11103 10974 10961
f 10974 10851 10961
f 10961 10851 10849
f 10750 10762 10849
f 10849 10762 10875
f 10750 10641 10762
f 10660 10558 10641
f 10660 10641 10750
f 10578 10497 10558
f 10578 10558 10660
f 10558 10456 10508
f 10497 10456 10558
f 10456 10451 10508
f 10508 10451 10465
f 10393 10380 10465
f 10465 10451 10393
f 10393 10343 10380
f 10318 10312 10380
f 10343 10318 10380
f 10318 10273 10312
f 10254 10262 10312
f 10273 10254 10312
f 10254 10217 10262
f 10217 10213 10262
f 10262 10213 10274
f 10217 10164 10213
f 10164 10118 10213
f 10118 10193 10213
f 10118 10100 10193
f 10193 10100 10195
f 10100 10097 10195
f 10195 10097 10196
f 10195 10196 10293
f 10293 10246 10298
f 10293 10196 10246
f 10646 10626 10706
f 10646 10585 10626
f 10466 10396 10447
f 10466 10447 10499
f 10499 10534 10466
f 10537 10585 10534
f 10537 10534 10499
f 10298 10289 10354
f 10351 10354 10289
f 10396 10354 10351
f 10430 10447 10396
f 10396 10351 10430
f 10626 10585 10537
f 10246 10249 10298
f 10298 10249 10289
f 11334 11281 11288
f 11281 11244 11288
f 11153 11125 11127
f 11153 11127 11142
f 11156 11125 11153
f 11142 11065 11124
f 11142 11094 11065
f 11127 11094 11142
f 11245 11244 11281
f 11245 11205 11244
f 11163 11156 11205
f 11197 11163 11205
f 11197 11205 11245
f 11100 11125 11156
f 11113 11100 11156
f 11163 11113 11156
f 11124 11065 11060
f 11065 11008 11060
f 11060 11008 11021
f 11021 11008 10962
f 11021 10962 10956
f 11021 10956 11022
f 11022 10956 10925
f 11022 10925 11049
f 11049 10902 10974
f 11049 10925 10902
f 10841 10877 10826
f 10841 10826 10774
f 11068 11080 11020
f 11068 11020 11034
f 11034 11020 10994
f 10994 10970 10937
f 10977 10994 10937
f 11034 10994 10977
f 10937 10970 10915
f 11068 11102 11080
f 10890 10915 10885
f 10937 10915 10890
f 10890 10885 10836
f 10836 10885 10841
f 10836 10841 10779
f 10779 10841 10774
f 11095 11102 11068
f 11073 11095 11068
f 11090 11141 11118
f 11132 11141 11090
f 11090 11118 11042
f 11042 11118 11084
f 11042 11084 11073
f 11042 11073 11034
f 11073 11068 11034
f 11140 11137 11123
f 11117 11140 11123
f 11131 11140 11117
f 11123 11137 11105
f 11137 11132 11105
f 11130 11165 11147
f 11130 11147 11109
f 11109 11147 11131
f 11087 11109 11131
f 11087 11131 11117
f 11105 11132 11090
f 10626 10537 10575
f 10537 10512 10575
f 10575 10512 10598
f 10598 10512 10579
f 10512 10454 10579
f 10579 10454 10418
f 10579 10418 10472
f 10579 10472 10550
f 10601 10579 10550
f 10630 10601 10574
f 10601 10550 10574
f 10559 10630 10574
f 10588 10630 10559
f 10584 10622 10557
f 10622 10588 10557
f 10658 10622 10584
f 10588 10559 10488
f 10485 10588 10488
f 10557 10588 10485
f 10688 10658 10618
f 10548 10658 10584
f 10618 10658 10548
f 10619 10688 10618
f 10703 10688 10619
f 10703 10774 10688
f 10779 10774 10703
f 11353 11379 11361
f 11353 11361 11339
f 11339 11361 11328
f 11379 11391 11361
f 11309 11328 11294
f 11339 11328 11309
f 11283 11287 11251
f 11251 11287 11255
f 11287 11266 11255
f 11213 11172 11200
f 11213 11122 11172
f 11230 11213 11200
f 11230 11254 11213
f 11075 11122 10944
f 10944 11122 11015
f 11122 11120 11015
f 11172 11122 11075
f 11120 11133 11041
f 11009 11120 11041
f 11015 11120 11009
f 11041 11133 11047
f 11266 11268 11252
f 11268 11254 11252
f 11252 11254 11230
f 11130 11151 11165
f 11130 11098 11151
f 11136 11151 11098
f 11057 11136 11098
f 11111 11136 11057
f 11052 11111 11057
f 11002 11047 11052
f 11002 11052 11013
f 11052 11057 11013
f 10993 11047 11002
f 11041 11047 10993
f 11362 11379 11353
f 11378 11379 11362
f 11356 11378 11362
f 11380 11398 11374
f 11374 11398 11376
f 11333 11281 11334
f 11284 11281 11333
f 11333 11326 11284
f 11358 11326 11333
f 11358 11333 11367
f 11380 11357 11358
f 11374 11357 11380
f 11357 11326 11358
f 10902 10856 10974
f 10974 10856 10851
f 10851 10759 10750
f 10851 10750 10849
f 10856 10759 10851
f 10759 10660 10750
f 10759 10645 10660
f 10645 10578 10660
f 10645 10576 10578
f 10578 10576 10491
f 10491 10497 10578
f 10415 10456 10497
f 10491 10415 10497
f 10415 10368 10456
f 10368 10393 10456
f 10393 10451 10456
f 10393 10315 10343
f 10368 10315 10393
f 10315 10291 10343
f 10291 10318 10343
f 10291 10273 10318
f 10245 10211 10273
f 10245 10273 10291
f 10211 10254 10273
f 10211 10217 10254
f 10211 10176 10217
f 10176 10164 10217
f 10103 10118 10164
f 10176 10103 10164
f 10103 10062 10118
f 10062 10023 10118
f 10023 10030 10118
f 10118 10030 10100
f 10030 9958 10100
f 9958 10009 10100
f 10100 10009 10097
f 10097 10156 10196
f 10097 10061 10105
f 10097 10105 10156
f 10009 10061 10097
f 10196 10156 10199
f 10246 10196 10199
f 10246 10199 10249
f 10469 10447 10430
f 10499 10447 10469
f 10499 10469 10537
f 10537 10469 10512
f 10300 10351 10289
f 10289 10235 10300
f 10289 10244 10235
f 10249 10244 10289
f 10430 10351 10357
f 10357 10351 10300
f 10430 10357 10346
f 10454 10430 10346
f 10454 10469 10430
f 10249 10204 10244
f 10199 10204 10249
f 11284 11245 11281
f 11100 11086 11125
f 11125 11104 11127
f 11125 11088 11104
f 11125 11086 11088
f 11104 11094 11127
f 11065 11066 11046
f 11065 11046 11018
f 11065 11018 11008
f 11094 11066 11065
f 11104 11082 11094
f 11094 11082 11066
f 11248 11197 11245
f 11284 11248 11245
f 11197 11096 11163
f 11096 11113 11163
f 11159 11096 11197
f 11159 11197 11248
f 11100 11056 11059
f 11100 11059 11086
f 11113 11056 11100
f 11096 11036 11113
f 11113 11036 11056
f 11008 10983 10942
f 11008 10942 10962
f 11008 11018 10983
f 10962 10906 10956
f 10962 10942 10906
f 10906 10854 10956
f 10956 10854 10925
f 10854 10833 10925
f 10925 10833 10902
f 10833 10792 10902
f 10902 10792 10856
f 11042 11034 10977
f 10904 10977 10937
f 10904 10937 10890
f 11042 10977 10946
f 10946 10977 10904
f 10904 10890 10842
f 10842 10890 10836
f 10791 10836 10779
f 10842 10836 10791
f 10791 10779 10718
f 10718 10779 10703
f 11105 11090 11070
f 11070 11090 11048
f 11048 11090 11042
f 10955 11042 10946
f 11004 11042 10955
f 11004 11048 11042
f 11091 11123 11105
f 11091 11117 11123
f 11083 11087 11117
f 11083 11117 11091
f 11079 11105 11070
f 11091 11105 11079
f 11076 11098 11130
f 11076 11130 11109
f 11055 11076 11109
f 11055 11109 11087
f 11038 11055 11087
f 11067 11087 11083
f 11038 11087 11067
f 10512 10469 10454
f 10454 10346 10418
f 10418 10346 10305
f 10418 10305 10364
f 10418 10364 10472
f 10550 10472 10506
f 10472 10406 10450
f 10477 10472 10450
f 10472 10364 10406
f 10506 10472 10477
f 10522 10550 10506
f 10574 10550 10522
f 10559 10574 10522
f 10559 10522 10488
f 10584 10557 10525
f 10548 10584 10525
f 10525 10557 10485
f 10485 10488 10417
f 10488 10470 10421
f 10417 10488 10421
f 10488 10522 10470
f 10410 10485 10417
f 10525 10485 10478
f 10478 10485 10410
f 10619 10618 10556
f 10556 10618 10548
f 10498 10548 10480
f 10480 10548 10478
f 10548 10525 10478
f 10556 10548 10498
f 10531 10619 10556
f 10600 10619 10531
f 10655 10619 10600
f 10655 10703 10619
f 10718 10703 10655
f 11341 11362 11353
f 11353 11339 11325
f 11341 11353 11325
f 11325 11339 11309
f 11325 11309 11302
f 11302 11309 11296
f 11251 11255 11226
f 11202 11251 11226
f 11233 11251 11202
f 11255 11238 11226
f 11266 11252 11255
f 11255 11252 11238
f 11186 11200 11172
f 11186 11172 11075
f 11230 11200 11210
f 11210 11200 11186
f 11252 11230 11238
f 11238 11230 11210
f 11078 11075 10986
f 11075 10936 10986
f 11075 10944 10936
f 11078 11186 11075
f 10944 11015 10952
f 10944 10952 10882
f 10944 10882 10891
f 10944 10891 10936
f 11015 11009 10952
f 11009 11041 10976
f 10976 11041 10993
f 11009 10976 10954
f 10952 11009 10954
f 11044 11057 11098
f 11044 11098 11076
f 11013 11057 11044
f 11002 11013 10964
f 10963 11002 10964
f 10963 10993 11002
f 10964 11013 10991
f 10991 11013 11044
f 10943 10993 10963
f 10976 10993 10943
f 11356 11362 11341
f 11341 11350 11356
f 11345 11356 11350
f 11360 11357 11374
f 11374 11376 11360
f 11326 11297 11284
f 11297 11248 11284
f 11357 11297 11326
f 11330 11297 11357
f 11360 11330 11357
f 10856 10792 10759
f 10792 10714 10759
f 10714 10645 10759
f 10648 10564 10645
f 10645 10564 10576
f 10648 10645 10714
f 10564 10491 10576
f 10446 10400 10491
f 10564 10446 10491
f 10400 10415 10491
f 10400 10350 10415
f 10350 10338 10415
f 10338 10368 10415
f 10285 10315 10368
f 10338 10285 10368
f 10285 10243 10315
f 10315 10243 10247
f 10247 10291 10315
f 10247 10245 10291
f 10192 10245 10247
f 10192 10211 10245
f 10137 10176 10211
f 10192 10137 10211
f 10137 10127 10176
f 10127 10103 10176
f 10080 10062 10103
f 10127 10080 10103
f 10012 10023 10062
f 10012 10062 10080
f 10012 9956 10023
f 9956 9953 10023
f 10023 9953 10030
f 9953 9958 10030
f 9953 9846 9958
f 9958 9846 9867
f 9958 9867 9948
f 9958 9948 10009
f 9948 9994 10009
f 10009 9994 10061
f 10156 10105 10162
f 10199 10156 10162
f 9994 10001 10061
f 10061 10001 10084
f 10084 10105 10061
f 10141 10105 10084
f 10162 10105 10141
f 10199 10162 10204
f 10346 10357 10300
f 10346 10300 10305
f 10300 10235 10216
f 10300 10216 10305
f 10235 10161 10216
f 10235 10204 10161
f 10244 10204 10235
f 10204 10141 10161
f 10162 10141 10204
f 11086 11062 11088
f 11059 11062 11086
f 11104 11088 11082
f 11088 11062 11072
f 11088 11072 11082
f 11066 11064 11050
f 11066 11050 11046
f 11082 11064 11066
f 11046 11026 11018
f 11050 11026 11046
f 11018 11005 10983
f 11018 11026 11005
f 11082 11072 11064
f 11262 11159 11248
f 11262 11248 11297
f 11096 11035 11036
f 11107 11035 11096
f 11107 11096 11159
f 11198 11107 11159
f 11262 11198 11159
f 11056 11032 11059
f 11036 11012 11056
f 11056 11012 11032
f 11032 11037 11059
f 11059 11037 11062
f 11036 10990 11012
f 11007 11036 11035
f 11007 10990 11036
f 10983 11005 10978
f 10983 10978 10938
f 10983 10938 10942
f 10942 10895 10906
f 10942 10938 10895
f 10906 10839 10854
f 10906 10895 10839
f 10854 10839 10789
f 10789 10777 10854
f 10854 10777 10833
f 10833 10753 10792
f 10777 10753 10833
f 10753 10697 10792
f 10792 10697 10714
f 10848 10904 10842
f 10903 10904 10848
f 10903 10946 10904
f 10955 10946 10903
f 10848 10842 10782
f 10782 10842 10791
f 10782 10791 10718
f 10642 10718 10655
f 10705 10718 10642
f 10782 10718 10705
f 11070 11048 11031
f 11054 11070 11031
f 11054 11079 11070
f 11031 11048 11004
f 10918 10955 10903
f 10957 10955 10918
f 10957 11004 10955
f 11000 11004 10957
f 11031 11004 11000
f 11074 11083 11091
f 11074 11091 11079
f 11074 11071 11083
f 11071 11067 11083
f 11074 11079 11054
f 11033 11076 11055
f 11033 11044 11076
f 11033 11055 11010
f 11010 11055 11038
f 10985 11010 11038
f 11011 10985 11038
f 11011 11038 11051
f 11038 11067 11051
f 11051 11067 11071
f 10364 10305 10189
f 10216 10189 10305
f 10364 10189 10303
f 10364 10303 10359
f 10406 10364 10359
f 10522 10506 10470
f 10470 10506 10448
f 10506 10477 10448
f 10388 10406 10359
f 10450 10406 10390
f 10390 10406 10388
f 10411 10450 10390
f 10448 10477 10450
f 10432 10450 10411
f 10448 10450 10432
f 10410 10417 10347
f 10417 10421 10358
f 10417 10358 10347
f 10470 10448 10432
f 10421 10470 10432
f 10421 10432 10385
f 10421 10385 10358
f 10336 10410 10347
f 10408 10478 10410
f 10408 10410 10336
f 10480 10478 10408
f 10531 10556 10507
f 10507 10556 10498
f 10461 10498 10437
f 10498 10480 10437
f 10507 10498 10461
f 10437 10480 10408
f 10531 10507 10523
f 10523 10562 10531
f 10562 10600 10531
f 10642 10655 10600
f 10642 10600 10605
f 10605 10600 10562
f 11315 11350 11341
f 11313 11315 11341
f 11313 11341 11325
f 11313 11325 11300
f 11300 11325 11302
f 11300 11302 11290
f 11285 11290 11302
f 11285 11302 11296
f 11226 11238 11212
f 11226 11212 11191
f 11226 11191 11162
f 11202 11226 11162
f 11170 11233 11202
f 11170 11202 11161
f 11202 11162 11161
f 11219 11233 11170
f 11237 11233 11219
f 11212 11238 11210
f 11189 11186 11149
f 11149 11186 11114
f 11114 11186 11078
f 11210 11186 11189
f 11212 11210 11189
f 11016 11114 11078
f 11078 10986 11016
f 11016 10986 10949
f 10986 10936 10873
f 10949 10986 10873
f 10873 10936 10808
f 10808 10936 10891
f 10952 10954 10908
f 10908 10882 10952
f 10822 10891 10882
f 10822 10882 10824
f 10908 10843 10882
f 10824 10882 10843
f 10808 10891 10805
f 10805 10891 10822
f 10924 10976 10943
f 10954 10976 10924
f 10908 10954 10924
f 10991 11044 11033
f 10931 10934 10964
f 10931 10964 10966
f 10966 10964 10991
f 10934 10963 10964
f 10934 10943 10963
f 11010 10991 11033
f 10966 10991 11010
f 10924 10943 10899
f 10899 10943 10934
f 11345 11350 11310
f 11310 11350 11315
f 11310 11322 11345
f 11330 11262 11297
f 11298 11262 11330
f 10697 10648 10714
f 10603 10564 10648
f 10697 10603 10648
f 10603 10510 10564
f 10510 10446 10564
f 10510 10434 10446
f 10446 10434 10389
f 10389 10379 10446
f 10446 10379 10400
f 10400 10332 10350
f 10400 10379 10332
f 10332 10279 10350
f 10350 10279 10338
f 10279 10285 10338
f 10279 10190 10285
f 10190 10243 10285
f 10247 10243 10175
f 10190 10175 10243
f 10247 10175 10192
f 10175 10063 10192
f 10067 10137 10192
f 10063 10067 10192
f 10067 10038 10137
f 10038 10080 10137
f 10137 10080 10127
f 10038 10012 10080
f 9957 9951 10012
f 10038 9957 10012
f 9951 9956 10012
f 9956 9882 9953
f 9912 9882 9956
f 9951 9912 9956
f 9882 9846 9953
f 9823 9770 9846
f 9770 9768 9846
f 9846 9768 9867
f 9882 9823 9846
f 9867 9893 9948
f 9768 9801 9867
f 9867 9801 9844
f 9867 9844 9893
f 9948 9893 9936
f 9948 9936 9994
f 9994 9936 10001
f 10001 9936 9938
f 9938 9989 10001
f 10001 9989 10054
f 10084 10001 10054
f 10084 10108 10141
f 10084 10054 10108
f 10141 10108 10161
f 10216 10161 10133
f 10216 10133 10189
f 10161 10108 10133
f 11062 11051 11058
f 11062 11058 11072
f 11037 11051 11062
f 11072 11074 11064
f 11072 11071 11074
f 11058 11071 11072
f 11064 11074 11054
f 11064 11054 11050
f 11050 11024 11026
f 11050 11054 11024
f 11026 11024 11005
f 11005 11024 11000
f 11005 11000 10978
f 11261 11262 11298
f 11261 11198 11262
f 10999 11007 11035
f 10999 11035 11014
f 11107 11014 11035
f 11061 11014 11107
f 11061 11107 11198
f 11215 11061 11198
f 11215 11198 11261
f 11032 10998 11037
f 11012 10998 11032
f 10990 10981 11012
f 11012 10981 10998
f 10998 11011 11037
f 11037 11011 11051
f 10990 10945 10981
f 10973 10945 10990
f 11007 10973 10990
f 10999 10973 11007
f 10978 10957 10938
f 10978 11000 10957
f 10938 10918 10895
f 10938 10957 10918
f 10895 10918 10871
f 10839 10895 10871
f 10871 10811 10839
f 10839 10811 10789
f 10742 10723 10789
f 10789 10723 10777
f 10789 10811 10742
f 10777 10723 10683
f 10777 10683 10753
f 10683 10697 10753
f 10683 10603 10697
f 10811 10848 10782
f 10871 10848 10811
f 10871 10903 10848
f 10918 10903 10871
f 10811 10782 10742
f 10742 10782 10705
f 10620 10642 10605
f 10644 10642 10620
f 10644 10705 10642
f 10742 10705 10644
f 11054 11031 11024
f 11024 11031 11000
f 11051 11071 11058
f 10985 10966 11010
f 10926 10966 10985
f 10959 10985 11011
f 10959 10926 10985
f 10998 10959 11011
f 10189 10133 10074
f 10189 10074 10170
f 10303 10189 10170
f 10335 10303 10267
f 10267 10303 10214
f 10303 10170 10214
f 10359 10303 10335
f 10388 10359 10353
f 10359 10335 10353
f 10390 10388 10353
f 10390 10353 10325
f 10365 10390 10325
f 10411 10390 10365
f 10385 10411 10365
f 10432 10411 10385
f 10336 10347 10296
f 10347 10358 10286
f 10296 10347 10286
f 10358 10385 10316
f 10358 10316 10286
f 10385 10365 10316
f 10336 10296 10270
f 10295 10336 10270
f 10408 10336 10344
f 10344 10336 10295
f 10398 10408 10363
f 10363 10408 10344
f 10437 10408 10398
f 10523 10507 10483
f 10483 10507 10461
f 10483 10461 10471
f 10471 10461 10436
f 10461 10437 10428
f 10436 10461 10428
f 10394 10437 10398
f 10428 10437 10394
f 10571 10562 10523
f 10523 10483 10518
f 10523 10518 10571
f 10571 10605 10562
f 10620 10605 10571
f 11310 11315 11295
f 11293 11315 11313
f 11293 11295 11315
f 11293 11313 11300
f 11293 11300 11290
f 11267 11290 11285
f 11267 11293 11290
f 11212 11189 11191
f 11162 11191 11175
f 11191 11189 11175
f 11161 11162 11099
f 11099 11162 11077
f 11162 11135 11077
f 11162 11175 11135
f 11170 11184 11219
f 11176 11184 11170
f 11144 11176 11170
f 11195 11219 11181
f 11181 11219 11184
f 11220 11237 11219
f 11220 11219 11195
f 11225 11237 11220
f 11175 11189 11149
f 11175 11149 11135
f 11149 11114 11053
f 11116 11149 11053
f 11135 11149 11116
f 11053 11114 11016
f 11003 11016 10949
f 11053 11016 11003
f 10949 10813 10933
f 10949 10873 10813
f 11003 10949 10933
f 10813 10873 10743
f 10743 10873 10808
f 10808 10805 10733
f 10808 10733 10665
f 10808 10665 10743
f 10908 10924 10887
f 10862 10908 10887
f 10862 10843 10908
f 10822 10824 10780
f 10765 10822 10780
f 10805 10822 10765
f 10824 10843 10798
f 10780 10824 10798
f 10829 10843 10862
f 10829 10798 10843
f 10733 10805 10765
f 10887 10924 10899
f 10907 10934 10931
f 10907 10931 10897
f 10926 10931 10966
f 10897 10931 10926
f 10899 10934 10907
f 10867 10887 10899
f 10867 10899 10878
f 10878 10899 10907
f 11310 11298 11322
f 11310 11295 11298
f 11298 11295 11261
f 10620 10571 10603
f 10620 10603 10683
f 10603 10571 10518
f 10603 10518 10510
f 10471 10434 10510
f 10510 10518 10471
f 10436 10434 10471
f 10434 10428 10419
f 10434 10419 10389
f 10436 10428 10434
f 10389 10419 10382
f 10389 10382 10379
f 10379 10382 10369
f 10379 10369 10332
f 10332 10369 10339
f 10332 10339 10310
f 10332 10310 10287
f 10332 10287 10279
f 10287 10251 10279
f 10279 10251 10208
f 10208 10190 10279
f 10122 10101 10190
f 10101 10093 10190
f 10190 10093 10175
f 10208 10122 10190
f 10175 10093 10063
f 10063 10004 9937
f 9937 9984 10063
f 10063 9984 10067
f 10093 10004 10063
f 9984 9967 10067
f 10067 9967 10038
f 9967 9957 10038
f 9967 9896 9957
f 9896 9906 9957
f 9957 9906 9951
f 9951 9906 9912
f 9860 9882 9912
f 9860 9798 9882
f 9798 9823 9882
f 9860 9912 9906
f 9798 9757 9823
f 9757 9770 9823
f 9721 9768 9770
f 9757 9721 9770
f 9721 9641 9768
f 9641 9643 9768
f 9768 9643 9749
f 9768 9749 9801
f 9893 9844 9875
f 9893 9875 9909
f 9893 9909 9936
f 9801 9819 9844
f 9750 9771 9801
f 9801 9771 9819
f 9749 9750 9801
f 9844 9819 9875
f 9938 9936 9909
f 9909 9907 9938
f 9938 9907 9955
f 9955 9989 9938
f 10054 9989 10002
f 10002 9989 9955
f 10133 10108 10054
f 10133 10054 10002
f 10133 10002 10074
f 11260 11215 11261
f 11261 11295 11260
f 10969 10973 10999
f 11014 10969 10999
f 10953 10969 11014
f 10980 10953 11014
f 10980 11014 11061
f 10987 10980 11061
f 11215 11128 11061
f 11128 10987 11061
f 11229 11128 11215
f 11260 11229 11215
f 10998 10947 10959
f 10981 10947 10998
f 10945 10947 10981
f 10945 10917 10947
f 10914 10917 10945
f 10941 10945 10973
f 10941 10914 10945
f 10969 10941 10973
f 10742 10644 10723
f 10723 10644 10683
f 10683 10644 10620
f 10863 10897 10926
f 10900 10863 10926
f 10900 10926 10959
f 10947 10900 10959
f 10170 10074 10008
f 10074 10002 9963
f 10074 9963 10008
f 10170 10008 10094
f 10170 10094 10135
f 10214 10170 10135
f 10335 10267 10275
f 10309 10335 10275
f 10353 10335 10309
f 10275 10267 10250
f 10250 10267 10225
f 10267 10214 10225
f 10214 10135 10184
f 10225 10214 10184
f 10325 10353 10309
f 10365 10325 10316
f 10325 10309 10268
f 10325 10268 10240
f 10260 10325 10240
f 10316 10325 10260
f 10296 10286 10242
f 10270 10296 10242
f 10286 10316 10260
f 10286 10260 10230
f 10242 10286 10230
f 10295 10270 10263
f 10229 10270 10205
f 10270 10242 10205
f 10263 10270 10229
f 10295 10263 10252
f 10276 10295 10252
f 10311 10344 10295
f 10276 10311 10295
f 10363 10344 10311
f 10382 10398 10363
f 10394 10398 10382
f 10382 10363 10321
f 10321 10363 10311
f 10518 10483 10471
f 10394 10419 10428
f 10394 10382 10419
f 11260 11295 11293
f 11259 11260 11293
f 11259 11293 11267
f 11259 11267 11243
f 11099 11077 11025
f 11027 11099 11025
f 11025 11077 10997
f 11077 11029 10997
f 11077 11135 11081
f 11077 11081 11029
f 11135 11116 11081
f 11181 11184 11164
f 11164 11184 11176
f 11164 11176 11138
f 11138 11176 11144
f 11138 11144 11106
f 11187 11195 11169
f 11169 11195 11181
f 11187 11220 11195
f 11150 11181 11164
f 11150 11169 11181
f 11187 11225 11220
f 11199 11225 11187
f 11069 11053 11029
f 11029 11053 11003
f 11116 11053 11069
f 11081 11116 11069
f 11029 11003 10979
f 11003 10933 10979
f 10794 10889 10813
f 10889 10933 10813
f 10794 10813 10743
f 10979 10933 10928
f 10928 10933 10889
f 10794 10743 10661
f 10743 10665 10661
f 10733 10649 10665
f 10733 10675 10649
f 10733 10765 10710
f 10710 10675 10733
f 10661 10665 10560
f 10560 10665 10543
f 10543 10665 10608
f 10608 10665 10649
f 10862 10887 10844
f 10844 10887 10867
f 10829 10862 10844
f 10765 10780 10727
f 10727 10780 10744
f 10744 10780 10768
f 10780 10798 10768
f 10710 10765 10727
f 10768 10798 10795
f 10795 10798 10829
f 10795 10829 10844
f 10878 10907 10897
f 10878 10897 10863
f 10825 10844 10867
f 10825 10867 10878
f 10825 10878 10863
f 10321 10339 10382
f 10382 10339 10369
f 10321 10310 10339
f 10276 10287 10310
f 10310 10311 10276
f 10321 10311 10310
f 10276 10251 10287
f 10234 10251 10276
f 10208 10251 10227
f 10234 10227 10251
f 10227 10221 10208
f 10208 10221 10185
f 10185 10122 10208
f 10157 10122 10185
f 10130 10122 10157
f 10122 10123 10112
f 10112 10101 10122
f 10130 10123 10122
f 10101 10081 10048
f 10101 10048 10093
f 10112 10081 10101
f 10048 10004 10093
f 10007 10004 10048
f 9988 10004 10007
f 9937 10004 9940
f 9988 9940 10004
f 9885 9849 9937
f 9937 9940 9885
f 9937 9905 9984
f 9937 9849 9905
f 9984 9905 9967
f 9905 9896 9967
f 9905 9842 9896
f 9896 9848 9906
f 9842 9848 9896
f 9848 9860 9906
f 9848 9817 9860
f 9817 9798 9860
f 9774 9729 9798
f 9774 9798 9817
f 9729 9757 9798
f 9729 9682 9757
f 9682 9721 9757
f 9682 9610 9721
f 9610 9641 9721
f 9610 9556 9641
f 9556 9559 9641
f 9641 9559 9643
f 9559 9602 9643
f 9643 9602 9678
f 9643 9678 9749
f 9749 9678 9750
f 9909 9875 9907
f 9875 9834 9873
f 9875 9873 9907
f 9819 9834 9875
f 9819 9788 9834
f 9819 9771 9788
f 9678 9706 9750
f 9750 9706 9771
f 9732 9771 9706
f 9788 9771 9732
f 9955 9907 9911
f 9907 9873 9911
f 10002 9955 9943
f 9955 9911 9943
f 10002 9943 9963
f 11259 11229 11260
f 10953 10941 10969
f 10953 10913 10941
f 10980 10912 10953
f 10912 10913 10953
f 10910 10980 10987
f 10910 10912 10980
f 10929 10898 10987
f 10929 10987 11128
f 10898 10910 10987
f 11171 10929 11128
f 11171 11128 11229
f 11243 11229 11259
f 11228 11229 11243
f 11171 11229 11228
f 10917 10900 10947
f 10876 10900 10917
f 10914 10876 10917
f 10879 10876 10914
f 10913 10879 10914
f 10913 10914 10941
f 10802 10825 10863
f 10827 10863 10900
f 10827 10802 10863
f 10876 10827 10900
f 9963 9869 10008
f 10008 9869 9926
f 10008 9926 9993
f 10008 9993 10047
f 10094 10008 10047
f 9963 9943 9891
f 9963 9891 9869
f 10096 10094 10047
f 10135 10094 10096
f 10104 10135 10088
f 10135 10096 10088
f 10152 10135 10104
f 10152 10184 10135
f 10268 10275 10250
f 10309 10275 10268
f 10250 10225 10215
f 10268 10250 10215
f 10225 10184 10180
f 10215 10225 10180
f 10180 10184 10152
f 10268 10215 10240
f 10260 10240 10201
f 10201 10240 10186
f 10240 10215 10186
f 10230 10260 10201
f 10242 10230 10183
f 10205 10242 10183
f 10230 10201 10183
f 10252 10263 10229
f 10205 10165 10229
f 10229 10165 10159
f 10229 10159 10219
f 10231 10229 10219
f 10233 10229 10231
f 10252 10229 10233
f 10205 10183 10154
f 10205 10154 10165
f 10276 10252 10234
f 10233 10231 10252
f 10234 10252 10231
f 11027 11025 10965
f 10965 11025 10960
f 11025 10997 10960
f 10975 11027 10965
f 10997 11029 10967
f 10997 10967 10911
f 10960 10997 10911
f 10967 11029 10988
f 11081 11069 11029
f 11029 10979 10988
f 11110 11121 11164
f 11138 11110 11164
f 11150 11164 11121
f 11106 11110 11138
f 11063 11040 11106
f 11040 11110 11106
f 11169 11199 11187
f 11108 11129 11169
f 11108 11169 11150
f 11169 11179 11199
f 11169 11129 11179
f 11108 11150 11121
f 10971 10979 10928
f 10988 10979 10971
f 10757 10794 10661
f 10866 10889 10794
f 10866 10794 10810
f 10757 10810 10794
f 10928 10889 10886
f 10886 10889 10866
f 10920 10928 10886
f 10971 10928 10920
f 10757 10661 10686
f 10661 10560 10526
f 10604 10661 10526
f 10604 10686 10661
f 10649 10675 10627
f 10586 10649 10627
f 10608 10649 10586
f 10681 10675 10710
f 10647 10675 10681
f 10627 10675 10647
f 10710 10727 10681
f 10560 10445 10526
f 10543 10482 10560
f 10560 10482 10445
f 10543 10608 10553
f 10494 10543 10553
f 10494 10449 10543
f 10543 10449 10482
f 10553 10608 10586
f 10795 10844 10825
f 10681 10727 10687
f 10687 10727 10708
f 10727 10744 10708
f 10736 10744 10768
f 10708 10744 10736
f 10775 10768 10795
f 10736 10768 10775
f 10775 10795 10790
f 10790 10795 10825
f 10802 10790 10825
f 10234 10231 10227
f 10227 10231 10221
f 10231 10185 10221
f 10166 10185 10231
f 10166 10157 10185
f 10157 10158 10130
f 10157 10159 10158
f 10166 10159 10157
f 10130 10158 10123
f 10128 10123 10158
f 10128 10129 10123
f 10123 10129 10110
f 10123 10110 10058
f 10058 10081 10123
f 10123 10081 10112
f 10044 10048 10081
f 10058 10044 10081
f 10003 10048 10044
f 10003 10007 10048
f 10007 10000 9988
f 10003 10000 10007
f 9988 10000 9961
f 9961 9947 9988
f 9947 9940 9988
f 9910 9940 9947
f 9910 9885 9940
f 9863 9836 9885
f 9885 9836 9849
f 9863 9885 9910
f 9789 9785 9849
f 9849 9785 9842
f 9849 9842 9905
f 9849 9836 9789
f 9842 9790 9848
f 9785 9790 9842
f 9790 9802 9848
f 9848 9802 9817
f 9802 9774 9817
f 9719 9729 9774
f 9748 9719 9774
f 9748 9774 9802
f 9719 9693 9729
f 9693 9682 9729
f 9595 9610 9682
f 9646 9595 9682
f 9693 9646 9682
f 9595 9527 9610
f 9527 9556 9610
f 9462 9559 9556
f 9527 9462 9556
f 9462 9496 9559
f 9559 9496 9602
f 9602 9615 9678
f 9602 9553 9615
f 9496 9553 9602
f 9678 9615 9662
f 9678 9662 9706
f 9795 9834 9788
f 9847 9834 9795
f 9847 9873 9834
f 9911 9873 9891
f 9891 9873 9847
f 9732 9745 9788
f 9788 9745 9795
f 9706 9688 9732
f 9662 9688 9706
f 9732 9688 9700
f 9732 9700 9745
f 9891 9943 9911
f 10893 10913 10912
f 10893 10879 10913
f 10881 10912 10910
f 10912 10864 10893
f 10881 10864 10912
f 10898 10881 10910
f 10807 10850 10929
f 10821 10807 10929
f 10929 10850 10898
f 11171 10821 10929
f 10845 10881 10898
f 10850 10845 10898
f 10932 10821 11171
f 11101 10932 11171
f 11224 11101 11171
f 11171 11228 11224
f 10818 10827 10876
f 10879 10818 10876
f 10853 10879 10864
f 10893 10864 10879
f 10853 10818 10879
f 10764 10756 10802
f 10764 10802 10827
f 10756 10790 10802
f 10781 10764 10827
f 10781 10827 10818
f 9829 9793 9869
f 9869 9793 9775
f 9869 9775 9852
f 9926 9869 9852
f 9891 9829 9869
f 9949 9926 9892
f 9926 9852 9892
f 9949 9993 9926
f 10047 9993 10029
f 9971 9993 9949
f 10029 9993 9971
f 10052 10047 10029
f 10096 10047 10052
f 9891 9847 9829
f 10088 10096 10052
f 10104 10088 10064
f 10132 10152 10104
f 10055 10104 10064
f 10132 10104 10055
f 10064 10088 10040
f 10040 10088 10019
f 10088 10052 10019
f 10180 10152 10132
f 10215 10180 10172
f 10186 10215 10172
f 10172 10180 10132
f 10201 10186 10145
f 10183 10201 10145
f 10186 10172 10146
f 10145 10186 10146
f 10183 10145 10120
f 10154 10183 10120
f 10128 10165 10129
f 10159 10165 10128
f 10165 10154 10129
f 10128 10158 10159
f 10166 10219 10159
f 10231 10219 10166
f 10129 10154 10102
f 10154 10120 10102
f 10975 10965 10935
f 10965 10960 10919
f 10921 10965 10919
f 10935 10965 10921
f 10919 10960 10865
f 10960 10911 10865
f 10922 10975 10935
f 10967 10988 10971
f 10967 10971 10920
f 10967 10920 10861
f 10911 10967 10861
f 10865 10911 10814
f 10911 10861 10814
f 11017 11121 11110
f 11040 11017 11110
f 11108 11121 11017
f 11030 11040 11063
f 10958 11017 11040
f 10958 11040 11030
f 11108 10989 11129
f 11108 11017 10989
f 11182 11179 11129
f 11129 11101 11182
f 10989 11101 11129
f 10747 10757 10735
f 10735 10757 10686
f 10803 10810 10757
f 10747 10803 10757
f 10866 10810 10831
f 10831 10886 10866
f 10831 10810 10803
f 10920 10886 10861
f 10861 10886 10831
f 10673 10695 10686
f 10673 10686 10604
f 10735 10686 10695
f 10468 10526 10445
f 10511 10526 10468
f 10604 10526 10511
f 10583 10673 10604
f 10583 10604 10511
f 10586 10627 10591
f 10591 10627 10621
f 10621 10627 10647
f 10553 10586 10532
f 10532 10586 10551
f 10551 10586 10591
f 10647 10681 10653
f 10687 10653 10681
f 10621 10647 10653
f 10403 10445 10372
f 10405 10372 10445
f 10445 10482 10405
f 10468 10445 10403
f 10405 10482 10449
f 10494 10553 10532
f 10532 10489 10494
f 10494 10427 10449
f 10438 10427 10494
f 10494 10489 10438
f 10405 10449 10391
f 10391 10449 10427
f 10669 10687 10708
f 10669 10653 10687
f 10669 10708 10676
f 10676 10708 10736
f 10676 10736 10713
f 10713 10736 10775
f 10713 10775 10756
f 10775 10790 10756
f 10129 10102 10098
f 10098 10110 10129
f 10098 10075 10110
f 10058 10110 10075
f 10058 10075 10050
f 10058 10050 10044
f 10044 10050 10022
f 10044 10022 10003
f 10003 10022 10000
f 10000 9992 9986
f 9999 9992 10000
f 9999 10000 10022
f 10000 9986 9961
f 9961 9986 9942
f 9961 9942 9935
f 9935 9947 9961
f 9935 9910 9947
f 9918 9910 9935
f 9910 9913 9886
f 9863 9910 9886
f 9918 9913 9910
f 9863 9886 9838
f 9838 9811 9863
f 9811 9836 9863
f 9811 9789 9836
f 9776 9789 9811
f 9742 9789 9776
f 9718 9785 9789
f 9742 9718 9789
f 9718 9715 9785
f 9715 9790 9785
f 9715 9748 9790
f 9790 9748 9802
f 9635 9693 9719
f 9669 9635 9719
f 9669 9719 9748
f 9715 9669 9748
f 9635 9646 9693
f 9552 9527 9595
f 9603 9552 9595
f 9603 9595 9646
f 9603 9646 9635
f 9503 9527 9552
f 9503 9457 9527
f 9457 9462 9527
f 9457 9422 9462
f 9422 9408 9462
f 9462 9408 9496
f 9408 9396 9496
f 9496 9396 9459
f 9496 9459 9509
f 9496 9509 9553
f 9553 9580 9615
f 9615 9580 9618
f 9615 9618 9662
f 9509 9534 9553
f 9553 9534 9580
f 9662 9647 9688
f 9662 9618 9647
f 9829 9847 9795
f 9829 9795 9763
f 9795 9745 9763
f 9709 9745 9700
f 9763 9745 9709
f 9651 9688 9647
f 9700 9688 9651
f 9709 9700 9651
f 10857 10881 10845
f 10857 10853 10881
f 10881 10853 10864
f 10807 10793 10819
f 10807 10819 10850
f 10821 10793 10807
f 10850 10837 10845
f 10850 10819 10837
f 10804 10793 10821
f 10932 10804 10821
f 10845 10837 10857
f 10989 10932 11101
f 10859 10804 10932
f 10859 10932 10989
f 11182 11101 11224
f 10837 10818 10853
f 10815 10818 10837
f 10815 10781 10818
f 10857 10837 10853
f 10702 10756 10764
f 10725 10764 10781
f 10702 10764 10725
f 10702 10713 10756
f 10752 10725 10781
f 10752 10781 10783
f 10783 10781 10815
f 9829 9763 9793
f 9775 9793 9699
f 9793 9763 9699
f 9852 9775 9800
f 9722 9775 9694
f 9775 9699 9694
f 9800 9775 9722
f 9827 9852 9800
f 9892 9852 9827
f 9971 9949 9929
f 9929 9949 9892
f 9894 9892 9865
f 9865 9892 9827
f 9929 9892 9894
f 10019 10052 10029
f 10019 10029 9979
f 10029 9971 9979
f 9962 9971 9929
f 9974 9971 9962
f 9979 9971 9974
f 10055 10064 10017
f 10064 10040 10017
f 10146 10172 10132
f 10146 10132 10095
f 10095 10132 10055
f 10095 10055 10046
f 10055 10017 10010
f 10046 10055 10010
f 10017 10040 9991
f 10040 10019 9991
f 10019 9979 9974
f 9991 10019 9974
f 10120 10145 10069
f 10145 10146 10095
f 10069 10145 10095
f 10120 10069 10070
f 10102 10120 10070
f 10072 10102 10070
f 10098 10102 10072
f 10922 10935 10896
f 10896 10935 10921
f 10865 10901 10919
f 10892 10919 10901
f 10921 10919 10892
f 10896 10921 10892
f 10835 10901 10865
f 10835 10865 10814
f 10896 10909 10922
f 10814 10861 10797
f 10861 10831 10806
f 10861 10806 10797
f 10835 10814 10812
f 10812 10814 10776
f 10776 10814 10738
f 10738 10814 10722
f 10814 10797 10748
f 10814 10748 10722
f 10989 11017 10888
f 10958 10888 11017
f 10968 10958 11030
f 10761 10767 10958
f 10958 10874 10761
f 10968 10874 10958
f 10958 10767 10888
f 10888 10859 10989
f 10771 10803 10747
f 10771 10747 10730
f 10730 10747 10704
f 10704 10747 10735
f 10735 10695 10704
f 10831 10803 10771
f 10806 10831 10771
f 10684 10673 10667
f 10684 10695 10673
f 10634 10673 10583
f 10667 10673 10634
f 10704 10695 10684
f 10442 10511 10468
f 10442 10468 10403
f 10583 10511 10500
f 10500 10511 10442
f 10583 10500 10530
f 10554 10583 10530
f 10554 10634 10583
f 10591 10621 10590
f 10551 10591 10590
f 10590 10621 10628
f 10628 10621 10653
f 10532 10551 10541
f 10532 10541 10516
f 10516 10489 10532
f 10541 10551 10570
f 10570 10551 10590
f 10628 10653 10669
f 10442 10403 10307
f 10403 10237 10307
f 10403 10372 10237
f 10372 10348 10278
f 10372 10278 10209
f 10405 10348 10372
f 10237 10372 10209
f 10391 10348 10405
f 10438 10489 10479
f 10479 10489 10516
f 10438 10384 10427
f 10391 10427 10384
f 10383 10384 10438
f 10330 10348 10391
f 10330 10391 10384
f 10628 10669 10676
f 10631 10628 10676
f 10676 10713 10671
f 10676 10671 10631
f 10671 10713 10702
f 10072 10075 10098
f 10072 10070 10075
f 10075 10070 10050
f 10050 10034 10022
f 10050 10070 10034
f 10022 10034 9999
f 9992 10024 9972
f 9972 9986 9992
f 9999 10024 9992
f 9972 9942 9986
f 10034 10024 9999
f 9935 9942 9918
f 9918 9942 9913
f 9942 9923 9913
f 9972 9923 9942
f 9913 9923 9886
f 9886 9879 9839
f 9886 9839 9838
f 9886 9923 9879
f 9838 9839 9835
f 9838 9835 9812
f 9838 9812 9778
f 9778 9811 9838
f 9778 9776 9811
f 9778 9758 9776
f 9742 9776 9720
f 9720 9776 9711
f 9776 9758 9711
f 9720 9713 9742
f 9713 9718 9742
f 9713 9698 9718
f 9718 9698 9670
f 9718 9670 9653
f 9718 9653 9715
f 9616 9669 9715
f 9653 9616 9715
f 9572 9603 9635
f 9607 9572 9635
f 9607 9635 9669
f 9616 9607 9669
f 9541 9503 9552
f 9541 9552 9603
f 9572 9541 9603
f 9485 9442 9503
f 9485 9503 9541
f 9442 9457 9503
f 9442 9422 9457
f 9346 9408 9422
f 9330 9346 9422
f 9330 9422 9365
f 9365 9422 9442
f 9319 9396 9408
f 9346 9319 9408
f 9319 9345 9396
f 9396 9403 9459
f 9345 9403 9396
f 9403 9428 9459
f 9459 9428 9465
f 9459 9465 9497
f 9459 9497 9509
f 9509 9497 9534
f 9611 9618 9580
f 9580 9558 9611
f 9534 9558 9580
f 9611 9647 9618
f 9497 9522 9534
f 9534 9522 9558
f 9651 9647 9611
f 9699 9763 9709
f 9709 9651 9699
f 9699 9651 9629
f 9611 9594 9651
f 9651 9594 9629
f 10804 10786 10793
f 10793 10783 10815
f 10793 10815 10819
f 10786 10783 10793
f 10819 10815 10837
f 10804 10778 10786
f 10796 10778 10804
f 10859 10796 10804
f 10787 10796 10859
f 10888 10787 10859
f 10640 10671 10702
f 10670 10640 10702
f 10670 10702 10725
f 10701 10670 10725
f 10732 10701 10725
f 10732 10725 10752
f 10754 10732 10752
f 10773 10752 10783
f 10754 10752 10773
f 10773 10783 10786
f 9699 9629 9621
f 9694 9699 9621
f 9827 9800 9784
f 9800 9722 9728
f 9784 9800 9728
f 9694 9654 9722
f 9722 9654 9668
f 9728 9722 9668
f 9694 9621 9654
f 9805 9827 9784
f 9865 9827 9837
f 9837 9827 9805
f 9908 9929 9894
f 9962 9929 9908
f 9874 9894 9865
f 9908 9894 9874
f 9874 9865 9850
f 9850 9865 9837
f 9954 9962 9908
f 9974 9962 9954
f 9991 9974 9954
f 10010 10017 9933
f 10017 9991 9933
f 10069 10095 10046
f 10069 10046 9997
f 9997 10046 10010
f 10010 9933 9897
f 9997 10010 9897
f 9933 9991 9954
f 10024 10069 9997
f 10070 10069 10024
f 10070 10024 10034
f 10896 10892 10869
f 10869 10909 10896
f 10855 10901 10828
f 10828 10901 10835
f 10892 10901 10855
f 10869 10892 10870
f 10855 10870 10892
f 10800 10835 10812
f 10828 10835 10800
f 10909 10874 10930
f 10816 10909 10869
f 10816 10874 10909
f 10797 10769 10748
f 10797 10806 10769
f 10806 10771 10769
f 10800 10812 10758
f 10749 10812 10776
f 10758 10812 10749
f 10734 10776 10738
f 10749 10776 10734
f 10738 10722 10685
f 10700 10738 10685
f 10734 10738 10700
f 10685 10722 10666
f 10722 10748 10691
f 10722 10691 10666
f 10748 10769 10711
f 10748 10711 10691
f 10888 10767 10787
f 10968 10930 10874
f 10761 10643 10668
f 10668 10767 10761
f 10761 10874 10816
f 10761 10816 10728
f 10728 10643 10761
f 10672 10719 10767
f 10787 10767 10719
f 10668 10672 10767
f 10769 10771 10730
f 10769 10730 10711
f 10711 10730 10656
f 10730 10704 10656
f 10656 10704 10667
f 10667 10704 10684
f 10667 10634 10656
f 10656 10634 10607
f 10577 10634 10554
f 10607 10634 10577
f 10429 10500 10442
f 10341 10442 10307
f 10429 10442 10341
f 10492 10530 10500
f 10492 10500 10429
f 10554 10530 10492
f 10519 10577 10554
f 10519 10554 10492
f 10570 10590 10595
f 10595 10590 10628
f 10595 10628 10631
f 10538 10516 10541
f 10538 10541 10570
f 10479 10516 10509
f 10509 10516 10538
f 10569 10570 10595
f 10569 10538 10570
f 10341 10307 10261
f 10261 10307 10237
f 10206 10237 10107
f 10107 10237 10099
f 10237 10209 10099
f 10206 10261 10237
f 10330 10278 10348
f 10299 10278 10330
f 10280 10278 10299
f 10280 10226 10278
f 10191 10278 10226
f 10209 10278 10191
f 10099 10209 10116
f 10209 10191 10116
f 10479 10509 10486
f 10459 10479 10486
f 10330 10384 10328
f 10383 10328 10384
f 10340 10328 10383
f 10370 10340 10383
f 10330 10328 10299
f 10599 10595 10631
f 10640 10599 10631
f 10631 10671 10640
f 10024 9997 9972
f 9972 9997 9923
f 9923 9997 9897
f 9923 9897 9880
f 9923 9880 9879
f 9879 9880 9840
f 9839 9879 9840
f 9839 9840 9822
f 9822 9835 9839
f 9822 9812 9835
f 9778 9812 9791
f 9791 9812 9822
f 9778 9791 9758
f 9758 9740 9711
f 9791 9740 9758
f 9711 9667 9720
f 9667 9698 9720
f 9720 9698 9713
f 9711 9740 9692
f 9711 9692 9637
f 9637 9667 9711
f 9667 9670 9698
f 9620 9670 9667
f 9620 9653 9670
f 9585 9616 9653
f 9620 9585 9653
f 9535 9616 9585
f 9535 9547 9616
f 9547 9607 9616
f 9547 9518 9572
f 9518 9541 9572
f 9547 9572 9607
f 9518 9485 9541
f 9466 9410 9485
f 9466 9485 9518
f 9410 9442 9485
f 9410 9365 9442
f 9254 9296 9346
f 9346 9296 9319
f 9254 9346 9330
f 9288 9330 9365
f 9288 9254 9330
f 9325 9288 9365
f 9325 9365 9410
f 9296 9279 9319
f 9319 9279 9345
f 9345 9283 9328
f 9345 9328 9385
f 9345 9385 9403
f 9279 9283 9345
f 9403 9385 9428
f 9465 9428 9421
f 9421 9428 9385
f 9497 9465 9522
f 9482 9522 9465
f 9465 9464 9482
f 9421 9464 9465
f 9611 9558 9594
f 9594 9558 9523
f 9523 9558 9522
f 9523 9522 9482
f 9629 9594 9549
f 9621 9629 9549
f 9549 9594 9523
f 10773 10786 10778
f 10745 10778 10755
f 10745 10754 10778
f 10754 10773 10778
f 10755 10778 10796
f 10787 10755 10796
f 10719 10720 10787
f 10720 10755 10787
f 10617 10640 10670
f 10617 10599 10640
f 10680 10670 10701
f 10635 10617 10670
f 10635 10670 10680
f 10709 10701 10732
f 10680 10701 10709
f 10709 10732 10721
f 10745 10721 10732
f 10745 10732 10754
f 9560 9621 9544
f 9621 9549 9544
f 9654 9621 9560
f 9805 9784 9772
f 9739 9784 9728
f 9772 9784 9739
f 9728 9668 9677
f 9683 9728 9677
f 9739 9728 9683
f 9601 9654 9560
f 9668 9654 9601
f 9640 9668 9601
f 9677 9668 9640
f 9805 9772 9753
f 9779 9805 9753
f 9831 9805 9779
f 9831 9837 9805
f 9850 9837 9831
f 9954 9908 9933
f 9933 9908 9874
f 9933 9874 9854
f 9874 9850 9831
f 9874 9831 9854
f 9897 9933 9854
f 9897 9854 9807
f 9897 9807 9825
f 9880 9897 9825
f 10869 10870 10838
f 10838 10816 10869
f 10820 10840 10855
f 10820 10855 10828
f 10840 10870 10855
f 10820 10828 10800
f 10838 10870 10840
f 10784 10800 10763
f 10758 10763 10800
f 10784 10820 10800
f 10728 10816 10809
f 10809 10816 10838
f 10698 10716 10758
f 10692 10698 10758
f 10758 10749 10692
f 10741 10763 10758
f 10758 10716 10741
f 10692 10749 10734
f 10692 10734 10700
f 10685 10666 10638
f 10650 10685 10638
f 10663 10685 10650
f 10700 10685 10663
f 10692 10700 10663
f 10638 10666 10606
f 10606 10666 10623
f 10666 10691 10623
f 10691 10654 10623
f 10691 10711 10654
f 10711 10656 10654
f 10611 10567 10643
f 10611 10643 10728
f 10643 10597 10668
f 10567 10597 10643
f 10597 10624 10668
f 10668 10624 10672
f 10728 10679 10611
f 10728 10724 10679
f 10728 10809 10784
f 10728 10784 10763
f 10728 10763 10724
f 10672 10624 10615
f 10615 10633 10672
f 10672 10633 10659
f 10659 10678 10672
f 10672 10678 10719
f 10719 10678 10720
f 10654 10656 10607
f 10587 10607 10566
f 10566 10607 10577
f 10654 10607 10587
f 10566 10577 10519
f 10492 10429 10462
f 10401 10462 10429
f 10401 10429 10341
f 10378 10401 10341
f 10341 10352 10378
f 10337 10352 10341
f 10337 10341 10302
f 10341 10261 10302
f 10519 10492 10462
f 10533 10519 10476
f 10519 10458 10476
f 10519 10462 10458
f 10533 10566 10519
f 10569 10595 10599
f 10520 10509 10538
f 10520 10538 10569
f 10486 10509 10520
f 10520 10569 10563
f 10563 10569 10599
f 10265 10261 10259
f 10259 10261 10253
f 10253 10261 10206
f 10302 10261 10265
f 10210 10253 10206
f 10210 10206 10202
f 10202 10206 10198
f 10198 10206 10168
f 10168 10206 10107
f 10149 10107 10085
f 10085 10107 10043
f 10107 10099 10042
f 10043 10107 10042
f 10149 10168 10107
f 10099 10116 10039
f 10042 10099 10039
f 10280 10299 10277
f 10299 10328 10277
f 10280 10277 10224
f 10224 10226 10280
f 10191 10226 10181
f 10220 10226 10224
f 10220 10181 10226
f 10116 10191 10139
f 10191 10181 10163
f 10191 10163 10139
f 10116 10139 10090
f 10116 10090 10037
f 10039 10116 10037
f 10473 10459 10486
f 10473 10486 10520
f 10473 10433 10459
f 10304 10277 10328
f 10304 10328 10340
f 10360 10370 10399
f 10582 10599 10617
f 10582 10563 10599
f 9880 9825 9840
f 9840 9825 9791
f 9822 9840 9791
f 9767 9740 9791
f 9791 9825 9767
f 9712 9740 9767
f 9712 9692 9740
f 9637 9624 9667
f 9624 9620 9667
f 9637 9692 9652
f 9712 9652 9692
f 9637 9652 9622
f 9637 9622 9624
f 9575 9620 9624
f 9575 9585 9620
f 9575 9519 9585
f 9519 9535 9585
f 9453 9490 9535
f 9535 9490 9547
f 9519 9453 9535
f 9490 9489 9547
f 9489 9518 9547
f 9466 9518 9489
f 9366 9410 9466
f 9430 9366 9466
f 9430 9466 9489
f 9366 9325 9410
f 9216 9254 9288
f 9216 9185 9254
f 9185 9226 9254
f 9254 9226 9296
f 9247 9279 9296
f 9226 9247 9296
f 9252 9288 9325
f 9252 9216 9288
f 9286 9325 9366
f 9286 9252 9325
f 9247 9238 9279
f 9238 9283 9279
f 9238 9228 9283
f 9283 9228 9276
f 9283 9276 9328
f 9328 9317 9350
f 9350 9385 9328
f 9328 9276 9317
f 9350 9380 9385
f 9385 9380 9421
f 9421 9417 9464
f 9421 9380 9417
f 9482 9464 9523
f 9447 9464 9417
f 9506 9464 9447
f 9523 9464 9506
f 9549 9523 9506
f 9506 9468 9549
f 9544 9549 9468
f 10737 10745 10755
f 10737 10721 10745
f 10715 10737 10755
f 10720 10715 10755
f 10720 10682 10715
f 10720 10678 10682
f 10616 10617 10635
f 10616 10592 10617
f 10592 10582 10617
f 10682 10635 10680
f 10715 10682 10680
f 10715 10680 10709
f 10636 10616 10635
f 10659 10636 10635
f 10659 10635 10682
f 10715 10709 10737
f 10737 10709 10721
f 9560 9544 9501
f 9539 9560 9501
f 9601 9560 9539
f 9544 9468 9501
f 9753 9772 9739
f 9708 9739 9683
f 9753 9739 9708
f 9683 9677 9674
f 9666 9677 9640
f 9674 9677 9666
f 9708 9683 9674
f 9591 9601 9557
f 9557 9601 9539
f 9640 9601 9591
f 9627 9640 9591
f 9666 9640 9627
f 9779 9753 9703
f 9703 9753 9708
f 9765 9779 9703
f 9765 9831 9779
f 9854 9831 9765
f 9807 9854 9765
f 9825 9807 9759
f 9807 9765 9736
f 9759 9807 9736
f 9767 9825 9759
f 10838 10840 10809
f 10809 10840 10820
f 10784 10809 10820
f 10741 10724 10763
f 10698 10679 10716
f 10651 10698 10692
f 10651 10679 10698
f 10679 10724 10716
f 10716 10724 10741
f 10639 10692 10663
f 10612 10692 10639
f 10612 10651 10692
f 10650 10638 10629
f 10629 10638 10614
f 10614 10638 10606
f 10613 10650 10629
f 10613 10663 10650
f 10639 10663 10613
f 10606 10552 10501
f 10606 10623 10552
f 10623 10654 10587
f 10623 10587 10552
f 10513 10567 10611
f 10546 10611 10679
f 10546 10513 10611
f 10513 10514 10567
f 10529 10549 10567
f 10567 10549 10597
f 10514 10529 10567
f 10549 10565 10597
f 10597 10565 10580
f 10580 10589 10597
f 10589 10624 10597
f 10624 10602 10615
f 10589 10602 10624
f 10546 10679 10651
f 10602 10596 10615
f 10615 10610 10633
f 10615 10596 10610
f 10633 10610 10616
f 10633 10616 10636
f 10633 10636 10659
f 10659 10682 10678
f 10552 10587 10533
f 10587 10566 10533
f 10407 10462 10401
f 10458 10462 10407
f 10407 10401 10378
f 10345 10378 10352
f 10407 10378 10345
f 10345 10352 10337
f 10308 10337 10302
f 10301 10337 10308
f 10345 10337 10301
f 10308 10302 10301
f 10301 10302 10294
f 10294 10302 10265
f 10496 10533 10476
f 10552 10533 10496
f 10496 10476 10453
f 10476 10458 10412
f 10476 10412 10367
f 10476 10367 10387
f 10453 10476 10387
f 10412 10458 10407
f 10495 10473 10520
f 10495 10520 10521
f 10547 10520 10563
f 10521 10520 10547
f 10547 10563 10582
f 10294 10265 10259
f 10271 10259 10257
f 10257 10259 10255
f 10259 10253 10232
f 10255 10259 10232
f 10271 10294 10259
f 10232 10253 10210
f 10232 10210 10202
f 10200 10232 10202
f 10200 10202 10197
f 10202 10198 10177
f 10197 10202 10177
f 10177 10198 10168
f 10177 10168 10149
f 10177 10149 10144
f 10144 10149 10092
f 10092 10149 10085
f 10092 10085 10089
f 10068 10085 10043
f 10089 10085 10068
f 10068 10043 10015
f 10015 10043 9978
f 10043 10042 9978
f 9978 10042 9968
f 10042 10039 9968
f 9968 10039 9969
f 10039 10037 9969
f 10266 10277 10304
f 10266 10238 10277
f 10224 10277 10238
f 10220 10224 10203
f 10239 10203 10224
f 10239 10224 10238
f 10173 10163 10181
f 10173 10181 10203
f 10203 10181 10220
f 10139 10147 10113
f 10139 10163 10147
f 10090 10139 10113
f 10173 10147 10163
f 10037 10090 10031
f 10090 10076 10031
f 10090 10113 10076
f 9969 10037 9982
f 10037 10031 9982
f 10425 10433 10473
f 10464 10425 10473
f 10464 10473 10495
f 10399 10433 10425
f 10282 10266 10304
f 10324 10360 10375
f 10375 10360 10399
f 10375 10399 10425
f 10573 10547 10582
f 10573 10582 10592
f 9767 9759 9712
f 9712 9673 9652
f 9712 9759 9673
f 9624 9619 9575
f 9624 9622 9619
f 9652 9673 9599
f 9652 9599 9597
f 9622 9652 9597
f 9622 9597 9593
f 9593 9619 9622
f 9575 9619 9582
f 9582 9542 9575
f 9575 9542 9519
f 9481 9439 9519
f 9439 9453 9519
f 9519 9542 9481
f 9361 9453 9439
f 9361 9379 9453
f 9453 9379 9430
f 9453 9430 9490
f 9430 9489 9490
f 9316 9366 9379
f 9316 9286 9366
f 9379 9366 9430
f 9186 9138 9216
f 9138 9185 9216
f 9186 9216 9252
f 9138 9134 9185
f 9134 9144 9185
f 9185 9144 9226
f 9226 9144 9247
f 9144 9161 9247
f 9161 9170 9247
f 9247 9170 9238
f 9209 9186 9252
f 9209 9252 9286
f 9258 9209 9286
f 9258 9286 9316
f 9170 9228 9238
f 9194 9228 9170
f 9218 9228 9194
f 9218 9221 9228
f 9228 9221 9229
f 9228 9229 9276
f 9276 9229 9265
f 9276 9265 9317
f 9317 9265 9262
f 9317 9262 9327
f 9317 9327 9352
f 9352 9348 9317
f 9317 9348 9350
f 9350 9348 9380
f 9352 9380 9348
f 9394 9380 9352
f 9394 9417 9380
f 9447 9417 9394
f 9447 9394 9376
f 9416 9447 9376
f 9416 9468 9447
f 9506 9447 9468
f 9438 9468 9416
f 9501 9468 9438
f 10596 10592 10616
f 10596 10616 10610
f 10596 10573 10592
f 9539 9501 9495
f 9469 9501 9438
f 9495 9501 9469
f 9517 9539 9495
f 9557 9539 9517
f 9703 9708 9674
f 9703 9674 9633
f 9633 9674 9636
f 9674 9666 9636
f 9636 9666 9627
f 9564 9591 9557
f 9627 9591 9589
f 9589 9591 9564
f 9564 9557 9521
f 9521 9557 9517
f 9636 9627 9589
f 9765 9703 9665
f 9665 9703 9633
f 9736 9765 9665
f 9759 9736 9673
f 9673 9736 9665
f 10424 10546 10651
f 10424 10651 10524
f 10524 10651 10612
f 10639 10613 10612
f 10612 10613 10568
f 10612 10568 10524
f 10614 10613 10629
f 10568 10613 10614
f 10501 10552 10496
f 10501 10496 10475
f 10484 10501 10475
f 10435 10457 10513
f 10435 10513 10546
f 10513 10481 10514
f 10457 10481 10513
f 10435 10546 10424
f 10481 10490 10514
f 10514 10490 10529
f 10529 10490 10493
f 10529 10493 10503
f 10529 10503 10528
f 10529 10528 10549
f 10549 10535 10565
f 10549 10528 10535
f 10565 10535 10561
f 10565 10561 10580
f 10580 10561 10572
f 10580 10572 10589
f 10589 10572 10581
f 10589 10581 10602
f 10602 10581 10596
f 10581 10573 10596
f 10412 10407 10345
f 10412 10345 10306
f 10306 10345 10301
f 10306 10301 10271
f 10301 10294 10271
f 10475 10496 10453
f 10409 10453 10377
f 10377 10453 10387
f 10475 10453 10455
f 10455 10453 10409
f 10367 10412 10306
f 10387 10367 10317
f 10317 10367 10306
f 10377 10387 10334
f 10334 10387 10317
f 10515 10495 10521
f 10487 10495 10515
f 10487 10464 10495
f 10515 10521 10539
f 10539 10521 10547
f 10539 10547 10573
f 10306 10271 10257
f 10306 10257 10241
f 10257 10255 10200
f 10223 10257 10200
f 10241 10257 10223
f 10200 10255 10232
f 10200 10197 10169
f 10174 10200 10169
f 10223 10200 10174
f 10169 10197 10171
f 10177 10171 10197
f 10144 10171 10177
f 10131 10169 10144
f 10131 10144 10083
f 10083 10144 10089
f 10144 10092 10089
f 10169 10171 10144
f 10083 10089 10057
f 10089 10068 10057
f 10057 10068 10027
f 10027 10068 10015
f 10015 9978 9970
f 9980 10015 9970
f 10027 10015 9980
f 9970 9978 9922
f 9922 9978 9898
f 9978 9968 9898
f 9968 9969 9903
f 9898 9968 9903
f 9969 9982 9919
f 9969 9919 9903
f 10239 10238 10266
f 10282 10239 10266
f 10188 10173 10203
f 10188 10150 10173
f 10150 10147 10173
f 10119 10113 10147
f 10119 10147 10150
f 10111 10076 10113
f 10111 10113 10119
f 10020 10031 10032
f 10032 10031 10033
f 10031 10076 10033
f 10020 9966 10031
f 9982 10031 9966
f 10078 10076 10111
f 10078 10033 10076
f 9982 9966 9919
f 10375 10425 10422
f 10422 10425 10464
f 10463 10422 10464
f 10463 10464 10487
f 10320 10324 10375
f 10355 10320 10375
f 10355 10375 10392
f 10392 10375 10422
f 10561 10539 10573
f 10561 10573 10581
f 9673 9665 9588
f 9673 9588 9599
f 9582 9619 9593
f 9545 9599 9530
f 9597 9599 9545
f 9599 9588 9530
f 9593 9597 9567
f 9567 9597 9545
f 9582 9593 9567
f 9567 9542 9582
f 9515 9542 9567
f 9515 9481 9542
f 9463 9481 9515
f 9433 9439 9481
f 9463 9433 9481
f 9378 9439 9433
f 9378 9361 9439
f 9318 9361 9378
f 9318 9292 9361
f 9292 9303 9361
f 9303 9379 9361
f 9303 9316 9379
f 9303 9258 9316
f 9155 9186 9209
f 9155 9142 9186
f 9142 9138 9186
f 9094 9138 9142
f 9072 9138 9094
f 9082 9134 9138
f 9072 9082 9138
f 9082 9065 9134
f 9134 9065 9144
f 9065 9117 9144
f 9117 9161 9144
f 9161 9128 9170
f 9117 9128 9161
f 9128 9112 9170
f 9112 9153 9170
f 9170 9153 9194
f 9190 9209 9258
f 9140 9155 9209
f 9190 9140 9209
f 9190 9258 9234
f 9234 9258 9303
f 9194 9221 9218
f 9194 9153 9221
f 9221 9265 9229
f 9184 9221 9153
f 9262 9221 9184
f 9262 9265 9221
f 9233 9327 9262
f 9233 9262 9184
f 9327 9394 9352
f 9320 9327 9233
f 9376 9327 9320
f 9376 9394 9327
f 9356 9416 9376
f 9356 9376 9320
f 9438 9416 9356
f 9411 9438 9356
f 9469 9438 9411
f 9512 9517 9495
f 9512 9495 9473
f 9473 9495 9469
f 9469 9411 9425
f 9420 9469 9425
f 9473 9469 9420
f 9516 9517 9512
f 9521 9517 9516
f 9636 9589 9633
f 9633 9589 9561
f 9573 9633 9561
f 9665 9633 9573
f 9550 9564 9521
f 9589 9564 9550
f 9561 9589 9550
f 9550 9521 9516
f 9588 9665 9573
f 10331 10333 10424
f 10424 10376 10331
f 10424 10524 10460
f 10424 10460 10376
f 10424 10333 10435
f 10524 10504 10460
f 10524 10568 10504
f 10443 10475 10455
f 10484 10475 10443
f 10467 10484 10443
f 10333 10371 10435
f 10371 10404 10435
f 10435 10404 10431
f 10435 10431 10457
f 10457 10423 10440
f 10457 10440 10481
f 10431 10423 10457
f 10481 10440 10441
f 10441 10474 10481
f 10481 10474 10490
f 10490 10463 10493
f 10474 10463 10490
f 10463 10487 10493
f 10493 10487 10503
f 10503 10487 10515
f 10503 10515 10528
f 10528 10536 10535
f 10528 10515 10536
f 10536 10561 10535
f 10536 10539 10561
f 10561 10581 10572
f 10258 10306 10241
f 10317 10306 10258
f 10443 10409 10397
f 10397 10409 10374
f 10374 10409 10361
f 10361 10409 10377
f 10443 10455 10409
f 10334 10323 10377
f 10361 10377 10323
f 10334 10317 10284
f 10284 10317 10258
f 10290 10323 10334
f 10334 10284 10290
f 10536 10515 10539
f 10258 10241 10222
f 10222 10241 10179
f 10241 10223 10179
f 10179 10223 10174
f 10174 10169 10131
f 10179 10174 10125
f 10125 10174 10131
f 10131 10083 10073
f 10125 10131 10073
f 10028 10083 10057
f 10073 10083 10028
f 10057 10027 10005
f 9995 10057 10005
f 10028 10057 9995
f 10005 10027 9980
f 9980 9970 9973
f 9973 9970 9964
f 9964 9970 9927
f 9927 9970 9922
f 10005 9980 9973
f 9922 9898 9872
f 9887 9922 9872
f 9927 9922 9887
f 9872 9898 9833
f 9898 9903 9833
f 9833 9903 9853
f 9903 9919 9853
f 9853 9919 9855
f 9920 9919 9966
f 9920 9889 9919
f 9855 9919 9889
f 10182 10155 10188
f 10155 10150 10188
f 10115 10119 10150
f 10115 10150 10155
f 10115 10078 10119
f 10111 10119 10078
f 9977 9966 10020
f 10020 10032 9977
f 10006 9977 10032
f 10032 10033 10078
f 10065 10032 10078
f 10006 10032 10065
f 9920 9966 9977
f 10065 10078 10115
f 10416 10422 10463
f 10416 10392 10422
f 10441 10416 10463
f 10441 10463 10474
f 10313 10320 10355
f 10381 10355 10392
f 10349 10355 10381
f 10349 10313 10355
f 10381 10392 10416
f 9530 9588 9493
f 9588 9573 9493
f 9567 9545 9515
f 9545 9530 9478
f 9545 9478 9477
f 9515 9545 9477
f 9478 9530 9448
f 9530 9493 9448
f 9515 9477 9463
f 9463 9477 9432
f 9463 9432 9431
f 9431 9433 9463
f 9402 9433 9431
f 9402 9378 9433
f 9340 9378 9372
f 9340 9318 9378
f 9372 9378 9402
f 9299 9263 9318
f 9263 9292 9318
f 9299 9318 9340
f 9234 9303 9292
f 9263 9234 9292
f 9140 9094 9155
f 9094 9142 9155
f 9035 9094 9070
f 9070 9094 9140
f 9043 9072 9094
f 9035 9043 9094
f 9016 9072 9043
f 9016 9082 9072
f 9016 8961 9082
f 8961 9065 9082
f 9065 9020 9117
f 8961 9020 9065
f 9020 9022 9117
f 9022 9078 9117
f 9117 9078 9128
f 9078 9103 9128
f 9128 9103 9112
f 9112 9089 9114
f 9114 9153 9112
f 9103 9089 9112
f 9184 9153 9114
f 9163 9113 9190
f 9163 9190 9234
f 9113 9140 9190
f 9070 9140 9113
f 9192 9234 9263
f 9192 9163 9234
f 9233 9184 9160
f 9160 9184 9114
f 9177 9233 9160
f 9177 9257 9233
f 9233 9257 9320
f 9356 9320 9304
f 9304 9320 9257
f 9310 9356 9304
f 9364 9356 9333
f 9364 9411 9356
f 9333 9356 9310
f 9425 9411 9398
f 9398 9411 9364
f 9516 9512 9473
f 9516 9473 9467
f 9467 9473 9434
f 9473 9420 9434
f 9420 9425 9398
f 9420 9398 9367
f 9388 9420 9367
f 9434 9420 9388
f 9504 9516 9467
f 9561 9550 9516
f 9561 9516 9504
f 9573 9561 9504
f 9493 9573 9504
f 10264 10333 10331
f 10327 10331 10376
f 10272 10331 10327
f 10272 10264 10331
f 10333 10326 10371
f 10333 10283 10326
f 10327 10376 10373
f 10402 10376 10420
f 10376 10460 10420
f 10373 10376 10402
f 10460 10504 10502
f 10467 10460 10502
f 10420 10460 10467
f 10467 10443 10420
f 10420 10443 10402
f 10402 10443 10397
f 10326 10356 10371
f 10371 10356 10404
f 10356 10395 10404
f 10404 10395 10423
f 10404 10423 10431
f 10395 10440 10423
f 10395 10441 10440
f 10395 10416 10441
f 10284 10258 10222
f 10402 10397 10373
f 10366 10397 10374
f 10373 10397 10366
f 10361 10342 10374
f 10366 10374 10342
f 10297 10342 10361
f 10297 10361 10292
f 10361 10323 10292
f 10292 10323 10281
f 10281 10323 10290
f 10290 10284 10256
f 10236 10284 10222
f 10256 10284 10236
f 10281 10290 10256
f 10222 10179 10151
f 10212 10222 10151
f 10212 10236 10222
f 10114 10179 10125
f 10151 10179 10114
f 10041 10125 10011
f 10125 10073 10011
f 10114 10125 10041
f 10011 10073 10028
f 10011 10028 9960
f 10028 9995 9960
f 9995 10005 9973
f 9960 9995 9946
f 9995 9973 9946
f 9946 9973 9964
f 9964 9927 9946
f 9946 9927 9902
f 9902 9927 9887
f 9887 9872 9859
f 9859 9872 9816
f 9872 9833 9820
f 9872 9820 9806
f 9816 9872 9806
f 9878 9902 9887
f 9878 9887 9859
f 9820 9833 9762
f 9762 9833 9766
f 9766 9833 9810
f 9833 9853 9810
f 9853 9855 9796
f 9853 9796 9810
f 9855 9815 9796
f 9855 9889 9856
f 9855 9856 9815
f 9868 9920 9904
f 9904 9920 9950
f 9950 9920 9977
f 9868 9889 9920
f 9868 9856 9889
f 10124 10155 10182
f 10138 10124 10182
f 10124 10115 10155
f 10124 10065 10115
f 9950 9977 10006
f 10014 9950 10006
f 10014 10006 10065
f 10079 10014 10065
f 10079 10065 10124
f 10395 10381 10416
f 10314 10313 10349
f 10395 10349 10381
f 10356 10314 10349
f 10356 10349 10395
f 9493 9504 9427
f 9493 9427 9413
f 9448 9493 9413
f 9449 9478 9436
f 9478 9448 9436
f 9477 9478 9449
f 9477 9449 9432
f 9448 9413 9370
f 9390 9448 9370
f 9436 9448 9390
f 9402 9432 9393
f 9432 9419 9393
f 9432 9449 9419
f 9431 9432 9402
f 9402 9393 9372
f 9372 9355 9340
f 9340 9324 9299
f 9340 9355 9324
f 9372 9393 9355
f 9266 9263 9299
f 9299 9293 9266
f 9299 9324 9293
f 9219 9192 9263
f 9219 9263 9266
f 8990 9035 9070
f 9000 9043 9035
f 8957 9000 9035
f 8990 8957 9035
f 8990 9070 9087
f 9087 9070 9113
f 9000 9016 9043
f 8938 8961 9016
f 9000 8938 9016
f 8879 8891 8961
f 8938 8879 8961
f 8961 8965 9020
f 8891 8965 8961
f 8965 9022 9020
f 8965 8989 9022
f 9022 9029 9078
f 9022 8989 9029
f 9029 9042 9078
f 9078 9042 9084
f 9078 9084 9103
f 9084 9089 9103
f 9084 9013 9089
f 9052 9089 9013
f 9114 9089 9052
f 9036 9114 9052
f 9108 9114 9036
f 9108 9160 9114
f 9132 9163 9192
f 9132 9087 9163
f 9087 9113 9163
f 9165 9132 9192
f 9165 9192 9219
f 9177 9160 9108
f 9107 9177 9108
f 9154 9211 9177
f 9211 9257 9177
f 9154 9177 9107
f 9259 9257 9211
f 9304 9257 9259
f 9310 9304 9259
f 9271 9310 9259
f 9333 9310 9271
f 9367 9364 9362
f 9362 9364 9357
f 9357 9364 9333
f 9367 9398 9364
f 9357 9333 9311
f 9311 9333 9271
f 9467 9434 9427
f 9504 9467 9427
f 9427 9434 9359
f 9359 9434 9388
f 9388 9367 9362
f 9359 9388 9362
f 10153 10218 10264
f 10153 10264 10272
f 10327 10373 10366
f 10366 10342 10327
f 10327 10342 10297
f 10297 10272 10327
f 10228 10153 10272
f 10228 10272 10269
f 10269 10272 10297
f 10319 10356 10326
f 10319 10314 10356
f 10297 10292 10269
f 10248 10292 10281
f 10269 10292 10248
f 10248 10281 10256
f 10248 10256 10207
f 10207 10256 10236
f 10207 10236 10212
f 10212 10151 10160
f 10160 10151 10140
f 10140 10151 10117
f 10117 10151 10060
f 10151 10114 10060
f 10212 10194 10207
f 10160 10194 10212
f 10060 10114 10041
f 10060 10041 9981
f 9981 10041 10011
f 9981 10011 9945
f 9945 10011 9881
f 10011 9960 9915
f 10011 9915 9881
f 9960 9946 9921
f 9915 9960 9921
f 9946 9902 9921
f 9870 9902 9878
f 9921 9902 9870
f 9870 9878 9859
f 9859 9816 9804
f 9870 9859 9804
f 9804 9816 9792
f 9816 9806 9792
f 9806 9820 9762
f 9806 9762 9769
f 9792 9806 9769
f 9769 9762 9760
f 9762 9766 9731
f 9762 9731 9760
f 9766 9810 9796
f 9766 9796 9710
f 9766 9710 9691
f 9691 9690 9766
f 9766 9690 9731
f 9796 9815 9754
f 9796 9754 9710
f 9764 9754 9815
f 9764 9815 9813
f 9813 9815 9830
f 9815 9856 9830
f 9868 9830 9856
f 9813 9830 9868
f 9868 9864 9813
f 9868 9904 9864
f 9934 9904 9950
f 9864 9904 9934
f 9934 9950 10014
f 10079 10124 10138
f 10082 10079 10138
f 10121 10082 10138
f 10121 10138 10178
f 9998 10014 10045
f 10045 10014 10079
f 9998 9934 10014
f 10082 10045 10079
f 9343 9427 9359
f 9413 9427 9343
f 9413 9343 9370
f 9449 9436 9419
f 9419 9436 9390
f 9390 9370 9336
f 9370 9343 9308
f 9336 9370 9308
f 9344 9390 9336
f 9390 9369 9419
f 9344 9369 9390
f 9393 9369 9355
f 9393 9419 9369
f 9326 9324 9355
f 9355 9369 9326
f 9326 9293 9324
f 9219 9266 9222
f 9246 9222 9266
f 9266 9290 9246
f 9266 9293 9290
f 9290 9293 9326
f 9219 9222 9188
f 9188 9165 9219
f 8936 8990 8987
f 8987 8990 9054
f 9054 8990 9087
f 8936 8957 8990
f 8957 8911 9000
f 8911 8938 9000
f 8884 8911 8957
f 8884 8957 8936
f 9054 9087 9132
f 8859 8938 8911
f 8859 8879 8938
f 8859 8798 8879
f 8798 8806 8879
f 8806 8864 8879
f 8864 8891 8879
f 8796 8888 8891
f 8891 8888 8965
f 8864 8796 8891
f 8888 8928 8965
f 8928 8989 8965
f 8989 9006 9029
f 8989 8943 9006
f 8928 8943 8989
f 9029 9006 9042
f 9006 9013 9042
f 9042 9013 9084
f 9006 9005 9013
f 9052 9013 9005
f 9036 9052 9005
f 9107 9108 9036
f 9033 9107 9036
f 9033 9036 8942
f 9036 9005 8970
f 8942 9036 8970
f 9101 9054 9132
f 9101 9132 9165
f 9139 9165 9188
f 9139 9101 9165
f 9106 9154 9107
f 9106 9107 9033
f 9164 9154 9106
f 9164 9211 9154
f 9220 9211 9164
f 9259 9211 9220
f 9271 9259 9220
f 9271 9220 9212
f 9244 9271 9212
f 9244 9311 9271
f 9362 9311 9295
f 9359 9362 9295
f 9362 9357 9311
f 9295 9311 9244
f 9343 9359 9275
f 9275 9359 9295
f 9983 10053 10153
f 10153 10053 10126
f 10126 10218 10153
f 10051 10153 10106
f 10106 10153 10228
f 9983 10153 10051
f 10126 10167 10218
f 10228 10269 10248
f 10187 10228 10248
f 10106 10228 10187
f 10187 10248 10194
f 10248 10207 10194
f 10140 10134 10160
f 10134 10148 10160
f 10160 10148 10194
f 10117 10134 10140
f 10086 10134 10117
f 10086 10117 10066
f 10117 10071 10066
f 10117 10060 10071
f 10025 10060 9981
f 10071 10060 10025
f 10187 10194 10148
f 10025 9981 9976
f 9976 9981 9932
f 9981 9945 9917
f 9932 9981 9917
f 9917 9945 9881
f 9881 9877 9866
f 9881 9915 9877
f 9917 9881 9866
f 9877 9915 9851
f 9915 9921 9851
f 9851 9921 9870
f 9851 9870 9804
f 9851 9804 9735
f 9804 9744 9735
f 9804 9792 9761
f 9804 9761 9744
f 9761 9792 9752
f 9792 9769 9752
f 9769 9760 9734
f 9752 9769 9734
f 9760 9731 9716
f 9734 9760 9716
f 9731 9690 9681
f 9716 9731 9681
f 9701 9710 9754
f 9701 9648 9710
f 9642 9710 9648
f 9691 9710 9642
f 9691 9625 9690
f 9642 9625 9691
f 9681 9690 9631
f 9631 9690 9625
f 9701 9754 9764
f 9813 9746 9764
f 9764 9746 9701
f 9813 9864 9797
f 9797 9746 9813
f 9797 9864 9826
f 9826 9864 9884
f 9884 9864 9934
f 9941 9884 9934
f 9941 9934 9998
f 10056 10082 10121
f 10056 10036 10082
f 10036 10045 10082
f 10136 10121 10178
f 10056 10121 10136
f 9941 9998 9996
f 10036 9998 10045
f 9996 9998 10036
f 9267 9343 9275
f 9308 9343 9267
f 9344 9336 9287
f 9336 9308 9281
f 9287 9336 9281
f 9281 9308 9237
f 9237 9308 9267
f 9326 9344 9287
f 9326 9369 9344
f 9326 9287 9290
f 9210 9222 9246
f 9188 9222 9210
f 9246 9224 9210
f 9246 9287 9224
f 9290 9287 9246
f 9188 9178 9139
f 9188 9210 9178
f 8895 8884 8936
f 8895 8936 8933
f 8933 8936 8987
f 8933 8987 8980
f 8980 8987 9034
f 9034 8987 9054
f 9034 9054 9101
f 8838 8859 8911
f 8838 8911 8884
f 8852 8884 8895
f 8815 8838 8884
f 8852 8815 8884
f 8801 8798 8859
f 8801 8859 8838
f 8736 8798 8801
f 8696 8806 8798
f 8736 8696 8798
f 8696 8796 8806
f 8806 8796 8864
f 8696 8666 8796
f 8666 8744 8796
f 8796 8744 8769
f 8796 8769 8888
f 8888 8839 8928
f 8769 8839 8888
f 8839 8885 8928
f 8928 8885 8917
f 8917 8943 8928
f 8996 9005 9006
f 8996 9006 8943
f 8917 8937 8943
f 8996 8943 8937
f 8996 8964 9005
f 8970 9005 8964
f 9033 8942 8916
f 8959 9033 8916
f 9045 9106 9033
f 8959 9045 9033
f 8820 8942 8853
f 8942 8914 8853
f 8942 8970 8914
f 8916 8942 8820
f 8970 8964 8926
f 8914 8970 8926
f 9067 9034 9101
f 9067 9101 9139
f 9139 9178 9129
f 9129 9097 9139
f 9067 9139 9097
f 9104 9164 9106
f 9104 9106 9045
f 9136 9164 9104
f 9182 9220 9164
f 9182 9164 9136
f 9212 9220 9182
f 9207 9244 9212
f 9207 9212 9200
f 9200 9212 9182
f 9295 9244 9207
f 9275 9295 9207
f 9267 9275 9225
f 9275 9207 9206
f 9225 9275 9206
f 9845 9900 9983
f 9845 9983 9944
f 9944 9983 10051
f 9983 9990 10053
f 9900 9990 9983
f 9990 10016 10053
f 10053 10059 10126
f 10053 10016 10059
f 10059 10087 10126
f 10126 10087 10167
f 9944 10051 10021
f 10086 10051 10106
f 10021 10051 10086
f 10187 10148 10106
f 10106 10148 10086
f 10087 10143 10167
f 10086 10148 10134
f 10086 10066 10035
f 10021 10086 10035
f 10066 10071 10018
f 10018 10035 10066
f 10018 10071 10025
f 10018 10025 9976
f 9939 9976 9932
f 9959 9976 9939
f 10018 9976 9959
f 9939 9932 9901
f 9901 9932 9888
f 9932 9917 9888
f 9888 9917 9866
f 9866 9877 9808
f 9781 9877 9851
f 9808 9877 9781
f 9888 9866 9858
f 9858 9866 9828
f 9828 9866 9808
f 9781 9851 9735
f 9781 9735 9686
f 9686 9735 9671
f 9735 9744 9704
f 9735 9704 9671
f 9704 9744 9725
f 9744 9761 9726
f 9744 9726 9725
f 9761 9752 9726
f 9726 9752 9723
f 9752 9734 9723
f 9723 9734 9685
f 9734 9716 9685
f 9716 9681 9685
f 9685 9681 9638
f 9638 9681 9631
f 9661 9648 9701
f 9701 9746 9661
f 9642 9648 9605
f 9612 9605 9648
f 9661 9612 9648
f 9642 9596 9625
f 9605 9596 9642
f 9631 9625 9565
f 9565 9625 9563
f 9625 9596 9563
f 9581 9631 9565
f 9638 9631 9581
f 9661 9746 9717
f 9717 9746 9797
f 9756 9717 9797
f 9797 9826 9756
f 9841 9826 9884
f 9787 9826 9841
f 9787 9756 9826
f 9895 9884 9941
f 9841 9884 9895
f 9928 9941 9996
f 9928 9895 9941
f 10013 9996 10056
f 10013 10056 10049
f 10049 10056 10077
f 10091 10056 10136
f 10077 10056 10091
f 10056 9996 10036
f 10109 10091 10136
f 10109 10136 10142
f 9975 9928 9996
f 9975 9996 10013
f 9191 9267 9225
f 9237 9267 9191
f 9287 9214 9224
f 9287 9281 9214
f 9214 9281 9237
f 9214 9237 9152
f 9237 9191 9152
f 9210 9224 9178
f 9224 9214 9178
f 9178 9118 9122
f 9178 9214 9118
f 9129 9178 9122
f 8857 8852 8895
f 8931 8895 8933
f 8857 8895 8931
f 8931 8933 8980
f 8969 8931 8980
f 8969 8980 9021
f 8980 9034 9021
f 9021 9034 9067
f 8754 8838 8815
f 8754 8801 8838
f 8789 8852 8857
f 8802 8815 8852
f 8789 8802 8852
f 8747 8754 8815
f 8747 8815 8802
f 8736 8801 8754
f 8754 8703 8736
f 8657 8696 8736
f 8657 8736 8703
f 8657 8601 8696
f 8601 8513 8696
f 8513 8540 8696
f 8696 8540 8666
f 8666 8631 8700
f 8666 8700 8744
f 8540 8631 8666
f 8700 8769 8744
f 8700 8720 8769
f 8769 8720 8752
f 8769 8752 8786
f 8769 8786 8839
f 8839 8786 8844
f 8839 8844 8885
f 8885 8863 8896
f 8885 8896 8917
f 8844 8863 8885
f 8917 8896 8937
f 8937 8964 8996
f 8890 8937 8896
f 8890 8926 8937
f 8937 8926 8964
f 8906 8959 8916
f 8906 8916 8837
f 8837 8916 8820
f 9019 8959 8955
f 9019 9045 8959
f 8955 8959 8906
f 9058 9045 9019
f 9058 9104 9045
f 8739 8820 8672
f 8739 8837 8820
f 8820 8750 8672
f 8820 8853 8750
f 8853 8914 8867
f 8799 8853 8867
f 8750 8853 8799
f 8914 8926 8867
f 8867 8926 8890
f 9067 9097 9046
f 9046 9021 9067
f 9129 9122 9085
f 9085 9097 9129
f 9046 9097 9085
f 9081 9136 9104
f 9081 9104 9058
f 9125 9136 9081
f 9157 9182 9136
f 9157 9136 9125
f 9200 9182 9157
f 9206 9207 9200
f 9206 9200 9147
f 9200 9157 9147
f 9191 9225 9179
f 9179 9225 9206
f 9179 9206 9147
f 9751 9780 9845
f 9818 9751 9845
f 9818 9845 9871
f 9845 9824 9900
f 9845 9944 9871
f 9780 9824 9845
f 9824 9857 9900
f 9900 9924 9990
f 9900 9857 9924
f 9987 9944 10021
f 9914 9944 9987
f 9871 9944 9914
f 9924 9965 9990
f 9990 9965 10016
f 10016 9985 10026
f 10016 10026 10059
f 9965 9985 10016
f 10059 10026 10087
f 10087 10049 10077
f 10087 10077 10109
f 10087 10109 10143
f 10026 10049 10087
f 10021 10035 9987
f 10143 10109 10142
f 9987 10035 10018
f 9987 10018 9959
f 9901 9925 9939
f 9939 9925 9959
f 9914 9987 9959
f 9914 9959 9925
f 9914 9925 9901
f 9914 9901 9861
f 9901 9888 9861
f 9861 9888 9858
f 9786 9808 9727
f 9727 9808 9781
f 9786 9828 9808
f 9727 9781 9684
f 9781 9686 9684
f 9861 9858 9814
f 9814 9858 9809
f 9858 9828 9809
f 9809 9828 9786
f 9592 9686 9671
f 9645 9686 9592
f 9684 9686 9645
f 9671 9600 9592
f 9704 9659 9671
f 9671 9659 9600
f 9704 9725 9714
f 9704 9714 9659
f 9726 9723 9725
f 9725 9723 9714
f 9723 9685 9639
f 9672 9723 9639
f 9714 9723 9672
f 9685 9638 9639
f 9608 9638 9581
f 9639 9638 9608
f 9661 9717 9644
f 9661 9644 9614
f 9614 9612 9661
f 9612 9579 9605
f 9566 9596 9605
f 9566 9605 9579
f 9614 9574 9612
f 9574 9579 9612
f 9566 9563 9596
f 9581 9565 9520
f 9565 9563 9492
f 9565 9492 9520
f 9563 9532 9492
f 9566 9532 9563
f 9608 9581 9551
f 9551 9581 9520
f 9679 9717 9756
f 9679 9644 9717
f 9724 9679 9756
f 9724 9756 9787
f 9782 9787 9841
f 9782 9841 9862
f 9862 9841 9895
f 9782 9724 9787
f 9862 9895 9928
f 9883 9862 9928
f 9883 9928 9930
f 9930 9928 9975
f 10026 10013 10049
f 10026 9975 10013
f 10077 10091 10109
f 9952 9930 9975
f 9952 9975 9985
f 9985 9975 10026
f 9191 9179 9124
f 9152 9191 9124
f 9214 9152 9118
f 9152 9124 9071
f 9118 9152 9071
f 9118 9071 9025
f 9047 9118 9025
f 9122 9118 9079
f 9079 9118 9047
f 9085 9122 9079
f 8857 8931 8836
f 8836 8789 8857
f 8836 8931 8900
f 8900 8931 8969
f 8952 8969 8999
f 8999 8969 9046
f 8900 8969 8952
f 8969 9021 9046
f 8707 8703 8754
f 8707 8754 8747
f 8747 8802 8789
f 8676 8747 8789
f 8676 8789 8723
f 8723 8789 8836
f 8676 8683 8747
f 8683 8667 8747
f 8747 8667 8707
f 8658 8703 8707
f 8658 8657 8703
f 8658 8626 8657
f 8626 8601 8657
f 8588 8493 8601
f 8588 8601 8626
f 8493 8513 8601
f 8493 8416 8513
f 8416 8433 8513
f 8433 8540 8513
f 8433 8489 8540
f 8489 8580 8540
f 8540 8580 8631
f 8580 8639 8631
f 8639 8700 8631
f 8639 8665 8700
f 8665 8720 8700
f 8713 8752 8720
f 8713 8720 8665
f 8713 8764 8752
f 8752 8764 8786
f 8786 8764 8804
f 8804 8843 8786
f 8786 8843 8844
f 8844 8843 8863
f 8890 8863 8843
f 8890 8896 8863
f 8867 8890 8843
f 8862 8906 8837
f 8915 8955 8906
f 8915 8906 8862
f 8819 8862 8837
f 8819 8837 8781
f 8781 8837 8739
f 8977 9019 8955
f 9031 9058 9019
f 9031 9019 8977
f 8977 8955 8915
f 9081 9058 9031
f 8717 8739 8662
f 8662 8739 8653
f 8717 8781 8739
f 8739 8672 8653
f 8672 8750 8637
f 8672 8637 8543
f 8653 8672 8543
f 8750 8751 8702
f 8750 8702 8637
f 8750 8799 8751
f 8799 8867 8804
f 8867 8843 8804
f 8799 8804 8756
f 8751 8799 8756
f 9046 9048 8999
f 9046 9085 9048
f 9085 9079 9048
f 9080 9081 9031
f 9080 9125 9081
f 9147 9157 9125
f 9147 9125 9080
f 9179 9147 9092
f 9092 9147 9080
f 9093 9179 9092
f 9124 9179 9093
f 9656 9707 9751
f 9751 9707 9780
f 9664 9751 9743
f 9743 9751 9818
f 9664 9656 9751
f 9780 9733 9783
f 9780 9783 9824
f 9707 9733 9780
f 9818 9871 9821
f 9818 9821 9743
f 9871 9914 9821
f 9783 9803 9824
f 9824 9803 9857
f 9857 9843 9876
f 9857 9876 9899
f 9857 9899 9924
f 9803 9843 9857
f 9924 9899 9931
f 9924 9931 9965
f 9861 9821 9914
f 9965 9952 9985
f 9931 9952 9965
f 9814 9821 9861
f 9777 9809 9786
f 9777 9786 9738
f 9786 9727 9738
f 9696 9727 9684
f 9738 9727 9696
f 9663 9684 9630
f 9630 9684 9645
f 9696 9684 9663
f 9814 9809 9794
f 9794 9821 9814
f 9794 9809 9777
f 9645 9592 9525
f 9525 9592 9524
f 9592 9600 9540
f 9592 9540 9524
f 9630 9645 9571
f 9571 9645 9525
f 9540 9600 9587
f 9600 9659 9587
f 9659 9714 9672
f 9659 9672 9632
f 9659 9632 9587
f 9672 9639 9632
f 9632 9639 9609
f 9609 9639 9608
f 9609 9608 9570
f 9570 9608 9551
f 9613 9584 9644
f 9613 9644 9679
f 9614 9644 9584
f 9584 9574 9614
f 9566 9579 9554
f 9554 9579 9574
f 9502 9532 9566
f 9554 9502 9566
f 9554 9574 9526
f 9526 9574 9584
f 9498 9520 9444
f 9444 9520 9386
f 9520 9492 9386
f 9551 9520 9498
f 9386 9492 9409
f 9492 9532 9451
f 9492 9451 9409
f 9502 9451 9532
f 9511 9551 9498
f 9570 9551 9511
f 9649 9613 9679
f 9649 9679 9724
f 9705 9724 9782
f 9649 9724 9705
f 9782 9862 9832
f 9799 9782 9832
f 9747 9782 9799
f 9747 9705 9782
f 9832 9862 9883
f 9843 9832 9883
f 9843 9883 9876
f 9916 9883 9930
f 9890 9883 9916
f 9876 9883 9890
f 9916 9930 9952
f 9931 9916 9952
f 9124 9093 9051
f 9071 9124 9051
f 9071 9051 8998
f 9025 9071 8998
f 9047 9025 9010
f 8963 9025 8949
f 9025 8998 8949
f 9010 9025 8963
f 9023 9047 9010
f 9048 9079 9047
f 9023 9048 9047
f 8836 8832 8770
f 8836 8900 8832
f 8770 8723 8836
f 8909 8900 8952
f 8847 8900 8909
f 8847 8832 8900
f 8999 8975 8952
f 8952 8975 8909
f 8999 9023 8975
f 8999 9048 9023
f 8667 8658 8707
f 8581 8676 8630
f 8581 8627 8676
f 8676 8627 8683
f 8630 8676 8723
f 8630 8723 8652
f 8652 8723 8770
f 8627 8667 8683
f 8627 8588 8667
f 8588 8658 8667
f 8588 8626 8658
f 8627 8570 8588
f 8553 8588 8570
f 8530 8493 8588
f 8553 8530 8588
f 8457 8493 8530
f 8361 8416 8493
f 8361 8493 8457
f 8361 8314 8416
f 8416 8326 8433
f 8314 8326 8416
f 8326 8368 8433
f 8433 8368 8489
f 8489 8444 8580
f 8368 8444 8489
f 8444 8475 8580
f 8580 8475 8486
f 8486 8555 8580
f 8580 8555 8583
f 8580 8583 8639
f 8583 8634 8639
f 8639 8634 8665
f 8634 8645 8665
f 8665 8645 8713
f 8713 8645 8702
f 8702 8756 8713
f 8756 8764 8713
f 8756 8804 8764
f 8876 8862 8817
f 8876 8915 8862
f 8817 8862 8819
f 8929 8915 8876
f 8929 8977 8915
f 8800 8819 8781
f 8817 8819 8812
f 8812 8819 8800
f 8800 8781 8738
f 8738 8781 8717
f 9031 8977 8983
f 8983 8977 8929
f 9037 9080 9031
f 9037 9031 9018
f 9018 9031 8983
f 8679 8717 8662
f 8738 8717 8679
f 8629 8662 8549
f 8679 8662 8629
f 8549 8662 8653
f 8653 8543 8456
f 8549 8653 8456
f 8637 8573 8541
f 8543 8637 8541
f 8637 8702 8573
f 8288 8543 8410
f 8543 8541 8410
f 8456 8543 8288
f 8751 8756 8702
f 8702 8645 8619
f 8573 8702 8619
f 9092 9080 9037
f 9093 9092 9038
f 9092 9037 9038
f 9051 9093 9038
f 9569 9617 9656
f 9604 9569 9656
f 9604 9656 9664
f 9656 9660 9707
f 9656 9617 9660
f 9660 9680 9707
f 9707 9680 9733
f 9606 9604 9664
f 9606 9664 9626
f 9743 9687 9664
f 9664 9687 9626
f 9743 9821 9741
f 9743 9741 9687
f 9680 9702 9733
f 9733 9702 9755
f 9733 9755 9783
f 9783 9755 9803
f 9741 9821 9794
f 9755 9773 9803
f 9773 9799 9803
f 9803 9799 9843
f 9799 9832 9843
f 9899 9876 9890
f 9890 9916 9899
f 9899 9916 9931
f 9777 9741 9794
f 9777 9738 9737
f 9737 9741 9777
f 9737 9738 9695
f 9695 9738 9696
f 9695 9696 9675
f 9675 9696 9663
f 9675 9663 9650
f 9663 9630 9623
f 9650 9663 9623
f 9623 9630 9576
f 9576 9630 9571
f 9525 9524 9480
f 9525 9480 9487
f 9571 9525 9487
f 9524 9483 9480
f 9524 9540 9483
f 9483 9540 9499
f 9587 9538 9540
f 9540 9538 9499
f 9576 9571 9508
f 9508 9571 9487
f 9587 9586 9538
f 9587 9632 9586
f 9632 9609 9586
f 9586 9609 9570
f 9586 9570 9538
f 9538 9570 9511
f 9543 9584 9613
f 9578 9613 9649
f 9578 9543 9613
f 9543 9526 9584
f 9526 9479 9554
f 9479 9502 9554
f 9479 9437 9502
f 9437 9451 9502
f 9526 9460 9479
f 9486 9460 9526
f 9543 9486 9526
f 9511 9498 9470
f 9470 9498 9444
f 9470 9444 9429
f 9444 9386 9399
f 9392 9444 9399
f 9429 9444 9392
f 9399 9386 9335
f 9386 9409 9332
f 9282 9386 9332
f 9335 9386 9282
f 9409 9451 9389
f 9332 9409 9389
f 9389 9451 9437
f 9538 9511 9499
f 9499 9511 9470
f 9578 9649 9598
f 9598 9649 9657
f 9657 9649 9705
f 9697 9657 9705
f 9697 9705 9747
f 9773 9747 9799
f 9730 9697 9747
f 9730 9747 9773
f 9051 9038 8984
f 8998 9051 8984
f 8998 8984 8908
f 8949 8998 8908
f 9023 9010 8975
f 8975 9010 8963
f 8924 8963 8899
f 8975 8963 8924
f 8963 8949 8899
f 8949 8908 8881
f 8899 8949 8881
f 8770 8832 8768
f 8768 8832 8847
f 8770 8768 8652
f 8909 8856 8847
f 8909 8975 8924
f 8909 8924 8856
f 8847 8856 8794
f 8768 8847 8794
f 8560 8528 8581
f 8560 8581 8630
f 8581 8532 8627
f 8528 8532 8581
f 8569 8630 8652
f 8569 8560 8630
f 8532 8570 8627
f 8625 8569 8652
f 8652 8768 8698
f 8652 8698 8625
f 8523 8553 8570
f 8532 8523 8570
f 8523 8530 8553
f 8523 8457 8530
f 8445 8409 8457
f 8361 8457 8409
f 8445 8457 8523
f 8375 8361 8409
f 8375 8289 8361
f 8289 8006 8361
f 8006 8314 8361
f 8314 8127 8326
f 8006 8127 8314
f 8127 8193 8326
f 8326 8193 8368
f 8193 8237 8368
f 8368 8237 8350
f 8368 8350 8444
f 8350 8391 8444
f 8391 8401 8444
f 8444 8401 8475
f 8475 8461 8486
f 8475 8401 8461
f 8486 8461 8482
f 8482 8575 8486
f 8486 8575 8555
f 8555 8575 8583
f 8583 8575 8619
f 8619 8634 8583
f 8619 8645 8634
f 8870 8876 8817
f 8870 8929 8876
f 8812 8870 8817
f 8956 8983 8929
f 8956 8929 8870
f 8753 8800 8738
f 8792 8812 8800
f 8792 8800 8753
f 8861 8812 8792
f 8861 8870 8812
f 8753 8738 8701
f 8701 8738 8679
f 9018 8983 8956
f 8956 9037 9018
f 9038 9037 8956
f 8636 8679 8629
f 8701 8679 8636
f 8558 8629 8524
f 8629 8549 8524
f 8636 8629 8622
f 8622 8629 8612
f 8612 8629 8558
f 8549 8456 8374
f 8435 8549 8374
f 8524 8549 8435
f 8106 8456 8288
f 8374 8456 8106
f 8575 8573 8619
f 8562 8573 8575
f 8562 8541 8573
f 8482 8541 8562
f 8410 8541 8482
f 8318 8288 8410
f 8104 8288 8318
f 8106 8288 7815
f 7815 8288 8104
f 8410 8482 8392
f 8410 8392 8318
f 8984 9038 8956
f 9569 9507 9568
f 9568 9617 9569
f 9528 9569 9604
f 9484 9569 9528
f 9484 9507 9569
f 9617 9583 9628
f 9617 9628 9660
f 9568 9583 9617
f 9546 9528 9604
f 9546 9604 9606
f 9660 9628 9680
f 9680 9658 9702
f 9628 9658 9680
f 9606 9626 9577
f 9606 9577 9546
f 9626 9676 9650
f 9626 9650 9590
f 9626 9687 9676
f 9590 9577 9626
f 9676 9687 9741
f 9695 9676 9741
f 9695 9741 9737
f 9658 9689 9702
f 9702 9730 9755
f 9702 9689 9730
f 9755 9730 9773
f 9675 9676 9695
f 9650 9676 9675
f 9650 9623 9590
f 9590 9623 9576
f 9508 9531 9576
f 9590 9576 9555
f 9555 9576 9531
f 9487 9480 9443
f 9443 9480 9363
f 9480 9441 9363
f 9480 9483 9441
f 9508 9487 9446
f 9446 9487 9443
f 9483 9499 9454
f 9483 9454 9441
f 9499 9470 9454
f 9508 9500 9531
f 9446 9458 9508
f 9508 9458 9500
f 9476 9543 9491
f 9491 9543 9578
f 9476 9486 9543
f 9537 9491 9578
f 9598 9537 9578
f 9479 9460 9418
f 9418 9437 9479
f 9418 9381 9437
f 9389 9437 9381
f 9418 9460 9414
f 9440 9460 9486
f 9440 9414 9460
f 9476 9440 9486
f 9454 9470 9429
f 9454 9429 9395
f 9395 9429 9392
f 9392 9399 9335
f 9395 9392 9351
f 9351 9392 9335
f 9351 9335 9309
f 9309 9335 9269
f 9335 9282 9269
f 9332 9272 9282
f 9332 9334 9272
f 9332 9389 9334
f 9269 9282 9235
f 9282 9272 9231
f 9282 9231 9235
f 9389 9381 9334
f 9634 9598 9657
f 9536 9537 9598
f 9655 9657 9697
f 9634 9657 9655
f 9689 9697 9730
f 9655 9697 9689
f 8984 8956 8898
f 8984 8898 8908
f 8908 8898 8845
f 8821 8908 8845
f 8881 8908 8821
f 8924 8899 8856
f 8899 8881 8833
f 8856 8899 8833
f 8833 8881 8821
f 8745 8768 8794
f 8698 8768 8745
f 8856 8833 8787
f 8794 8856 8787
f 8794 8787 8745
f 8569 8491 8560
f 8491 8528 8560
f 8447 8532 8528
f 8491 8447 8528
f 8447 8380 8532
f 8380 8445 8532
f 8532 8445 8523
f 8591 8569 8625
f 8554 8506 8569
f 8506 8491 8569
f 8554 8569 8591
f 8625 8698 8689
f 8625 8689 8655
f 8625 8655 8613
f 8625 8613 8591
f 8745 8719 8698
f 8698 8719 8689
f 8380 8375 8445
f 8375 8409 8445
f 8338 8289 8375
f 8338 8375 8380
f 8283 8289 8338
f 8283 8137 8289
f 8137 8006 8289
f 7548 8006 7854
f 7548 7764 8006
f 7764 7831 8006
f 8006 7831 8127
f 7854 8006 8137
f 7831 7953 8127
f 8127 7953 8193
f 7953 8023 8193
f 8193 8023 8237
f 8237 8086 8267
f 8237 8267 8350
f 8023 8086 8237
f 8350 8267 8323
f 8350 8323 8391
f 8329 8391 8323
f 8329 8392 8391
f 8391 8392 8401
f 8482 8401 8392
f 8482 8461 8401
f 8562 8575 8482
f 8956 8870 8861
f 8898 8956 8861
f 8727 8753 8701
f 8792 8753 8727
f 8826 8792 8757
f 8757 8792 8727
f 8826 8861 8792
f 8898 8861 8826
f 8727 8701 8680
f 8680 8701 8636
f 8680 8636 8622
f 8480 8558 8524
f 8548 8612 8558
f 8548 8558 8480
f 8524 8435 8427
f 8480 8524 8427
f 8614 8680 8622
f 8548 8614 8622
f 8548 8622 8612
f 8336 8435 8374
f 8336 8374 8112
f 8112 8374 8106
f 8427 8435 8354
f 8354 8435 8336
f 7617 8106 7536
f 7536 8106 7815
f 8112 8106 7617
f 8318 8255 8104
f 8329 8255 8318
f 8318 8392 8329
f 8104 8255 8086
f 8086 7978 8104
f 8104 7978 7825
f 7824 8104 7825
f 7824 7815 8104
f 7592 7815 7824
f 7417 7815 7592
f 7536 7815 7417
f 9455 9505 9507
f 9445 9455 9507
f 9507 9505 9568
f 9445 9507 9484
f 9568 9533 9583
f 9505 9533 9568
f 9513 9528 9546
f 9461 9528 9513
f 9461 9484 9528
f 9415 9445 9484
f 9415 9484 9461
f 9533 9548 9583
f 9546 9577 9529
f 9546 9529 9513
f 9658 9634 9655
f 9658 9655 9689
f 9555 9577 9590
f 9555 9529 9577
f 9446 9443 9384
f 9384 9443 9363
f 9384 9363 9294
f 9294 9363 9264
f 9363 9441 9368
f 9363 9368 9315
f 9363 9315 9264
f 9441 9454 9395
f 9441 9395 9368
f 9446 9384 9391
f 9391 9424 9446
f 9446 9424 9458
f 9474 9500 9458
f 9474 9458 9435
f 9435 9458 9424
f 9405 9440 9476
f 9491 9405 9476
f 9472 9491 9537
f 9406 9405 9491
f 9406 9491 9472
f 9472 9537 9536
f 9418 9414 9377
f 9377 9381 9418
f 9341 9334 9381
f 9341 9381 9377
f 9382 9377 9414
f 9382 9414 9440
f 9405 9382 9440
f 9368 9395 9351
f 9351 9309 9302
f 9313 9351 9302
f 9368 9351 9313
f 9309 9269 9273
f 9302 9309 9273
f 9269 9235 9223
f 9236 9269 9223
f 9273 9269 9236
f 9231 9272 9196
f 9272 9217 9196
f 9334 9289 9272
f 9272 9289 9217
f 9341 9289 9334
f 9223 9235 9208
f 9235 9231 9208
f 9208 9231 9171
f 9231 9196 9171
f 9510 9475 9536
f 9510 9536 9562
f 9475 9472 9536
f 8845 8898 8826
f 8821 8845 8785
f 8845 8826 8785
f 8833 8821 8759
f 8759 8821 8735
f 8821 8785 8735
f 8787 8833 8759
f 8745 8787 8719
f 8787 8759 8719
f 8432 8403 8491
f 8403 8447 8491
f 8432 8491 8506
f 8348 8447 8403
f 8348 8380 8447
f 8269 8283 8380
f 8283 8338 8380
f 8348 8269 8380
f 8591 8613 8554
f 8554 8613 8585
f 8554 8585 8508
f 8554 8508 8446
f 8446 8455 8554
f 8455 8464 8554
f 8464 8506 8554
f 8432 8506 8464
f 8689 8681 8655
f 8689 8719 8681
f 8655 8681 8654
f 8655 8654 8613
f 8585 8613 8635
f 8613 8654 8635
f 8719 8759 8671
f 8671 8681 8719
f 8003 8283 8269
f 8003 8137 8283
f 7854 8137 8003
f 7680 7548 7854
f 7414 7295 7548
f 7295 7400 7548
f 7548 7400 7764
f 7680 7414 7548
f 7680 7854 8003
f 7400 7495 7764
f 7764 7495 7831
f 7495 7953 7831
f 7495 7627 7953
f 7953 7627 7802
f 7953 7802 8023
f 7802 7847 8023
f 8023 7847 7972
f 8023 7972 8086
f 7972 7978 8086
f 8086 8255 8267
f 8267 8255 8275
f 8267 8275 8323
f 8323 8275 8329
f 8329 8275 8255
f 8693 8727 8680
f 8757 8727 8693
f 8785 8826 8757
f 8711 8757 8693
f 8785 8757 8711
f 8693 8680 8646
f 8646 8680 8614
f 8407 8480 8358
f 8358 8480 8427
f 8548 8480 8484
f 8484 8480 8407
f 8589 8614 8548
f 8589 8548 8519
f 8519 8548 8484
f 8358 8427 8354
f 8646 8614 8589
f 8268 8336 8112
f 8354 8336 8268
f 8268 8112 8012
f 7771 8112 7617
f 8012 8112 7771
f 8358 8354 8227
f 8227 8354 8268
f 7467 7771 7617
f 7467 7617 7271
f 7617 7536 7338
f 7271 7617 7338
f 7338 7536 7300
f 7417 7300 7536
f 7972 7864 7978
f 7825 7978 7864
f 7824 7825 7592
f 7847 7825 7864
f 7602 7825 7847
f 7592 7825 7602
f 7372 7417 7592
f 7592 7456 7372
f 7602 7456 7592
f 7417 7292 7300
f 7372 7292 7417
f 9404 9412 9455
f 9455 9412 9452
f 9455 9452 9505
f 9445 9404 9455
f 9505 9494 9533
f 9505 9452 9494
f 9374 9404 9445
f 9415 9374 9445
f 9494 9514 9533
f 9533 9514 9548
f 9513 9488 9461
f 9513 9529 9488
f 9423 9415 9461
f 9461 9450 9423
f 9461 9488 9450
f 9375 9415 9423
f 9312 9374 9415
f 9375 9312 9415
f 9548 9510 9562
f 9514 9510 9548
f 9342 9384 9294
f 9391 9384 9342
f 9294 9270 9342
f 9294 9264 9250
f 9294 9250 9270
f 9250 9264 9151
f 9151 9264 9174
f 9264 9260 9174
f 9315 9260 9264
f 9315 9368 9313
f 9315 9313 9260
f 9391 9383 9424
f 9435 9424 9397
f 9397 9424 9383
f 9435 9450 9474
f 9474 9450 9488
f 9435 9407 9450
f 9397 9407 9435
f 9339 9382 9405
f 9347 9405 9406
f 9347 9339 9405
f 9400 9406 9472
f 9400 9472 9475
f 9349 9347 9406
f 9349 9406 9400
f 9341 9377 9337
f 9382 9337 9377
f 9341 9337 9298
f 9298 9289 9341
f 9339 9337 9382
f 9313 9302 9261
f 9302 9273 9261
f 9260 9313 9261
f 9261 9273 9236
f 9223 9208 9180
f 9201 9223 9180
f 9236 9223 9201
f 9261 9236 9201
f 9196 9217 9159
f 9196 9159 9137
f 9171 9196 9137
f 9289 9249 9217
f 9217 9249 9198
f 9198 9173 9217
f 9217 9173 9159
f 9298 9249 9289
f 9208 9171 9180
f 9180 9171 9126
f 9126 9171 9098
f 9171 9137 9098
f 9456 9475 9510
f 9471 9456 9510
f 9471 9510 9514
f 9456 9400 9475
f 8735 8785 8711
f 8759 8735 8671
f 8735 8711 8663
f 8671 8735 8663
f 8381 8316 8432
f 8381 8432 8455
f 8316 8403 8432
f 8455 8432 8464
f 8316 8348 8403
f 8060 8348 8316
f 8060 8269 8348
f 8060 7811 8269
f 7811 8003 8269
f 8635 8604 8585
f 8508 8585 8574
f 8585 8604 8574
f 8394 8508 8431
f 8508 8535 8431
f 8574 8535 8508
f 8446 8508 8394
f 8394 8378 8446
f 8378 8381 8446
f 8446 8381 8455
f 8671 8654 8681
f 8635 8654 8671
f 8635 8671 8604
f 8671 8663 8603
f 8671 8603 8604
f 7811 7680 8003
f 7565 7680 7811
f 7565 7414 7680
f 7363 7414 7565
f 7363 7320 7414
f 7320 7295 7414
f 7295 7245 7400
f 7167 7129 7295
f 7167 7295 7252
f 7129 7245 7295
f 7252 7295 7320
f 7245 7329 7400
f 7400 7329 7495
f 7329 7311 7495
f 7311 7408 7495
f 7495 7408 7627
f 7627 7520 7802
f 7408 7520 7627
f 7520 7602 7802
f 7602 7847 7802
f 7847 7864 7972
f 8693 8646 8638
f 8638 8711 8693
f 8663 8711 8638
f 8638 8646 8589
f 8407 8358 8325
f 8440 8484 8407
f 8355 8440 8407
f 8355 8407 8325
f 8242 8325 8358
f 8358 8227 8242
f 8519 8484 8440
f 8468 8519 8440
f 8058 8268 8012
f 8227 8268 8058
f 7852 8058 8012
f 7852 8012 7771
f 7650 7852 7771
f 7467 7650 7771
f 8007 8227 8058
f 8092 8227 8007
f 8242 8227 8092
f 7336 7467 7271
f 7437 7467 7336
f 7437 7650 7467
f 7336 7271 7137
f 7271 7202 7175
f 7271 7338 7202
f 7137 7271 7175
f 7338 7300 7202
f 7300 7292 7262
f 7300 7262 7215
f 7202 7300 7215
f 7520 7456 7602
f 7372 7456 7357
f 7357 7290 7372
f 7290 7292 7372
f 7357 7456 7520
f 7290 7262 7292
f 9354 9404 9374
f 9404 9373 9412
f 9354 9373 9404
f 9373 9360 9412
f 9412 9401 9452
f 9360 9401 9412
f 9452 9401 9426
f 9452 9426 9471
f 9452 9471 9494
f 9494 9471 9514
f 9374 9314 9354
f 9312 9314 9374
f 9423 9450 9407
f 9423 9407 9375
f 9329 9312 9375
f 9375 9371 9329
f 9375 9407 9371
f 9176 9241 9312
f 9248 9176 9312
f 9329 9248 9312
f 9312 9241 9314
f 9291 9342 9270
f 9270 9250 9227
f 9239 9270 9227
f 9291 9270 9239
f 9250 9151 9183
f 9227 9250 9183
f 9151 9174 9115
f 9151 9115 9090
f 9135 9151 9090
f 9183 9151 9135
f 9260 9158 9174
f 9174 9158 9083
f 9174 9083 9115
f 9260 9261 9158
f 9397 9371 9407
f 9280 9277 9339
f 9306 9280 9339
f 9306 9339 9347
f 9277 9337 9339
f 9305 9306 9347
f 9305 9347 9349
f 9353 9349 9400
f 9426 9400 9456
f 9387 9400 9426
f 9353 9400 9387
f 9353 9301 9349
f 9301 9305 9349
f 9298 9337 9277
f 9277 9249 9298
f 9261 9201 9158
f 9201 9180 9166
f 9166 9180 9148
f 9148 9180 9126
f 9158 9201 9166
f 9137 9159 9111
f 9159 9130 9111
f 9159 9173 9130
f 9098 9137 9063
f 9137 9111 9063
f 9205 9198 9249
f 9205 9249 9277
f 9205 9162 9198
f 9162 9173 9198
f 9162 9130 9173
f 9148 9126 9099
f 9126 9098 9062
f 9099 9126 9062
f 9098 9063 9011
f 9062 9098 9011
f 9426 9456 9471
f 8586 8663 8638
f 8603 8663 8586
f 8378 8313 8381
f 8313 8316 8381
f 8053 8316 8162
f 8053 8060 8316
f 8162 8316 8313
f 7691 7811 8060
f 8053 7691 8060
f 7691 7565 7811
f 8574 8604 8535
f 8604 8603 8535
f 8347 8328 8394
f 8394 8431 8347
f 8328 8378 8394
f 8347 8431 8356
f 8431 8535 8437
f 8431 8437 8356
f 8535 8603 8522
f 8535 8522 8437
f 8328 8313 8378
f 8603 8586 8522
f 7444 7363 7565
f 7444 7565 7691
f 7302 7320 7363
f 7302 7363 7444
f 7252 7320 7302
f 7129 7091 7245
f 7091 7218 7245
f 7218 7329 7245
f 7066 7033 7167
f 7066 7167 7229
f 7167 7033 7129
f 7229 7167 7252
f 7033 7023 7129
f 7129 7023 7091
f 7229 7252 7302
f 7218 7311 7329
f 7218 7207 7311
f 7311 7207 7294
f 7311 7294 7408
f 7408 7357 7520
f 7294 7357 7408
f 8355 8325 8259
f 8259 8325 8242
f 8468 8440 8389
f 8389 8440 8355
f 8389 8355 8302
f 8302 8355 8259
f 8073 8242 8092
f 8259 8242 8073
f 8405 8468 8389
f 8492 8468 8405
f 8007 8058 7896
f 7896 8058 7852
f 7772 7896 7852
f 7772 7852 7650
f 7561 7650 7437
f 7561 7679 7650
f 7679 7772 7650
f 7823 7927 8007
f 7823 8007 7896
f 7927 8092 8007
f 8073 8092 7927
f 7352 7336 7137
f 7352 7437 7336
f 7402 7437 7352
f 7402 7472 7437
f 7472 7561 7437
f 7177 7352 7137
f 7177 7137 7054
f 7137 7175 7068
f 7137 7068 7054
f 7202 7215 7110
f 7073 7202 7110
f 7175 7202 7073
f 7175 7073 7068
f 7215 7262 7255
f 7255 7262 7290
f 7255 7169 7215
f 7110 7215 7169
f 7294 7266 7357
f 7266 7290 7357
f 7266 7204 7290
f 7255 7290 7204
f 9314 9321 9354
f 9354 9338 9373
f 9321 9338 9354
f 9338 9360 9373
f 9338 9323 9360
f 9360 9358 9401
f 9360 9331 9358
f 9323 9331 9360
f 9358 9387 9401
f 9401 9387 9426
f 9241 9297 9314
f 9314 9297 9321
f 9307 9274 9329
f 9329 9274 9248
f 9060 9095 9176
f 9091 9060 9176
f 9091 9176 9143
f 9176 9172 9241
f 9248 9143 9176
f 9176 9095 9172
f 9172 9193 9241
f 9241 9240 9297
f 9241 9193 9240
f 9274 9242 9248
f 9248 9242 9197
f 9248 9197 9143
f 9307 9291 9285
f 9285 9291 9255
f 9255 9291 9239
f 9239 9227 9189
f 9189 9227 9183
f 9255 9239 9243
f 9197 9239 9189
f 9243 9239 9197
f 9189 9183 9156
f 9156 9183 9135
f 9090 9115 9049
f 9115 9083 9049
f 9135 9090 9028
f 9090 9049 9028
f 9156 9135 9119
f 9119 9135 9066
f 9066 9135 9028
f 9083 9158 9127
f 9158 9166 9127
f 9049 9083 8958
f 9083 9009 8958
f 9083 9127 9069
f 9083 9069 9009
f 9280 9232 9277
f 9268 9280 9306
f 9230 9232 9280
f 9268 9230 9280
f 9277 9232 9205
f 9268 9306 9305
f 9256 9268 9305
f 9256 9305 9301
f 9322 9301 9353
f 9358 9322 9353
f 9358 9353 9387
f 9245 9256 9301
f 9284 9245 9301
f 9284 9301 9322
f 9166 9148 9127
f 9127 9148 9099
f 9111 9130 9059
f 9111 9059 9003
f 9063 9111 9003
f 9105 9130 9162
f 9105 9068 9130
f 9059 9130 9068
f 9011 9063 9002
f 9063 9003 9002
f 9205 9187 9149
f 9205 9149 9162
f 9205 9232 9187
f 9149 9105 9162
f 9127 9099 9069
f 9069 9099 9040
f 9040 9099 9062
f 9062 9011 9040
f 9040 9011 8978
f 9011 9002 8978
f 8522 8586 8492
f 8162 8313 8247
f 8247 8313 8328
f 7444 8053 7875
f 7875 8053 8162
f 7444 7691 8053
f 7875 8162 8055
f 8055 8162 8247
f 8287 8328 8347
f 8347 8356 8287
f 8287 8247 8328
f 8356 8437 8352
f 8356 8352 8276
f 8287 8356 8276
f 8437 8522 8423
f 8437 8423 8352
f 8522 8492 8423
f 7449 7354 7444
f 7449 7444 7875
f 7354 7302 7444
f 7284 7229 7302
f 7284 7302 7354
f 7091 7124 7218
f 7014 7031 7091
f 7091 7031 7124
f 7023 7014 7091
f 7218 7124 7207
f 7022 6999 7066
f 7022 7066 7150
f 7066 6999 7033
f 7150 7066 7229
f 6988 6985 7033
f 7033 6985 7023
f 6999 6988 7033
f 7216 7150 7229
f 7216 7229 7284
f 6980 7014 7023
f 6985 6980 7023
f 7124 7100 7207
f 7207 7100 7203
f 7207 7203 7294
f 7294 7203 7266
f 8145 8302 8259
f 8145 8259 8073
f 8342 8389 8302
f 8405 8389 8342
f 8342 8302 8258
f 8258 8302 8145
f 8073 7927 7924
f 7964 8073 7924
f 8145 8073 7964
f 8324 8405 8342
f 8423 8405 8324
f 8423 8492 8405
f 7823 7896 7772
f 7823 7772 7679
f 7549 7615 7561
f 7615 7679 7561
f 7549 7561 7472
f 7823 7679 7698
f 7698 7679 7615
f 7698 7787 7823
f 7787 7927 7823
f 7924 7927 7829
f 7829 7927 7787
f 7249 7356 7352
f 7356 7402 7352
f 7249 7352 7177
f 7403 7443 7402
f 7443 7472 7402
f 7403 7402 7356
f 7549 7472 7491
f 7491 7472 7443
f 7177 7054 7062
f 7118 7177 7062
f 7249 7177 7118
f 7003 7054 7026
f 6994 7054 7003
f 7054 7010 7026
f 7054 7068 7010
f 7062 7054 6994
f 7010 7068 7006
f 7068 7073 7006
f 7073 7110 7017
f 7110 7169 7044
f 7110 7044 7017
f 7073 7017 7001
f 7006 7073 7001
f 7204 7169 7255
f 7204 7101 7169
f 7044 7169 7101
f 7203 7204 7266
f 7102 7101 7204
f 7203 7102 7204
f 9297 9338 9321
f 9297 9323 9338
f 9297 9300 9323
f 9323 9300 9331
f 9331 9322 9358
f 9300 9322 9331
f 9240 9251 9297
f 9297 9278 9300
f 9251 9278 9297
f 9285 9274 9307
f 9255 9243 9274
f 9243 9242 9274
f 9255 9274 9285
f 9060 8950 9017
f 9060 9017 9095
f 9008 9060 9091
f 9008 8950 9060
f 9095 9056 9088
f 9095 9088 9145
f 9172 9095 9145
f 9017 9056 9095
f 9143 9075 9091
f 9091 9075 9008
f 9143 9197 9168
f 9168 9110 9143
f 9110 9075 9143
f 9172 9145 9193
f 9193 9175 9204
f 9193 9204 9240
f 9145 9175 9193
f 9240 9204 9251
f 9197 9242 9243
f 9197 9189 9168
f 9156 9146 9189
f 9168 9189 9146
f 9156 9121 9146
f 9156 9119 9121
f 9049 8958 8971
f 9028 9049 8971
f 8979 9028 8954
f 9028 8971 8954
f 9066 9028 8979
f 9121 9119 9066
f 9066 9100 9121
f 9066 8979 9015
f 9066 9015 9053
f 9066 9053 9100
f 8958 9009 8967
f 8958 8967 8920
f 8958 8920 8886
f 8935 8958 8886
f 8971 8958 8935
f 9069 9040 9009
f 9009 9040 8967
f 9195 9187 9232
f 9195 9232 9230
f 9215 9230 9268
f 9256 9215 9268
f 9181 9195 9230
f 9215 9181 9230
f 9245 9203 9256
f 9203 9215 9256
f 9300 9284 9322
f 9213 9202 9245
f 9213 9245 9253
f 9253 9245 9284
f 9202 9203 9245
f 9253 9284 9278
f 9278 9284 9300
f 9003 9059 8992
f 9059 9024 8992
f 9059 9068 9024
f 9002 9003 8972
f 8972 9003 8953
f 9003 8992 8953
f 9039 9044 9105
f 9109 9039 9105
f 9109 9105 9149
f 9044 9068 9105
f 9044 9024 9068
f 8978 9002 8972
f 9141 9149 9187
f 9141 9187 9195
f 9141 9109 9149
f 9040 8978 8967
f 8967 8978 8905
f 8978 8922 8905
f 8978 8972 8922
f 8213 8247 8287
f 8055 8247 8213
f 7449 7875 7795
f 7795 7875 8055
f 7991 8055 8096
f 8055 8213 8096
f 7795 8055 7991
f 8287 8276 8169
f 8169 8213 8287
f 8352 8324 8251
f 8276 8352 8251
f 8352 8423 8324
f 8276 8251 8121
f 8169 8276 8121
f 7222 7449 7199
f 7222 7301 7449
f 7301 7354 7449
f 7634 7449 7795
f 7199 7449 7511
f 7511 7449 7634
f 7301 7284 7354
f 7216 7284 7301
f 7124 7031 7100
f 7014 6989 7031
f 6980 6989 7014
f 7031 6983 7028
f 6989 6983 7031
f 7031 7028 7100
f 7085 6975 7022
f 6975 6958 7022
f 7022 6958 6999
f 7085 7022 7150
f 6966 6988 6999
f 6958 6966 6999
f 7085 7150 7216
f 6988 6949 6985
f 6966 6949 6988
f 6947 6980 6985
f 6949 6947 6985
f 7074 7018 7216
f 7074 7216 7161
f 7018 7085 7216
f 7222 7216 7301
f 7161 7216 7222
f 6947 6942 6980
f 6980 6942 6989
f 7100 7102 7203
f 7100 7028 7102
f 8095 8145 7998
f 7998 8145 7964
f 8258 8145 8095
f 8324 8342 8258
f 8184 8258 8095
f 8324 8258 8184
f 7964 7924 7850
f 7850 7924 7829
f 7870 7964 7850
f 7998 7964 7870
f 8251 8324 8184
f 7491 7556 7549
f 7556 7610 7549
f 7610 7615 7549
f 7610 7698 7615
f 7664 7698 7610
f 7742 7698 7664
f 7742 7787 7698
f 7829 7787 7742
f 7758 7829 7742
f 7850 7829 7758
f 7310 7249 7194
f 7194 7249 7127
f 7249 7118 7127
f 7310 7344 7249
f 7344 7358 7249
f 7358 7356 7249
f 7390 7403 7356
f 7358 7390 7356
f 7436 7403 7432
f 7436 7443 7403
f 7432 7403 7390
f 7469 7443 7436
f 7491 7443 7469
f 7516 7491 7469
f 7516 7556 7491
f 7118 7062 7030
f 7062 6994 7030
f 7040 7118 7030
f 7127 7118 7040
f 7026 6967 7003
f 6994 7003 6979
f 7003 6967 6979
f 7026 7010 6917
f 6917 6898 7026
f 7026 6898 6909
f 7026 6909 6967
f 6994 6979 6970
f 6991 6994 6970
f 7030 6994 6991
f 7010 7006 6917
f 7001 6954 7006
f 7006 6954 6917
f 6995 6962 7017
f 7017 6962 6964
f 7017 7044 6995
f 7017 6964 7001
f 7044 7101 7037
f 7044 7037 7007
f 6995 7044 7007
f 7001 6964 6954
f 7102 7037 7101
f 7028 7037 7102
f 9251 9213 9253
f 9251 9253 9278
f 9204 9213 9251
f 8950 8930 9017
f 8941 8950 9008
f 8941 8858 8950
f 8858 8930 8950
f 8930 8973 9017
f 9017 9032 9056
f 9017 8973 9032
f 9008 9075 9007
f 9007 8962 9008
f 9008 8962 8941
f 9032 9055 9056
f 9056 9055 9088
f 9088 9086 9131
f 9145 9088 9131
f 9088 9055 9086
f 9145 9131 9175
f 9061 9075 9110
f 9061 9007 9075
f 9120 9110 9168
f 9168 9146 9120
f 9110 9121 9100
f 9110 9100 9061
f 9120 9121 9110
f 9131 9150 9175
f 9175 9150 9204
f 9199 9202 9204
f 9204 9202 9213
f 9204 9150 9199
f 9120 9146 9121
f 8954 8971 8935
f 8979 8932 8960
f 8954 8932 8979
f 9015 8979 8982
f 8982 8979 8960
f 8954 8935 8883
f 8954 8883 8932
f 9061 9100 9053
f 9014 9015 9007
f 9007 9015 8997
f 8982 8997 9015
f 9014 9053 9015
f 9061 9053 9014
f 8920 8967 8905
f 8886 8920 8882
f 8920 8905 8882
f 8883 8935 8886
f 8883 8886 8831
f 8886 8882 8816
f 8831 8886 8816
f 9141 9195 9181
f 9167 9181 9215
f 9167 9215 9203
f 9181 9133 9141
f 9167 9133 9181
f 9169 9167 9203
f 9169 9203 9202
f 9199 9169 9202
f 8992 9024 8974
f 8992 8974 8919
f 8953 8992 8919
f 9044 8993 9024
f 9024 8993 8974
f 8972 8953 8922
f 8922 8953 8910
f 8953 8919 8910
f 9039 8985 8988
f 8988 8993 9039
f 9039 8993 9044
f 9109 9073 9039
f 9039 9073 9030
f 9039 9030 8985
f 9141 9073 9109
f 9133 9096 9141
f 9096 9073 9141
f 8905 8922 8894
f 8874 8905 8894
f 8882 8905 8874
f 8922 8910 8872
f 8894 8922 8872
f 8169 8096 8213
f 7795 7991 7935
f 7791 7795 7935
f 7634 7795 7791
f 8077 7989 7991
f 7991 8096 8077
f 7991 7989 7935
f 8077 8096 8169
f 8169 8121 8077
f 8251 8184 8081
f 8121 8251 8081
f 8121 8081 7920
f 7920 7989 8121
f 8077 8121 7989
f 7161 7222 7199
f 7199 7511 7346
f 7270 7199 7346
f 7123 7199 7195
f 7123 7161 7199
f 7195 7199 7270
f 7645 7634 7791
f 7511 7634 7645
f 7511 7645 7622
f 7575 7511 7622
f 7346 7511 7418
f 7418 7511 7501
f 7501 7511 7575
f 6942 6983 6989
f 6983 6992 7028
f 6942 6952 6983
f 6983 6952 6992
f 7028 6992 7037
f 7085 6963 6975
f 7018 6963 7085
f 6963 6923 6975
f 6975 6927 6958
f 6923 6927 6975
f 6958 6934 6966
f 6927 6934 6958
f 6934 6949 6966
f 6895 6919 6949
f 6934 6895 6949
f 6949 6919 6947
f 6919 6902 6947
f 6947 6902 6942
f 7025 7074 7056
f 7056 7074 7123
f 7025 7018 7074
f 7074 7161 7123
f 6982 6961 7018
f 6961 6963 7018
f 7025 6982 7018
f 6902 6873 6942
f 6873 6896 6942
f 6942 6896 6952
f 8052 8095 7936
f 7936 8095 7998
f 8052 8184 8095
f 7936 7998 7870
f 8081 8184 8052
f 7870 7850 7767
f 7767 7850 7758
f 7794 7870 7767
f 7936 7870 7794
f 7600 7556 7560
f 7600 7610 7556
f 7560 7556 7516
f 7664 7610 7600
f 7638 7664 7600
f 7687 7742 7664
f 7687 7664 7638
f 7758 7742 7687
f 7767 7758 7695
f 7695 7758 7687
f 7398 7310 7297
f 7297 7310 7194
f 7405 7344 7310
f 7398 7405 7310
f 7194 7127 7097
f 7194 7097 7107
f 7132 7194 7107
f 7297 7194 7132
f 7097 7127 7045
f 7045 7127 7040
f 7406 7344 7405
f 7406 7358 7344
f 7406 7390 7358
f 7422 7390 7406
f 7432 7390 7422
f 7459 7469 7436
f 7432 7459 7436
f 7422 7458 7432
f 7476 7432 7458
f 7476 7459 7432
f 7490 7469 7459
f 7516 7469 7490
f 7516 7526 7560
f 7490 7526 7516
f 7040 7030 7012
f 7012 7030 6991
f 7020 7040 7012
f 7045 7040 7020
f 6951 6967 6931
f 6979 6967 6951
f 6967 6909 6931
f 6979 6951 6970
f 6917 6903 6898
f 6954 6903 6917
f 6898 6874 6901
f 6898 6866 6874
f 6898 6903 6866
f 6909 6898 6901
f 6931 6909 6905
f 6905 6909 6892
f 6892 6909 6901
f 6991 6970 6965
f 6970 6951 6945
f 6965 6970 6945
f 6981 6991 6965
f 6981 7012 6991
f 6954 6964 6920
f 6954 6920 6903
f 7007 6969 6995
f 6995 6969 6962
f 6962 6929 6964
f 6940 6921 6962
f 6962 6921 6929
f 6962 6969 6940
f 6964 6929 6920
f 7007 7037 6992
f 6992 6969 7007
f 8930 8851 8907
f 8930 8907 8973
f 8858 8851 8930
f 8941 8848 8858
f 8941 8962 8925
f 8925 8893 8941
f 8893 8848 8941
f 8858 8790 8851
f 8848 8808 8858
f 8808 8790 8858
f 8973 8944 8986
f 8973 8986 9032
f 8907 8944 8973
f 8986 9004 9032
f 9032 9004 9012
f 9032 9012 9055
f 9014 9007 9061
f 9007 8997 8981
f 8981 8962 9007
f 8939 8925 8962
f 8939 8962 8981
f 9055 9057 9086
f 9055 9012 9057
f 9086 9057 9074
f 9074 9102 9086
f 9086 9102 9123
f 9086 9123 9131
f 9131 9123 9150
f 9150 9169 9199
f 9150 9102 9169
f 9123 9102 9150
f 8960 8932 8934
f 8934 8932 8897
f 8932 8883 8892
f 8897 8932 8892
f 8939 8982 8960
f 8939 8960 8934
f 8981 8982 8939
f 8981 8997 8982
f 8830 8883 8831
f 8892 8883 8830
f 8816 8882 8811
f 8882 8874 8811
f 8831 8783 8830
f 8831 8816 8763
f 8831 8763 8783
f 8816 8811 8773
f 8816 8773 8763
f 9076 9116 9167
f 9169 9076 9167
f 9116 9133 9167
f 9077 9096 9133
f 9116 9077 9133
f 9102 9076 9169
f 8919 8974 8918
f 8974 8993 8918
f 8919 8918 8850
f 8919 8850 8842
f 8910 8919 8842
f 8988 8948 8993
f 8993 8948 8918
f 8872 8910 8835
f 8910 8842 8835
f 8994 8951 8985
f 8994 8985 9030
f 8985 8912 8946
f 8985 8946 8988
f 8951 8912 8985
f 8946 8948 8988
f 9050 9073 9096
f 9050 9030 9073
f 8994 9030 9050
f 9050 9096 9077
f 8894 8872 8874
f 8874 8872 8828
f 8811 8874 8828
f 8872 8835 8809
f 8828 8872 8809
f 7791 7935 7857
f 7935 7989 7857
f 7686 7791 7857
f 7686 7645 7791
f 7857 7989 7920
f 7920 8081 7928
f 8081 8052 7928
f 7766 7920 7928
f 7857 7920 7686
f 7686 7920 7766
f 7377 7346 7418
f 7270 7346 7331
f 7331 7346 7377
f 7270 7331 7315
f 7268 7270 7315
f 7195 7270 7268
f 7095 7123 7195
f 7095 7056 7123
f 7095 7195 7211
f 7211 7195 7268
f 7622 7645 7686
f 7575 7622 7663
f 7663 7622 7686
f 7663 7646 7575
f 7575 7646 7545
f 7545 7501 7575
f 7377 7418 7434
f 7434 7418 7487
f 7487 7418 7501
f 7487 7501 7545
f 6952 6969 6992
f 6896 6926 6952
f 6952 6926 6969
f 6961 6925 6963
f 6925 6907 6963
f 6907 6923 6963
f 6876 6880 6923
f 6923 6880 6927
f 6907 6876 6923
f 6927 6891 6934
f 6927 6880 6891
f 6891 6895 6934
f 6891 6858 6895
f 6858 6841 6895
f 6841 6877 6895
f 6895 6877 6919
f 6877 6902 6919
f 6850 6873 6902
f 6877 6850 6902
f 7036 7025 7056
f 7005 6982 7025
f 7036 7005 7025
f 7095 7036 7056
f 7005 6953 6982
f 6953 6933 6982
f 6982 6933 6961
f 6961 6933 6925
f 6850 6818 6873
f 6818 6830 6873
f 6873 6830 6896
f 6830 6864 6896
f 6896 6864 6884
f 6884 6926 6896
f 7928 8052 7936
f 7928 7936 7826
f 7826 7936 7794
f 7794 7767 7715
f 7672 7767 7695
f 7715 7767 7672
f 7710 7794 7715
f 7826 7794 7710
f 7582 7638 7600
f 7582 7600 7560
f 7582 7560 7555
f 7555 7560 7526
f 7648 7638 7598
f 7648 7687 7638
f 7598 7638 7582
f 7695 7687 7648
f 7629 7695 7648
f 7672 7695 7629
f 7441 7398 7340
f 7340 7398 7297
f 7546 7493 7398
f 7398 7493 7405
f 7441 7546 7398
f 7297 7132 7209
f 7277 7297 7209
f 7340 7297 7277
f 7493 7471 7405
f 7471 7406 7405
f 7107 7097 7043
f 7043 7097 7045
f 7132 7107 7080
f 7080 7107 7043
f 7160 7132 7094
f 7160 7209 7132
f 7065 7132 7080
f 7094 7132 7065
f 7043 7045 7021
f 7021 7045 7020
f 7471 7486 7406
f 7486 7465 7406
f 7406 7465 7422
f 7465 7458 7422
f 7490 7459 7476
f 7476 7458 7499
f 7499 7458 7465
f 7521 7476 7499
f 7476 7508 7490
f 7521 7508 7476
f 7508 7526 7490
f 7529 7526 7508
f 7555 7526 7529
f 7020 7012 6997
f 6997 7012 6981
f 6998 7020 6997
f 7021 7020 6998
f 6951 6931 6924
f 6935 6951 6924
f 6945 6951 6935
f 6915 6931 6905
f 6924 6931 6915
f 6920 6879 6903
f 6903 6879 6843
f 6866 6903 6843
f 6901 6874 6852
f 6852 6874 6859
f 6874 6866 6859
f 6901 6852 6892
f 6866 6843 6840
f 6859 6866 6840
f 6915 6905 6899
f 6899 6905 6892
f 6863 6892 6836
f 6899 6892 6863
f 6892 6852 6836
f 6981 6965 6955
f 6948 6965 6945
f 6955 6965 6948
f 6930 6945 6918
f 6945 6935 6918
f 6939 6945 6930
f 6948 6945 6939
f 6977 6981 6955
f 6997 6981 6977
f 6920 6887 6879
f 6929 6887 6920
f 6940 6969 6926
f 6900 6887 6929
f 6929 6921 6900
f 6940 6926 6908
f 6908 6921 6940
f 6908 6875 6921
f 6900 6921 6875
f 8851 8766 8846
f 8851 8846 8907
f 8790 8766 8851
f 8907 8903 8944
f 8907 8846 8903
f 8797 8808 8848
f 8822 8797 8848
f 8871 8822 8848
f 8871 8848 8893
f 8880 8893 8925
f 8925 8927 8880
f 8939 8934 8925
f 8925 8934 8927
f 8880 8871 8893
f 8755 8705 8790
f 8755 8790 8808
f 8790 8705 8766
f 8797 8755 8808
f 8944 8903 8945
f 8944 8945 8986
f 8986 8995 9004
f 8986 8945 8995
f 8995 9001 9004
f 9004 9001 9012
f 9012 9001 9041
f 9012 9041 9057
f 9057 9041 9074
f 9074 9076 9102
f 9074 9041 9076
f 8897 8927 8934
f 8880 8927 8897
f 8880 8897 8873
f 8897 8892 8873
f 8873 8892 8830
f 8830 8868 8873
f 8823 8868 8830
f 8823 8830 8818
f 8830 8783 8784
f 8830 8784 8818
f 8811 8828 8765
f 8811 8765 8741
f 8773 8811 8741
f 8784 8783 8778
f 8778 8783 8740
f 8740 8783 8734
f 8783 8763 8729
f 8783 8729 8734
f 8763 8773 8709
f 8763 8709 8729
f 8773 8741 8709
f 9076 9027 9064
f 9076 9064 9116
f 9041 9027 9076
f 9064 9077 9116
f 9026 9050 9077
f 9064 9026 9077
f 8948 8889 8918
f 8918 8889 8849
f 8918 8849 8850
f 8850 8758 8842
f 8850 8793 8758
f 8849 8793 8850
f 8760 8842 8758
f 8835 8842 8760
f 8946 8889 8948
f 8809 8835 8780
f 8835 8760 8780
f 8940 8951 8994
f 8976 8940 8994
f 9026 8994 9050
f 8976 8994 9026
f 8940 8901 8951
f 8901 8912 8951
f 8854 8889 8912
f 8860 8854 8912
f 8860 8912 8901
f 8912 8889 8946
f 8828 8809 8765
f 8809 8780 8772
f 8765 8809 8772
f 7686 7766 7663
f 7928 7826 7766
f 7710 7646 7766
f 7766 7826 7710
f 7663 7766 7646
f 7360 7377 7407
f 7407 7377 7434
f 7360 7331 7377
f 7315 7331 7360
f 7268 7315 7327
f 7327 7315 7359
f 7359 7315 7360
f 7268 7327 7314
f 7287 7268 7314
f 7211 7268 7287
f 7142 7095 7211
f 7064 7036 7095
f 7064 7095 7142
f 7198 7211 7293
f 7198 7142 7211
f 7293 7211 7287
f 7573 7646 7710
f 7545 7646 7573
f 7545 7573 7487
f 7434 7487 7485
f 7445 7434 7485
f 7407 7434 7445
f 7487 7573 7485
f 6908 6926 6884
f 6925 6888 6871
f 6925 6871 6881
f 6933 6888 6925
f 6925 6881 6907
f 6881 6869 6907
f 6869 6876 6907
f 6869 6842 6876
f 6842 6844 6876
f 6876 6844 6880
f 6844 6848 6880
f 6880 6848 6891
f 6848 6858 6891
f 6848 6812 6858
f 6812 6841 6858
f 6812 6792 6841
f 6792 6815 6841
f 6841 6815 6850
f 6841 6850 6877
f 6815 6818 6850
f 7008 7036 7064
f 7008 7005 7036
f 6974 6953 7005
f 7008 6974 7005
f 6943 6911 6953
f 6974 6943 6953
f 6911 6933 6953
f 6911 6888 6933
f 6818 6778 6830
f 6771 6778 6818
f 6771 6818 6815
f 6778 6789 6830
f 6830 6789 6810
f 6830 6810 6864
f 6864 6854 6884
f 6864 6822 6854
f 6810 6822 6864
f 6884 6854 6875
f 6884 6875 6908
f 7710 7715 7636
f 7636 7715 7672
f 7577 7672 7629
f 7636 7672 7577
f 7710 7636 7573
f 7564 7582 7555
f 7598 7582 7564
f 7564 7555 7533
f 7533 7555 7529
f 7594 7648 7598
f 7629 7648 7594
f 7594 7598 7563
f 7563 7598 7564
f 7577 7629 7558
f 7558 7629 7594
f 7371 7441 7340
f 7587 7546 7441
f 7587 7441 7457
f 7457 7441 7371
f 7322 7340 7277
f 7371 7340 7322
f 7587 7659 7546
f 7659 7642 7546
f 7546 7642 7591
f 7546 7591 7493
f 7569 7547 7493
f 7493 7547 7471
f 7591 7569 7493
f 7277 7209 7232
f 7232 7209 7189
f 7189 7209 7160
f 7244 7277 7232
f 7274 7277 7244
f 7322 7277 7274
f 7547 7524 7471
f 7471 7524 7486
f 7034 7043 7002
f 7065 7043 7034
f 7013 7043 7021
f 7065 7080 7043
f 7002 7043 7013
f 7156 7160 7126
f 7126 7160 7094
f 7156 7189 7160
f 7094 7065 7070
f 7063 7094 7070
f 7117 7094 7063
f 7117 7126 7094
f 7042 7065 7034
f 7042 7070 7065
f 7013 7021 6998
f 7542 7486 7524
f 7542 7465 7486
f 7499 7465 7542
f 7544 7521 7499
f 7544 7499 7553
f 7553 7499 7542
f 7531 7525 7521
f 7531 7521 7550
f 7525 7508 7521
f 7550 7521 7544
f 7529 7508 7525
f 7533 7529 7528
f 7528 7529 7525
f 6998 6997 6986
f 6986 6997 6977
f 7013 6998 6986
f 6935 6924 6918
f 6918 6924 6915
f 6918 6915 6899
f 6845 6879 6887
f 6843 6879 6845
f 6843 6845 6828
f 6843 6828 6840
f 6852 6859 6819
f 6836 6852 6819
f 6859 6840 6819
f 6840 6828 6806
f 6840 6806 6796
f 6768 6840 6796
f 6819 6840 6768
f 6872 6899 6863
f 6886 6899 6872
f 6918 6899 6886
f 6861 6863 6826
f 6863 6836 6826
f 6872 6863 6861
f 6836 6819 6795
f 6836 6795 6786
f 6799 6836 6786
f 6826 6836 6799
f 6956 6977 6955
f 6956 6955 6941
f 6955 6948 6936
f 6941 6955 6936
f 6936 6948 6939
f 6913 6930 6893
f 6893 6930 6897
f 6930 6918 6897
f 6939 6930 6913
f 6897 6918 6886
f 6936 6939 6913
f 6986 6977 6956
f 6900 6853 6887
f 6845 6887 6853
f 6900 6875 6849
f 6900 6849 6853
f 6875 6854 6838
f 6875 6838 6849
f 8766 8788 8846
f 8766 8733 8788
f 8766 8692 8733
f 8705 8692 8766
f 8788 8824 8846
f 8846 8869 8903
f 8846 8824 8869
f 8903 8869 8902
f 8903 8902 8945
f 8782 8767 8797
f 8782 8797 8822
f 8767 8755 8797
f 8823 8818 8822
f 8822 8818 8807
f 8822 8807 8782
f 8823 8822 8871
f 8871 8873 8868
f 8871 8868 8823
f 8880 8873 8871
f 8755 8620 8705
f 8732 8755 8767
f 8732 8714 8755
f 8714 8669 8755
f 8669 8620 8755
f 8620 8633 8705
f 8705 8633 8692
f 8945 8966 8995
f 8945 8913 8966
f 8902 8913 8945
f 8995 8966 9001
f 8966 8968 9001
f 9001 8968 9027
f 9001 9027 9041
f 8784 8807 8818
f 8784 8778 8807
f 8741 8765 8748
f 8765 8772 8748
f 8709 8741 8694
f 8741 8748 8716
f 8741 8716 8694
f 8782 8807 8778
f 8782 8778 8767
f 8767 8778 8762
f 8740 8762 8778
f 8740 8734 8730
f 8740 8730 8762
f 8730 8734 8695
f 8734 8729 8695
f 8695 8729 8690
f 8729 8709 8690
f 8709 8694 8624
f 8650 8709 8624
f 8690 8709 8650
f 9027 8991 9026
f 9027 9026 9064
f 8968 8991 9027
f 8991 8976 9026
f 8854 8849 8889
f 8805 8793 8849
f 8854 8805 8849
f 8743 8758 8793
f 8743 8710 8758
f 8758 8710 8675
f 8758 8675 8715
f 8760 8758 8715
f 8805 8743 8793
f 8780 8760 8721
f 8721 8760 8678
f 8760 8715 8678
f 8772 8780 8742
f 8742 8780 8721
f 8887 8901 8940
f 8923 8940 8976
f 8923 8887 8940
f 8947 8923 8976
f 8991 8947 8976
f 8887 8855 8901
f 8860 8901 8855
f 8860 8813 8854
f 8854 8813 8805
f 8827 8813 8860
f 8860 8855 8827
f 8748 8772 8742
f 7396 7360 7407
f 7359 7360 7396
f 7445 7488 7407
f 7407 7488 7438
f 7407 7438 7396
f 7327 7359 7361
f 7314 7327 7361
f 7359 7396 7393
f 7388 7359 7393
f 7361 7359 7388
f 7287 7314 7343
f 7343 7314 7361
f 7293 7287 7343
f 7099 7064 7142
f 7099 7142 7198
f 7099 7041 7064
f 7041 7008 7064
f 7263 7198 7293
f 7190 7151 7198
f 7151 7099 7198
f 7263 7190 7198
f 7293 7343 7367
f 7345 7293 7367
f 7263 7293 7345
f 7485 7573 7537
f 7573 7636 7537
f 7485 7537 7445
f 7445 7537 7488
f 6855 6871 6888
f 6878 6888 6911
f 6878 6855 6888
f 6831 6851 6871
f 6855 6831 6871
f 6871 6851 6881
f 6851 6869 6881
f 6839 6842 6869
f 6851 6839 6869
f 6811 6816 6842
f 6839 6811 6842
f 6842 6816 6844
f 6844 6820 6848
f 6816 6820 6844
f 6820 6812 6848
f 6793 6812 6820
f 6773 6772 6812
f 6772 6792 6812
f 6793 6773 6812
f 6750 6771 6792
f 6792 6771 6815
f 6772 6750 6792
f 6971 6972 7008
f 7016 6971 7008
f 7016 7008 7041
f 7008 6972 6974
f 6972 6943 6974
f 6971 6928 6943
f 6971 6943 6972
f 6904 6911 6943
f 6928 6904 6943
f 6878 6911 6904
f 6771 6718 6778
f 6718 6743 6778
f 6778 6743 6789
f 6750 6727 6771
f 6727 6718 6771
f 6743 6766 6789
f 6789 6766 6810
f 6766 6790 6810
f 6810 6790 6822
f 6838 6854 6822
f 6838 6822 6797
f 6797 6822 6790
f 7537 7636 7577
f 7488 7577 7558
f 7537 7577 7488
f 7527 7564 7533
f 7563 7564 7527
f 7527 7533 7504
f 7523 7533 7528
f 7504 7533 7523
f 7558 7594 7563
f 7558 7563 7518
f 7518 7563 7527
f 7518 7510 7558
f 7488 7558 7510
f 7365 7457 7371
f 7365 7371 7332
f 7371 7322 7332
f 7699 7713 7587
f 7713 7659 7587
f 7605 7587 7457
f 7699 7587 7605
f 7365 7440 7457
f 7605 7457 7440
f 7308 7322 7274
f 7332 7322 7308
f 7670 7642 7659
f 7670 7659 7747
f 7747 7659 7713
f 7670 7591 7642
f 7623 7569 7591
f 7623 7591 7670
f 7589 7569 7623
f 7589 7547 7569
f 7566 7547 7613
f 7613 7547 7589
f 7566 7524 7547
f 7244 7232 7220
f 7220 7232 7196
f 7232 7189 7196
f 7196 7189 7176
f 7176 7189 7156
f 7208 7244 7220
f 7228 7244 7208
f 7228 7274 7244
f 7259 7274 7228
f 7259 7308 7274
f 7542 7524 7566
f 7019 7034 7002
f 7019 7042 7034
f 7002 7013 6986
f 6976 7002 6986
f 7019 7002 7000
f 7000 7002 6978
f 6978 7002 6976
f 7131 7156 7117
f 7117 7156 7126
f 7131 7176 7156
f 7063 7070 7042
f 7051 7117 7063
f 7051 7063 7027
f 7027 7063 7042
f 7158 7171 7117
f 7158 7117 7089
f 7171 7176 7117
f 7117 7176 7131
f 7051 7089 7117
f 7027 7042 7019
f 7576 7553 7542
f 7576 7542 7566
f 7544 7553 7576
f 7601 7544 7576
f 7570 7544 7601
f 7550 7544 7570
f 7523 7531 7538
f 7523 7528 7531
f 7528 7525 7531
f 7538 7531 7550
f 7567 7550 7570
f 7538 7550 7567
f 6976 6986 6959
f 6959 6986 6956
f 6853 6835 6845
f 6835 6808 6845
f 6845 6808 6828
f 6828 6808 6806
f 6819 6768 6775
f 6795 6819 6775
f 6806 6788 6785
f 6796 6806 6785
f 6806 6808 6788
f 6768 6796 6785
f 6768 6785 6744
f 6768 6744 6725
f 6736 6768 6725
f 6775 6768 6736
f 6860 6886 6872
f 6872 6861 6860
f 6865 6886 6860
f 6897 6886 6865
f 6824 6861 6826
f 6860 6861 6824
f 6824 6826 6800
f 6826 6799 6800
f 6795 6775 6757
f 6786 6795 6757
f 6799 6786 6769
f 6786 6757 6755
f 6769 6786 6755
f 6765 6799 6769
f 6800 6799 6765
f 6938 6956 6941
f 6959 6956 6938
f 6938 6941 6914
f 6941 6936 6914
f 6914 6936 6913
f 6882 6913 6893
f 6914 6913 6882
f 6893 6865 6862
f 6882 6893 6862
f 6893 6897 6865
f 6853 6849 6835
f 6849 6838 6817
f 6835 6849 6817
f 6817 6838 6797
f 8788 8733 8771
f 8788 8771 8824
f 8733 8687 8724
f 8733 8724 8771
f 8692 8687 8733
f 8692 8640 8687
f 8633 8640 8692
f 8777 8825 8824
f 8824 8825 8865
f 8824 8865 8869
f 8771 8777 8824
f 8865 8866 8869
f 8869 8866 8875
f 8869 8875 8902
f 8902 8875 8913
f 8767 8762 8732
f 8620 8494 8551
f 8620 8551 8633
f 8669 8607 8620
f 8607 8534 8620
f 8534 8494 8620
f 8732 8730 8714
f 8732 8762 8730
f 8691 8669 8714
f 8714 8718 8691
f 8714 8730 8718
f 8618 8607 8669
f 8691 8618 8669
f 8633 8559 8640
f 8551 8559 8633
f 8966 8913 8968
f 8866 8877 8913
f 8913 8877 8921
f 8913 8921 8968
f 8875 8866 8913
f 8968 8947 8991
f 8921 8947 8968
f 8748 8742 8716
f 8694 8682 8624
f 8694 8716 8682
f 8716 8742 8721
f 8716 8721 8699
f 8716 8699 8682
f 8695 8718 8730
f 8695 8690 8684
f 8695 8684 8685
f 8695 8685 8718
f 8684 8690 8664
f 8664 8690 8650
f 8624 8682 8628
f 8624 8628 8587
f 8624 8587 8529
f 8624 8529 8550
f 8596 8624 8550
f 8650 8624 8596
f 8664 8650 8608
f 8608 8650 8596
f 8805 8813 8743
f 8795 8743 8813
f 8746 8710 8743
f 8795 8746 8743
f 8675 8710 8642
f 8674 8642 8710
f 8674 8710 8712
f 8712 8710 8746
f 8715 8675 8660
f 8660 8675 8600
f 8675 8642 8600
f 8678 8715 8660
f 8699 8721 8678
f 8699 8678 8656
f 8678 8623 8656
f 8678 8660 8623
f 8841 8887 8878
f 8878 8887 8923
f 8840 8855 8887
f 8841 8840 8887
f 8878 8923 8904
f 8947 8904 8923
f 8921 8904 8947
f 8827 8855 8814
f 8840 8814 8855
f 8795 8813 8827
f 8814 8795 8827
f 7396 7446 7423
f 7396 7423 7393
f 7396 7438 7446
f 7488 7510 7438
f 7438 7510 7446
f 7361 7388 7435
f 7386 7361 7435
f 7343 7361 7386
f 7393 7415 7388
f 7393 7423 7415
f 7388 7415 7435
f 7343 7386 7394
f 7367 7343 7394
f 7047 7041 7099
f 7092 7047 7099
f 7092 7099 7151
f 7047 7016 7041
f 7248 7190 7263
f 7248 7263 7289
f 7289 7263 7330
f 7330 7263 7345
f 7248 7217 7190
f 7166 7151 7190
f 7185 7166 7190
f 7185 7190 7217
f 7122 7092 7151
f 7122 7151 7166
f 7345 7367 7410
f 7431 7367 7394
f 7410 7367 7431
f 7345 7410 7399
f 7330 7345 7399
f 6857 6834 6855
f 6857 6855 6878
f 6855 6834 6831
f 6890 6857 6878
f 6890 6878 6904
f 6804 6801 6831
f 6831 6834 6804
f 6831 6801 6821
f 6831 6821 6851
f 6821 6839 6851
f 6807 6811 6839
f 6821 6807 6839
f 6811 6784 6816
f 6807 6780 6811
f 6780 6784 6811
f 6816 6793 6820
f 6784 6793 6816
f 6760 6773 6793
f 6784 6760 6793
f 6760 6737 6773
f 6737 6772 6773
f 6737 6750 6772
f 6717 6750 6737
f 6717 6727 6750
f 6946 6928 6971
f 6996 6971 7016
f 6996 6973 6971
f 6973 6946 6971
f 7035 6996 7016
f 7035 7016 7047
f 6916 6890 6928
f 6946 6916 6928
f 6890 6904 6928
f 6680 6743 6718
f 6664 6680 6718
f 6687 6664 6718
f 6687 6718 6727
f 6706 6766 6743
f 6680 6706 6743
f 6717 6687 6727
f 6706 6741 6766
f 6766 6741 6790
f 6797 6790 6741
f 6817 6797 6761
f 6797 6741 6761
f 7489 7527 7504
f 7518 7527 7489
f 7477 7504 7498
f 7498 7504 7523
f 7489 7504 7477
f 7498 7523 7538
f 7470 7518 7489
f 7470 7510 7518
f 7446 7510 7470
f 7385 7440 7365
f 7385 7365 7351
f 7365 7332 7316
f 7365 7316 7317
f 7351 7365 7317
f 7316 7332 7298
f 7298 7332 7308
f 7719 7699 7628
f 7628 7699 7605
f 7793 7816 7699
f 7699 7816 7713
f 7719 7793 7699
f 7784 7747 7713
f 7816 7784 7713
f 7628 7605 7532
f 7532 7605 7452
f 7452 7605 7440
f 7452 7440 7385
f 7298 7308 7259
f 7670 7675 7623
f 7747 7751 7670
f 7751 7729 7670
f 7729 7675 7670
f 7783 7751 7747
f 7784 7822 7747
f 7747 7822 7783
f 7623 7637 7589
f 7675 7637 7623
f 7589 7637 7613
f 7613 7576 7566
f 7643 7613 7688
f 7688 7613 7682
f 7682 7613 7637
f 7643 7576 7613
f 7208 7220 7188
f 7188 7220 7196
f 7188 7196 7171
f 7171 7196 7176
f 7208 7188 7187
f 7231 7228 7208
f 7191 7208 7187
f 7191 7231 7208
f 7259 7228 7231
f 7298 7259 7267
f 7251 7267 7259
f 7251 7259 7230
f 7230 7259 7231
f 7027 7019 7000
f 6950 6976 6959
f 6978 6976 6950
f 7009 7000 6984
f 7009 7027 7000
f 6984 7000 6978
f 6957 6978 6950
f 6984 6978 6957
f 7051 7027 7032
f 7049 7051 7032
f 7049 7089 7051
f 7032 7027 7009
f 7210 7191 7158
f 7191 7187 7158
f 7158 7187 7171
f 7158 7089 7088
f 7168 7158 7088
f 7168 7210 7158
f 7187 7188 7171
f 7088 7089 7049
f 7601 7576 7643
f 7597 7601 7644
f 7644 7601 7643
f 7597 7570 7601
f 7567 7570 7597
f 7522 7538 7567
f 7498 7538 7522
f 7522 7567 7562
f 7562 7567 7612
f 7612 7567 7597
f 6950 6959 6938
f 6835 6817 6808
f 6817 6783 6808
f 6788 6808 6783
f 6757 6775 6736
f 6788 6783 6764
f 6758 6788 6764
f 6785 6788 6758
f 6744 6785 6758
f 6744 6758 6721
f 6725 6744 6721
f 6736 6725 6683
f 6692 6725 6699
f 6699 6725 6721
f 6683 6725 6692
f 6683 6698 6736
f 6697 6736 6698
f 6724 6736 6697
f 6724 6757 6736
f 6865 6860 6827
f 6827 6860 6824
f 6832 6865 6827
f 6862 6865 6832
f 6802 6824 6800
f 6827 6824 6802
f 6802 6800 6774
f 6774 6800 6765
f 6755 6757 6724
f 6765 6769 6745
f 6769 6755 6745
f 6745 6755 6724
f 6733 6765 6745
f 6774 6765 6747
f 6747 6765 6733
f 6950 6938 6922
f 6938 6914 6910
f 6922 6938 6910
f 6910 6914 6883
f 6883 6914 6882
f 6856 6882 6862
f 6883 6882 6856
f 6856 6862 6837
f 6837 6862 6832
f 6761 6783 6817
f 8771 8724 8777
f 8687 8647 8673
f 8687 8673 8724
f 8640 8647 8687
f 8724 8726 8777
f 8673 8726 8724
f 8640 8559 8593
f 8640 8593 8647
f 8777 8726 8779
f 8777 8779 8825
f 8825 8829 8866
f 8865 8825 8866
f 8825 8779 8829
f 8866 8829 8877
f 8494 8420 8449
f 8494 8449 8551
f 8534 8452 8494
f 8452 8420 8494
f 8551 8449 8559
f 8618 8592 8607
f 8592 8534 8607
f 8691 8718 8685
f 8691 8685 8618
f 8618 8685 8632
f 8632 8602 8618
f 8618 8602 8592
f 8559 8547 8593
f 8559 8488 8547
f 8559 8449 8488
f 8829 8834 8877
f 8877 8878 8904
f 8877 8904 8921
f 8877 8834 8878
f 8682 8699 8656
f 8682 8656 8628
f 8685 8684 8664
f 8685 8664 8632
f 8664 8608 8632
f 8628 8656 8609
f 8628 8609 8587
f 8529 8587 8542
f 8587 8609 8579
f 8587 8579 8542
f 8550 8529 8525
f 8529 8542 8518
f 8529 8518 8487
f 8525 8529 8487
f 8550 8525 8514
f 8571 8550 8514
f 8571 8596 8550
f 8608 8596 8571
f 8632 8608 8602
f 8775 8746 8795
f 8814 8775 8795
f 8725 8712 8746
f 8775 8725 8746
f 8642 8621 8590
f 8597 8642 8590
f 8674 8621 8642
f 8600 8642 8597
f 8725 8674 8712
f 8644 8621 8674
f 8674 8677 8644
f 8725 8677 8674
f 8623 8660 8600
f 8578 8600 8576
f 8600 8597 8576
f 8594 8600 8578
f 8623 8600 8594
f 8656 8623 8609
f 8609 8623 8594
f 8803 8810 8841
f 8834 8803 8841
f 8878 8834 8841
f 8841 8810 8840
f 8840 8810 8814
f 8810 8776 8814
f 8776 8775 8814
f 7423 7446 7470
f 7455 7423 7470
f 7415 7423 7455
f 7386 7435 7413
f 7435 7415 7462
f 7435 7462 7454
f 7413 7435 7454
f 7386 7413 7394
f 7462 7415 7455
f 7431 7394 7451
f 7394 7413 7451
f 7071 7046 7047
f 7046 7035 7047
f 7071 7047 7092
f 7122 7084 7092
f 7092 7084 7071
f 7226 7217 7248
f 7269 7248 7289
f 7226 7248 7269
f 7319 7289 7330
f 7269 7289 7319
f 7319 7330 7384
f 7384 7330 7399
f 7226 7185 7217
f 7155 7122 7166
f 7155 7166 7185
f 7170 7155 7185
f 7170 7185 7184
f 7184 7185 7226
f 7125 7098 7122
f 7122 7098 7084
f 7125 7122 7155
f 7517 7399 7410
f 7517 7410 7492
f 7410 7431 7492
f 7431 7451 7482
f 7431 7482 7492
f 7384 7399 7515
f 7515 7399 7517
f 6847 6825 6857
f 6847 6857 6870
f 6825 6834 6857
f 6870 6857 6890
f 6825 6804 6834
f 6889 6870 6890
f 6916 6889 6890
f 6805 6779 6804
f 6825 6805 6804
f 6779 6776 6804
f 6804 6776 6801
f 6801 6770 6794
f 6801 6794 6821
f 6776 6770 6801
f 6794 6807 6821
f 6794 6781 6807
f 6781 6780 6807
f 6749 6760 6784
f 6780 6749 6784
f 6746 6780 6781
f 6746 6749 6780
f 6749 6728 6760
f 6728 6737 6760
f 6695 6690 6737
f 6737 6690 6717
f 6695 6737 6728
f 6690 6687 6717
f 6960 6937 6946
f 6960 6946 6973
f 6937 6916 6946
f 6987 6973 6996
f 6996 7011 6987
f 7035 7029 6996
f 7029 7011 6996
f 6987 6960 6973
f 7050 7035 7046
f 7050 7029 7035
f 6912 6889 6916
f 6912 6916 6937
f 6621 6629 6680
f 6680 6629 6706
f 6664 6621 6680
f 6647 6664 6687
f 6620 6621 6664
f 6647 6620 6664
f 6643 6647 6687
f 6643 6687 6690
f 6629 6673 6706
f 6673 6709 6706
f 6706 6709 6741
f 6719 6741 6709
f 6761 6741 6719
f 6735 6761 6723
f 6723 6761 6719
f 6735 6783 6761
f 7470 7489 7455
f 7455 7489 7477
f 7462 7477 7498
f 7455 7477 7462
f 7522 7483 7498
f 7462 7498 7483
f 7452 7385 7392
f 7362 7385 7351
f 7392 7385 7362
f 7334 7362 7351
f 7334 7351 7317
f 7317 7316 7298
f 7334 7317 7278
f 7278 7317 7281
f 7281 7317 7298
f 7281 7298 7267
f 7741 7719 7654
f 7654 7719 7628
f 7856 7793 7719
f 7856 7719 7741
f 7654 7628 7593
f 7628 7532 7552
f 7593 7628 7552
f 7856 7952 7793
f 7952 7926 7793
f 7926 7816 7793
f 7816 7869 7784
f 7926 7922 7816
f 7816 7922 7869
f 7869 7822 7784
f 7532 7452 7463
f 7496 7532 7463
f 7552 7532 7496
f 7463 7452 7412
f 7412 7452 7392
f 7682 7675 7744
f 7744 7675 7729
f 7682 7637 7675
f 7785 7729 7751
f 7785 7751 7796
f 7796 7751 7783
f 7744 7729 7785
f 7796 7783 7835
f 7835 7783 7822
f 7835 7822 7932
f 7932 7822 7892
f 7892 7822 7869
f 7644 7643 7693
f 7693 7643 7688
f 7753 7688 7682
f 7755 7688 7753
f 7693 7688 7755
f 7753 7682 7744
f 7230 7231 7221
f 7221 7231 7191
f 7221 7191 7210
f 7246 7267 7251
f 7281 7267 7246
f 7251 7230 7246
f 7246 7230 7221
f 6950 6922 6932
f 6950 6932 6957
f 7015 7009 6993
f 6993 7009 6984
f 7015 7032 7009
f 6968 6984 6957
f 6993 6984 6968
f 6968 6957 6944
f 6944 6957 6932
f 7039 7049 7032
f 7039 7032 7015
f 7088 7049 7039
f 7214 7246 7210
f 7214 7210 7168
f 7246 7221 7210
f 7088 7039 7060
f 7119 7088 7060
f 7119 7168 7088
f 7172 7214 7168
f 7172 7168 7119
f 7612 7597 7644
f 7612 7644 7678
f 7678 7644 7693
f 7506 7522 7562
f 7481 7483 7522
f 7506 7481 7522
f 7506 7562 7554
f 7554 7562 7583
f 7583 7562 7612
f 7647 7612 7678
f 7583 7612 7618
f 7618 7612 7647
f 6764 6783 6735
f 6721 6758 6764
f 6721 6764 6713
f 6713 6764 6735
f 6721 6713 6678
f 6699 6721 6678
f 6683 6692 6675
f 6683 6675 6642
f 6683 6642 6623
f 6677 6683 6623
f 6677 6698 6683
f 6692 6699 6662
f 6662 6675 6692
f 6699 6678 6662
f 6697 6698 6677
f 6639 6697 6677
f 6684 6697 6639
f 6684 6724 6697
f 6710 6724 6684
f 6745 6724 6710
f 6798 6827 6802
f 6832 6827 6798
f 6837 6832 6814
f 6814 6832 6798
f 6798 6802 6777
f 6777 6802 6774
f 6777 6774 6753
f 6753 6774 6747
f 6733 6745 6710
f 6701 6733 6710
f 6747 6733 6720
f 6720 6733 6701
f 6731 6747 6720
f 6753 6747 6731
f 6906 6922 6894
f 6922 6910 6894
f 6932 6922 6906
f 6894 6910 6883
f 6894 6883 6867
f 6867 6883 6856
f 6856 6837 6833
f 6829 6856 6833
f 6867 6856 6829
f 6833 6837 6813
f 6813 6837 6814
f 8647 8593 8611
f 8647 8611 8673
f 8673 8643 8688
f 8673 8688 8726
f 8673 8611 8643
f 8688 8728 8726
f 8726 8728 8779
f 8593 8561 8611
f 8547 8561 8593
f 8779 8749 8791
f 8779 8791 8829
f 8728 8749 8779
f 8829 8791 8834
f 8420 8351 8449
f 8351 8312 8449
f 8449 8397 8488
f 8449 8312 8397
f 8488 8512 8547
f 8547 8512 8561
f 8397 8451 8488
f 8488 8451 8512
f 8791 8803 8834
f 8609 8594 8579
f 8542 8552 8518
f 8542 8579 8552
f 8579 8594 8578
f 8579 8578 8552
f 8514 8525 8413
f 8525 8487 8413
f 8552 8538 8518
f 8518 8538 8503
f 8518 8503 8458
f 8518 8458 8487
f 8487 8458 8413
f 8514 8425 8485
f 8514 8413 8425
f 8776 8725 8775
f 8706 8677 8725
f 8737 8706 8725
f 8737 8725 8776
f 8644 8598 8621
f 8621 8598 8567
f 8590 8621 8567
f 8590 8567 8544
f 8572 8590 8544
f 8597 8590 8572
f 8576 8597 8572
f 8644 8677 8648
f 8644 8648 8617
f 8617 8598 8644
f 8661 8648 8677
f 8661 8677 8706
f 8578 8576 8552
f 8576 8572 8546
f 8538 8576 8546
f 8552 8576 8538
f 8761 8774 8803
f 8803 8774 8810
f 8791 8761 8803
f 8774 8776 8810
f 8774 8737 8776
f 7451 7413 7454
f 7462 7483 7454
f 7454 7481 7451
f 7454 7483 7481
f 7451 7506 7482
f 7451 7481 7506
f 7084 7050 7071
f 7071 7050 7046
f 7079 7084 7098
f 7079 7050 7084
f 7225 7226 7254
f 7254 7226 7269
f 7225 7184 7226
f 7254 7269 7288
f 7288 7269 7319
f 7288 7319 7303
f 7303 7319 7328
f 7328 7319 7383
f 7383 7319 7384
f 7460 7384 7515
f 7383 7384 7460
f 7138 7125 7155
f 7170 7138 7155
f 7170 7184 7152
f 7152 7138 7170
f 7193 7184 7225
f 7193 7147 7184
f 7152 7184 7147
f 7125 7130 7120
f 7138 7130 7125
f 7125 7090 7098
f 7125 7120 7090
f 7079 7098 7090
f 7517 7492 7604
f 7517 7604 7639
f 7579 7517 7639
f 7515 7517 7579
f 7492 7482 7554
f 7492 7554 7604
f 7554 7482 7506
f 7557 7460 7515
f 7557 7515 7649
f 7649 7515 7579
f 6846 6823 6847
f 6868 6846 6847
f 6847 6823 6825
f 6868 6847 6870
f 6825 6823 6805
f 6868 6870 6889
f 6889 6885 6868
f 6912 6885 6889
f 6782 6779 6805
f 6805 6803 6782
f 6809 6803 6805
f 6809 6805 6823
f 6782 6756 6779
f 6752 6776 6779
f 6756 6752 6779
f 6752 6751 6776
f 6776 6751 6770
f 6739 6759 6770
f 6739 6770 6751
f 6770 6759 6794
f 6759 6781 6794
f 6759 6746 6781
f 6746 6708 6749
f 6708 6728 6749
f 6729 6746 6759
f 6703 6708 6746
f 6729 6703 6746
f 6708 6695 6728
f 6674 6657 6695
f 6708 6674 6695
f 6695 6657 6690
f 6657 6643 6690
f 6960 6968 6944
f 6960 6944 6937
f 6987 6990 6960
f 6990 6968 6960
f 6937 6944 6912
f 6987 7011 6990
f 7004 6990 7011
f 7011 7024 7004
f 7029 7038 7011
f 7038 7024 7011
f 7050 7053 7029
f 7053 7038 7029
f 7079 7053 7050
f 6912 6906 6885
f 6912 6932 6906
f 6912 6944 6932
f 6620 6573 6621
f 6592 6621 6573
f 6625 6629 6621
f 6625 6621 6592
f 6625 6630 6629
f 6630 6673 6629
f 6643 6613 6647
f 6613 6620 6647
f 6613 6582 6620
f 6582 6573 6620
f 6617 6643 6657
f 6617 6597 6643
f 6597 6613 6643
f 6693 6673 6659
f 6659 6673 6630
f 6693 6709 6673
f 6719 6709 6693
f 6700 6719 6693
f 6723 6719 6700
f 6735 6723 6713
f 6713 6723 6700
f 7374 7412 7392
f 7374 7392 7362
f 7374 7362 7334
f 7374 7334 7337
f 7337 7334 7278
f 7326 7337 7278
f 7272 7326 7278
f 7272 7278 7235
f 7278 7281 7246
f 7278 7246 7214
f 7235 7278 7214
f 7756 7813 7741
f 7756 7741 7666
f 7666 7741 7620
f 7620 7741 7654
f 7856 7741 7813
f 7620 7654 7578
f 7578 7654 7593
f 8075 7856 8071
f 8071 7856 7895
f 8075 8039 7856
f 8039 7952 7856
f 7895 7856 7813
f 7578 7593 7512
f 7512 7593 7480
f 7593 7552 7480
f 7480 7552 7496
f 8002 7926 7952
f 7952 8047 8002
f 8062 7952 8039
f 8062 8047 7952
f 8037 7926 8002
f 7996 7926 8037
f 7996 7922 7926
f 7892 7869 7932
f 7932 7869 7922
f 7932 7922 8008
f 8008 7922 7996
f 7427 7463 7412
f 7427 7496 7463
f 7480 7496 7427
f 7427 7412 7374
f 7817 7744 7785
f 7753 7744 7817
f 7835 7785 7796
f 7872 7785 7835
f 7817 7785 7872
f 7872 7835 7932
f 7990 7932 8008
f 7872 7932 7990
f 7678 7693 7697
f 7697 7693 7749
f 7749 7693 7755
f 7755 7753 7830
f 7830 7753 7817
f 7803 7749 7755
f 7803 7755 7830
f 7024 7015 7004
f 7004 7015 6993
f 7024 7039 7015
f 7004 6993 6990
f 6990 6993 6968
f 7060 7039 7024
f 7201 7214 7172
f 7235 7214 7201
f 7106 7119 7060
f 7106 7060 7067
f 7067 7060 7038
f 7038 7060 7024
f 7172 7119 7149
f 7149 7119 7106
f 7163 7172 7149
f 7173 7172 7163
f 7173 7201 7172
f 7703 7678 7697
f 7690 7678 7708
f 7690 7647 7678
f 7708 7678 7703
f 7554 7583 7614
f 7604 7554 7614
f 7614 7583 7618
f 7631 7618 7647
f 7631 7647 7690
f 7608 7618 7631
f 7616 7618 7608
f 7614 7618 7616
f 6713 6700 6679
f 6713 6679 6678
f 6678 6679 6653
f 6652 6678 6653
f 6662 6678 6652
f 6642 6675 6638
f 6638 6675 6662
f 6623 6642 6616
f 6616 6642 6638
f 6639 6677 6623
f 6605 6639 6623
f 6605 6623 6590
f 6571 6623 6616
f 6590 6623 6571
f 6638 6662 6599
f 6662 6652 6599
f 6609 6645 6639
f 6639 6645 6684
f 6609 6639 6605
f 6655 6684 6645
f 6655 6681 6684
f 6681 6710 6684
f 6701 6710 6681
f 6791 6814 6798
f 6791 6798 6767
f 6767 6798 6762
f 6762 6798 6777
f 6813 6814 6791
f 6762 6777 6753
f 6738 6753 6731
f 6762 6753 6738
f 6701 6681 6663
f 6685 6701 6663
f 6705 6720 6701
f 6705 6701 6685
f 6731 6720 6705
f 6716 6731 6705
f 6738 6731 6716
f 6906 6894 6885
f 6885 6894 6867
f 6885 6867 6868
f 6846 6867 6829
f 6868 6867 6846
f 6829 6833 6813
f 6813 6803 6829
f 6846 6829 6823
f 6823 6829 6809
f 6809 6829 6803
f 6813 6791 6787
f 6813 6787 6803
f 8561 8566 8611
f 8611 8599 8643
f 8611 8566 8599
f 8643 8599 8605
f 8605 8649 8643
f 8643 8649 8688
f 8688 8670 8708
f 8688 8708 8728
f 8688 8649 8670
f 8728 8708 8749
f 8561 8512 8521
f 8521 8566 8561
f 8749 8708 8722
f 8749 8722 8761
f 8749 8761 8791
f 8351 8253 8312
f 8253 8207 8312
f 8312 8310 8397
f 8312 8207 8310
f 8397 8400 8451
f 8397 8349 8400
f 8397 8310 8349
f 8512 8451 8479
f 8512 8479 8521
f 8451 8400 8426
f 8451 8426 8479
f 8425 8413 8371
f 8413 8458 8377
f 8413 8377 8292
f 8322 8413 8292
f 8371 8413 8322
f 8538 8546 8503
f 8458 8503 8472
f 8503 8546 8499
f 8503 8499 8472
f 8458 8472 8411
f 8458 8411 8377
f 8425 8371 8406
f 8704 8661 8706
f 8704 8706 8737
f 8731 8704 8737
f 8731 8737 8774
f 8598 8584 8565
f 8567 8598 8565
f 8617 8584 8598
f 8544 8567 8531
f 8531 8567 8510
f 8567 8565 8510
f 8546 8572 8544
f 8546 8544 8511
f 8511 8544 8507
f 8544 8531 8507
f 8616 8648 8661
f 8616 8617 8648
f 8616 8584 8617
f 8661 8610 8616
f 8641 8610 8661
f 8668 8661 8704
f 8641 8661 8668
f 8499 8546 8511
f 8761 8731 8774
f 8722 8731 8761
f 7079 7090 7053
f 7242 7193 7225
f 7242 7225 7254
f 7285 7254 7288
f 7242 7254 7285
f 7299 7288 7303
f 7285 7288 7299
f 7341 7299 7303
f 7303 7333 7341
f 7303 7328 7333
f 7366 7328 7383
f 7335 7328 7366
f 7333 7328 7335
f 7366 7383 7540
f 7540 7383 7460
f 7557 7540 7460
f 7134 7138 7121
f 7121 7138 7128
f 7152 7128 7138
f 7134 7130 7138
f 7113 7128 7152
f 7152 7147 7113
f 7213 7193 7242
f 7143 7147 7193
f 7182 7193 7213
f 7182 7143 7193
f 7113 7147 7112
f 7143 7112 7147
f 7136 7120 7130
f 7134 7136 7130
f 7106 7090 7120
f 7106 7120 7136
f 7106 7067 7090
f 7090 7067 7053
f 7604 7614 7739
f 7728 7604 7739
f 7639 7604 7728
f 7665 7579 7639
f 7665 7639 7718
f 7718 7639 7728
f 7649 7579 7665
f 7557 7649 7655
f 7557 7655 7671
f 7557 7671 7619
f 7557 7619 7540
f 7716 7649 7745
f 7745 7649 7724
f 7649 7665 7724
f 7716 7655 7649
f 6754 6756 6782
f 6782 6803 6787
f 6754 6782 6787
f 6754 6730 6756
f 6756 6734 6752
f 6730 6734 6756
f 6732 6751 6752
f 6732 6752 6734
f 6732 6739 6751
f 6739 6729 6759
f 6715 6702 6739
f 6715 6739 6732
f 6702 6729 6739
f 6671 6708 6703
f 6671 6674 6708
f 6702 6703 6729
f 6670 6703 6702
f 6670 6671 6703
f 6646 6674 6671
f 6646 6657 6674
f 6624 6617 6657
f 6624 6657 6646
f 7053 7067 7038
f 6592 6573 6560
f 6546 6521 6573
f 6560 6573 6521
f 6546 6573 6582
f 6565 6592 6560
f 6565 6625 6592
f 6625 6601 6630
f 6565 6601 6625
f 6627 6630 6601
f 6627 6659 6630
f 6597 6575 6613
f 6575 6582 6613
f 6575 6541 6582
f 6582 6541 6546
f 6594 6617 6624
f 6617 6572 6597
f 6594 6572 6617
f 6572 6563 6597
f 6563 6575 6597
f 6668 6700 6693
f 6668 6693 6659
f 6668 6659 6627
f 6679 6700 6668
f 7379 7427 7374
f 7379 7374 7337
f 7326 7379 7337
f 7380 7379 7326
f 7353 7326 7305
f 7305 7326 7272
f 7353 7380 7326
f 7236 7272 7235
f 7276 7272 7236
f 7276 7305 7272
f 7236 7235 7234
f 7200 7235 7201
f 7234 7235 7200
f 7845 7895 7756
f 7895 7813 7756
f 7756 7666 7674
f 7674 7692 7756
f 7756 7692 7726
f 7762 7756 7726
f 7845 7756 7762
f 7674 7666 7585
f 7585 7666 7607
f 7666 7620 7607
f 7607 7620 7578
f 7607 7578 7541
f 7541 7578 7512
f 8167 8039 8075
f 8197 8167 8075
f 8071 8197 8075
f 8217 8197 8071
f 8139 8217 8071
f 8071 7895 7999
f 8043 8071 7999
f 8139 8071 8043
f 7969 7999 7895
f 7969 7895 7845
f 8062 8039 8167
f 7474 7512 7480
f 7541 7512 7474
f 7480 7427 7428
f 7419 7480 7428
f 7474 7480 7419
f 8083 8002 8047
f 8037 8002 8083
f 8083 8047 8129
f 8129 8047 8062
f 8163 8129 8062
f 8167 8163 8062
f 8116 7996 8037
f 8116 8037 8083
f 8116 8008 7996
f 8088 8008 8116
f 8088 7990 8008
f 7379 7428 7427
f 7830 7817 7923
f 7923 7817 7872
f 7923 7872 7990
f 7923 7990 8072
f 8072 7990 8088
f 7704 7703 7697
f 7704 7697 7736
f 7697 7749 7768
f 7736 7697 7768
f 7768 7749 7803
f 7900 7830 7923
f 7803 7830 7900
f 7849 7768 7803
f 7849 7803 7900
f 7200 7201 7173
f 7136 7149 7106
f 7163 7149 7136
f 7145 7163 7136
f 7153 7163 7145
f 7153 7173 7163
f 7157 7200 7173
f 7157 7173 7153
f 7705 7703 7704
f 7731 7708 7703
f 7731 7703 7705
f 7752 7690 7708
f 7748 7631 7690
f 7748 7690 7752
f 7752 7708 7731
f 7616 7720 7614
f 7739 7614 7720
f 7689 7631 7748
f 7689 7608 7631
f 7616 7608 7689
f 7689 7720 7616
f 6653 6679 6668
f 6653 6668 6627
f 6619 6653 6627
f 6652 6653 6619
f 6599 6652 6619
f 6577 6638 6599
f 6616 6638 6577
f 6571 6616 6559
f 6559 6616 6577
f 6585 6605 6590
f 6609 6605 6585
f 6585 6590 6558
f 6558 6590 6571
f 6571 6559 6524
f 6510 6571 6524
f 6558 6571 6510
f 6577 6599 6547
f 6599 6619 6561
f 6599 6561 6547
f 6579 6603 6609
f 6609 6585 6579
f 6603 6626 6609
f 6626 6645 6609
f 6655 6645 6626
f 6631 6655 6626
f 6663 6655 6631
f 6663 6681 6655
f 6787 6791 6763
f 6763 6791 6767
f 6748 6767 6740
f 6763 6767 6748
f 6740 6767 6762
f 6740 6762 6738
f 6740 6738 6712
f 6712 6738 6716
f 6661 6685 6663
f 6661 6663 6636
f 6636 6663 6631
f 6688 6705 6685
f 6688 6685 6661
f 6716 6705 6688
f 6712 6716 6688
f 6754 6787 6763
f 8566 8539 8564
f 8599 8566 8564
f 8521 8539 8566
f 8599 8564 8605
f 8605 8582 8615
f 8605 8615 8649
f 8605 8564 8582
f 8649 8615 8651
f 8649 8651 8670
f 8670 8651 8686
f 8670 8686 8708
f 8708 8686 8722
f 8521 8460 8496
f 8521 8496 8539
f 8479 8460 8521
f 8722 8697 8731
f 8686 8697 8722
f 8253 8068 8207
f 8208 8063 8253
f 8063 8068 8253
f 8068 8046 8207
f 8207 8271 8310
f 8207 8118 8271
f 8207 8046 8118
f 8310 8271 8349
f 8400 8349 8367
f 8400 8367 8426
f 8349 8271 8309
f 8349 8309 8367
f 8479 8426 8460
f 8399 8460 8426
f 8426 8367 8399
f 8305 8371 8322
f 8377 8411 8365
f 8377 8365 8300
f 8292 8377 8300
f 8322 8292 8246
f 8246 8292 8185
f 8292 8300 8185
f 8305 8322 8223
f 8322 8246 8223
f 8472 8442 8411
f 8499 8511 8472
f 8472 8511 8442
f 8411 8442 8408
f 8411 8408 8365
f 8697 8668 8704
f 8697 8704 8731
f 8565 8584 8557
f 8577 8557 8584
f 8577 8584 8616
f 8510 8565 8537
f 8565 8557 8537
f 8531 8510 8504
f 8507 8531 8504
f 8504 8510 8453
f 8510 8421 8453
f 8510 8476 8421
f 8537 8476 8510
f 8511 8507 8442
f 8507 8504 8442
f 8610 8577 8616
f 8568 8577 8610
f 8595 8610 8641
f 8595 8568 8610
f 8606 8595 8641
f 8606 8641 8659
f 8659 8641 8668
f 8697 8659 8668
f 7250 7242 7282
f 7282 7242 7285
f 7243 7213 7242
f 7243 7242 7250
f 7282 7285 7299
f 7282 7299 7341
f 7376 7341 7433
f 7433 7341 7389
f 7341 7333 7355
f 7341 7355 7389
f 7376 7282 7341
f 7333 7335 7355
f 7355 7335 7366
f 7355 7366 7378
f 7409 7366 7540
f 7375 7366 7409
f 7378 7366 7375
f 7513 7409 7540
f 7513 7540 7619
f 7145 7136 7134
f 7139 7145 7134
f 7139 7134 7111
f 7111 7134 7121
f 7113 7121 7128
f 7096 7121 7113
f 7096 7111 7121
f 7105 7113 7112
f 7081 7113 7105
f 7081 7096 7113
f 7223 7182 7213
f 7223 7213 7243
f 7105 7112 7143
f 7105 7143 7115
f 7140 7115 7143
f 7140 7143 7182
f 7140 7182 7180
f 7180 7182 7223
f 7728 7739 7839
f 7739 7720 7827
f 7839 7739 7827
f 7837 7728 7839
f 7789 7728 7837
f 7718 7728 7789
f 7724 7665 7718
f 7757 7724 7718
f 7757 7718 7789
f 7716 7671 7655
f 7683 7619 7671
f 7683 7671 7732
f 7716 7730 7671
f 7732 7671 7730
f 7603 7513 7619
f 7603 7619 7722
f 7683 7722 7619
f 7777 7716 7745
f 7761 7716 7777
f 7761 7730 7716
f 7792 7745 7757
f 7777 7745 7792
f 7745 7724 7757
f 6742 6754 6763
f 6726 6730 6754
f 6742 6726 6754
f 6696 6730 6726
f 6704 6734 6730
f 6696 6704 6730
f 6707 6732 6734
f 6707 6734 6704
f 6707 6715 6732
f 6686 6715 6707
f 6686 6702 6715
f 6686 6672 6702
f 6672 6670 6702
f 6641 6646 6671
f 6641 6671 6670
f 6640 6641 6670
f 6640 6670 6672
f 6641 6610 6646
f 6610 6624 6646
f 6610 6594 6624
f 6565 6560 6528
f 6560 6521 6469
f 6528 6560 6469
f 6546 6541 6470
f 6470 6521 6546
f 6470 6427 6521
f 6469 6521 6427
f 6561 6565 6528
f 6561 6601 6565
f 6627 6601 6561
f 6619 6627 6561
f 6563 6535 6575
f 6535 6541 6575
f 6470 6541 6458
f 6535 6458 6541
f 6576 6594 6610
f 6552 6572 6594
f 6576 6552 6594
f 6552 6504 6572
f 6504 6526 6572
f 6572 6526 6563
f 6526 6535 6563
f 7380 7419 7379
f 7419 7428 7379
f 7411 7494 7380
f 7411 7380 7353
f 7468 7419 7380
f 7494 7468 7380
f 7381 7411 7353
f 7381 7353 7350
f 7313 7353 7305
f 7350 7353 7313
f 7313 7305 7276
f 7197 7236 7234
f 7227 7236 7197
f 7227 7276 7236
f 7291 7313 7276
f 7247 7276 7227
f 7273 7276 7247
f 7291 7276 7273
f 7197 7234 7200
f 7197 7200 7157
f 7797 7881 7845
f 7797 7845 7762
f 7969 7845 7881
f 7585 7692 7674
f 7684 7692 7585
f 7684 7726 7692
f 7707 7726 7684
f 7707 7762 7726
f 7735 7797 7762
f 7735 7762 7707
f 7580 7684 7585
f 7585 7607 7541
f 7580 7585 7541
f 7580 7541 7468
f 7468 7541 7474
f 8197 8279 8167
f 8260 8167 8279
f 8229 8167 8260
f 8229 8163 8167
f 8217 8290 8197
f 8290 8279 8197
f 8294 8290 8217
f 8226 8294 8217
f 8226 8217 8139
f 8098 8226 8139
f 8098 8139 7969
f 7969 8139 8043
f 8043 7999 7969
f 7879 7969 7881
f 7970 7969 7879
f 8098 7969 7970
f 7468 7474 7419
f 8116 8083 8138
f 8138 8083 8132
f 8129 8132 8083
f 8195 8129 8163
f 8175 8132 8129
f 8175 8129 8195
f 8195 8163 8229
f 8138 8088 8116
f 8072 8088 8176
f 8176 8088 8138
f 7900 7923 7997
f 7997 7923 8072
f 7997 8072 8107
f 8107 8072 8241
f 8241 8072 8176
f 7705 7704 7696
f 7696 7704 7736
f 7696 7736 7714
f 7714 7736 7776
f 7736 7768 7776
f 7776 7768 7849
f 7849 7900 7994
f 7994 7900 7995
f 7995 7900 7997
f 7776 7849 7877
f 7877 7849 7994
f 7114 7145 7139
f 7153 7145 7114
f 7157 7153 7082
f 7082 7153 7114
f 7162 7197 7157
f 7157 7082 7086
f 7086 7162 7157
f 7702 7781 7705
f 7702 7705 7667
f 7667 7705 7696
f 7705 7808 7731
f 7781 7808 7705
f 7808 7778 7731
f 7731 7778 7752
f 7752 7819 7748
f 7778 7819 7752
f 7748 7821 7689
f 7819 7821 7748
f 7689 7841 7720
f 7827 7720 7841
f 7821 7841 7689
f 6577 6547 6507
f 6559 6577 6507
f 6524 6559 6507
f 6554 6585 6558
f 6579 6585 6554
f 6554 6558 6536
f 6536 6558 6510
f 6510 6524 6441
f 6524 6507 6441
f 6376 6510 6441
f 6474 6510 6376
f 6474 6536 6510
f 6547 6561 6491
f 6507 6547 6491
f 6561 6528 6491
f 6548 6556 6579
f 6548 6579 6554
f 6556 6589 6579
f 6589 6603 6579
f 6631 6626 6603
f 6614 6631 6603
f 6589 6614 6603
f 6636 6631 6614
f 6742 6763 6748
f 6740 6722 6748
f 6742 6748 6722
f 6711 6740 6712
f 6711 6722 6740
f 6689 6712 6688
f 6689 6711 6712
f 6661 6636 6634
f 6660 6661 6634
f 6660 6688 6661
f 6604 6636 6614
f 6634 6636 6604
f 6689 6688 6660
f 8496 8527 8539
f 8539 8527 8564
f 8564 8533 8582
f 8527 8533 8564
f 8533 8556 8582
f 8582 8556 8606
f 8582 8606 8615
f 8615 8606 8651
f 8651 8659 8686
f 8651 8606 8659
f 8686 8659 8697
f 8399 8418 8460
f 8460 8418 8463
f 8460 8463 8496
f 8496 8490 8527
f 8463 8490 8496
f 8068 7873 8046
f 8063 7947 8068
f 8068 7947 7873
f 8208 8109 8063
f 8063 8109 8017
f 8017 7947 8063
f 7873 7941 8046
f 8046 7941 8118
f 8271 8118 8200
f 8271 8200 8309
f 8118 8048 8200
f 7941 8048 8118
f 8367 8346 8399
f 8367 8309 8346
f 8309 8285 8346
f 8309 8200 8285
f 8346 8359 8399
f 8399 8359 8382
f 8399 8382 8418
f 8297 8305 8223
f 8365 8331 8300
f 8365 8387 8331
f 8365 8408 8387
f 8300 8331 8281
f 8300 8281 8218
f 8185 8300 8218
f 8246 8185 8040
f 8147 8246 8040
f 8223 8246 8147
f 8185 8218 8085
f 8185 8085 8040
f 8297 8223 8216
f 8223 8147 8181
f 8216 8223 8181
f 8442 8504 8454
f 8442 8454 8434
f 8442 8434 8408
f 8408 8434 8387
f 8557 8545 8537
f 8577 8545 8557
f 8536 8545 8577
f 8568 8536 8577
f 8537 8545 8476
f 8504 8453 8454
f 8453 8421 8388
f 8415 8453 8388
f 8454 8453 8415
f 8388 8421 8345
f 8412 8360 8421
f 8421 8436 8412
f 8476 8436 8421
f 8421 8360 8345
f 8498 8436 8476
f 8498 8476 8545
f 8563 8526 8568
f 8563 8568 8595
f 8526 8536 8568
f 8606 8563 8595
f 8556 8563 8606
f 7239 7250 7279
f 7279 7250 7282
f 7250 7223 7243
f 7239 7223 7250
f 7279 7282 7376
f 7325 7280 7376
f 7325 7376 7370
f 7370 7376 7433
f 7280 7279 7376
f 7433 7389 7473
f 7433 7473 7484
f 7447 7433 7484
f 7447 7370 7433
f 7389 7355 7378
f 7389 7378 7397
f 7389 7397 7429
f 7389 7429 7473
f 7378 7375 7409
f 7378 7409 7397
f 7424 7409 7513
f 7397 7409 7424
f 7479 7513 7603
f 7479 7424 7513
f 7114 7139 7111
f 7075 7114 7111
f 7075 7111 7096
f 7075 7096 7081
f 7115 7077 7105
f 7081 7105 7077
f 7055 7075 7081
f 7055 7081 7072
f 7072 7081 7077
f 7205 7180 7223
f 7205 7223 7239
f 7072 7077 7115
f 7072 7115 7087
f 7104 7115 7140
f 7087 7115 7104
f 7178 7140 7180
f 7141 7140 7178
f 7141 7104 7140
f 7178 7180 7205
f 7837 7839 7940
f 7940 7839 7979
f 7839 7827 7979
f 7827 7841 7859
f 7827 7859 7979
f 7871 7837 7940
f 7789 7837 7871
f 7792 7757 7789
f 7862 7792 7789
f 7862 7789 7871
f 7683 7732 7722
f 7775 7722 7732
f 7769 7775 7732
f 7769 7732 7730
f 7779 7769 7730
f 7779 7730 7761
f 7722 7702 7603
f 7603 7702 7626
f 7603 7626 7534
f 7534 7479 7603
f 7814 7818 7722
f 7775 7814 7722
f 7722 7818 7702
f 7799 7761 7777
f 7799 7777 7844
f 7844 7777 7792
f 7799 7779 7761
f 7844 7792 7862
f 6742 6722 6714
f 6714 6726 6742
f 6696 6726 6714
f 6654 6696 6667
f 6654 6676 6696
f 6696 6676 6704
f 6696 6714 6691
f 6696 6691 6667
f 6704 6682 6707
f 6676 6682 6704
f 6682 6686 6707
f 6665 6658 6686
f 6658 6672 6686
f 6665 6686 6682
f 6640 6672 6658
f 6607 6641 6640
f 6607 6610 6641
f 6618 6640 6658
f 6618 6598 6640
f 6598 6607 6640
f 6587 6576 6610
f 6587 6610 6607
f 6528 6469 6396
f 6491 6528 6396
f 6469 6427 6383
f 6396 6469 6383
f 6458 6406 6470
f 6470 6406 6427
f 6427 6406 6285
f 6383 6427 6285
f 6526 6452 6535
f 6452 6458 6535
f 6452 6382 6458
f 6458 6382 6366
f 6366 6406 6458
f 6587 6549 6576
f 6576 6533 6552
f 6549 6533 6576
f 6533 6468 6552
f 6468 6504 6552
f 6504 6415 6526
f 6414 6415 6504
f 6468 6414 6504
f 6415 6452 6526
f 7500 7581 7411
f 7581 7494 7411
f 7426 7411 7381
f 7426 7500 7411
f 7651 7580 7494
f 7494 7580 7468
f 7581 7651 7494
f 7368 7381 7350
f 7373 7381 7368
f 7401 7381 7373
f 7401 7426 7381
f 7368 7350 7339
f 7339 7350 7313
f 7307 7313 7291
f 7339 7313 7307
f 7227 7197 7162
f 7224 7247 7227
f 7224 7227 7162
f 7283 7307 7291
f 7283 7291 7260
f 7291 7273 7260
f 7260 7273 7247
f 7260 7247 7224
f 7798 7879 7797
f 7879 7881 7797
f 7717 7797 7735
f 7798 7797 7717
f 7735 7707 7684
f 7735 7684 7580
f 7717 7735 7580
f 7651 7717 7580
f 8290 8301 8279
f 8260 8279 8308
f 8308 8279 8301
f 8308 8229 8260
f 8263 8195 8229
f 8263 8229 8308
f 8343 8290 8294
f 8343 8317 8290
f 8317 8301 8290
f 8343 8294 8333
f 8299 8333 8294
f 8299 8294 8226
f 8239 8299 8226
f 8239 8226 8098
f 8157 8098 8084
f 8084 8098 8016
f 8098 7970 8016
f 8157 8239 8098
f 7907 7970 7879
f 7907 7879 7798
f 8016 7970 7907
f 8176 8138 8175
f 8138 8132 8175
f 8263 8175 8195
f 8263 8176 8175
f 8241 8176 8263
f 7995 7997 8107
f 7994 7995 8107
f 8107 8241 8262
f 8188 8107 8262
f 7994 8107 8188
f 8262 8241 8334
f 8241 8332 8334
f 8241 8263 8332
f 7661 7696 7714
f 7667 7696 7661
f 7701 7661 7714
f 7701 7714 7776
f 7759 7701 7776
f 7759 7776 7832
f 7877 7832 7776
f 7877 7994 8032
f 8032 7994 8188
f 7878 7832 7877
f 7878 7877 8032
f 7082 7114 7075
f 7069 7086 7082
f 7069 7082 7061
f 7061 7082 7075
f 7224 7162 7133
f 7133 7162 7086
f 7069 7133 7086
f 7818 7781 7702
f 7667 7626 7702
f 7818 7898 7781
f 7781 7898 7808
f 7661 7584 7667
f 7584 7626 7667
f 7898 7987 7808
f 7808 7987 7778
f 7778 8011 7819
f 7987 8011 7778
f 7819 8011 7821
f 7821 8117 7980
f 7980 7841 7821
f 7821 8011 8087
f 7821 8087 8117
f 7841 8027 7859
f 7980 8027 7841
f 6507 6491 6404
f 6441 6507 6404
f 6529 6554 6536
f 6548 6554 6529
f 6529 6536 6474
f 6376 6441 6286
f 6286 6441 6404
f 6236 6376 6286
f 6319 6376 6236
f 6319 6422 6376
f 6422 6474 6376
f 6467 6529 6474
f 6467 6474 6422
f 6404 6491 6396
f 6512 6534 6548
f 6512 6548 6529
f 6534 6556 6548
f 6564 6556 6545
f 6564 6589 6556
f 6545 6556 6534
f 6604 6614 6589
f 6604 6589 6586
f 6564 6586 6589
f 6714 6722 6694
f 6694 6722 6711
f 6694 6711 6689
f 6669 6689 6660
f 6669 6694 6689
f 6633 6660 6634
f 6633 6634 6606
f 6606 6634 6604
f 6669 6660 6649
f 6649 6660 6633
f 6591 6604 6586
f 6606 6604 6591
f 8527 8490 8533
f 8490 8481 8533
f 8481 8516 8533
f 8533 8516 8556
f 8556 8516 8563
f 8418 8369 8441
f 8418 8441 8463
f 8418 8382 8369
f 8463 8441 8490
f 8441 8481 8490
f 7873 7809 7941
f 7947 7840 7873
f 7873 7840 7782
f 7873 7782 7809
f 8017 7960 7947
f 7947 7960 7886
f 7886 7840 7947
f 8143 8050 8109
f 8109 8050 8017
f 8017 8050 7960
f 7809 7807 7941
f 7941 7902 8048
f 7807 7902 7941
f 8048 8120 8200
f 8200 8210 8285
f 8200 8120 8210
f 8048 7974 8120
f 8048 7902 7974
f 8346 8315 8359
f 8285 8315 8346
f 8285 8257 8315
f 8285 8210 8257
f 8315 8344 8359
f 8359 8344 8382
f 8382 8344 8369
f 8387 8364 8331
f 8364 8319 8331
f 8331 8319 8303
f 8331 8303 8281
f 8434 8415 8387
f 8387 8415 8364
f 8281 8303 8282
f 8281 8282 8187
f 8218 8281 8187
f 8218 8187 8085
f 8147 8040 7993
f 8040 8085 7955
f 8040 7955 7828
f 7993 8040 7828
f 8143 8147 7993
f 8181 8147 8143
f 8187 8123 8085
f 8085 8123 8051
f 8085 8051 7955
f 8434 8454 8415
f 8498 8545 8536
f 8536 8483 8498
f 8526 8483 8536
f 8319 8388 8345
f 8364 8388 8319
f 8415 8388 8364
f 8319 8345 8291
f 8291 8345 8278
f 8345 8306 8278
f 8345 8360 8306
f 8412 8396 8360
f 8412 8436 8448
f 8448 8396 8412
f 8360 8370 8299
f 8396 8370 8360
f 8306 8360 8299
f 8448 8436 8498
f 8483 8448 8498
f 8516 8526 8563
f 8516 8473 8526
f 8473 8483 8526
f 7256 7239 7279
f 7238 7205 7239
f 7238 7239 7256
f 7280 7256 7279
f 7304 7286 7325
f 7286 7280 7325
f 7304 7325 7370
f 7257 7256 7280
f 7286 7257 7280
f 7453 7304 7370
f 7453 7370 7447
f 7484 7473 7574
f 7574 7473 7596
f 7473 7475 7596
f 7473 7429 7475
f 7519 7484 7574
f 7447 7484 7519
f 7453 7447 7519
f 7429 7397 7416
f 7397 7424 7416
f 7429 7416 7442
f 7429 7442 7475
f 7430 7424 7479
f 7416 7424 7430
f 7442 7479 7475
f 7475 7479 7502
f 7502 7479 7534
f 7442 7430 7479
f 7055 7061 7075
f 7052 7061 7055
f 7052 7055 7048
f 7059 7055 7072
f 7048 7055 7059
f 7076 7072 7087
f 7076 7059 7072
f 7179 7178 7205
f 7179 7205 7238
f 7076 7087 7109
f 7109 7087 7104
f 7109 7104 7141
f 7179 7141 7178
f 7179 7144 7141
f 7144 7109 7141
f 7976 7871 7940
f 7976 7940 8049
f 7940 7979 8135
f 7940 8135 8128
f 8049 7940 8128
f 7979 7859 8130
f 7979 8130 8136
f 8135 7979 8136
f 8130 7859 8027
f 7862 7871 7976
f 7894 7862 7976
f 7894 7844 7862
f 7801 7834 7775
f 7834 7814 7775
f 7801 7775 7769
f 7804 7801 7769
f 7804 7769 7779
f 7804 7779 7806
f 7806 7779 7799
f 7534 7626 7584
f 7534 7584 7535
f 7535 7502 7534
f 7834 7866 7814
f 7866 7901 7814
f 7901 7818 7814
f 7901 8000 7818
f 8000 8009 7818
f 7818 8009 7898
f 7855 7799 7844
f 7855 7806 7799
f 7903 7855 7844
f 7903 7844 7894
f 6694 6691 6714
f 6611 6648 6654
f 6602 6611 6654
f 6602 6654 6637
f 6637 6654 6667
f 6648 6676 6654
f 6650 6667 6666
f 6667 6691 6666
f 6637 6667 6650
f 6656 6676 6648
f 6656 6682 6676
f 6666 6691 6694
f 6665 6682 6656
f 6656 6635 6665
f 6635 6658 6665
f 6618 6658 6635
f 6588 6587 6607
f 6588 6607 6598
f 6580 6618 6581
f 6581 6618 6635
f 6580 6598 6618
f 6562 6588 6598
f 6580 6562 6598
f 6567 6549 6587
f 6567 6587 6588
f 6404 6396 6335
f 6396 6383 6285
f 6258 6396 6285
f 6335 6396 6258
f 6366 6315 6406
f 6285 6406 6315
f 6258 6285 6091
f 6285 6315 6224
f 6285 6224 6162
f 6091 6285 6162
f 6361 6382 6452
f 6415 6361 6452
f 6361 6278 6382
f 6366 6382 6278
f 6366 6278 6172
f 6172 6224 6366
f 6366 6224 6315
f 6475 6549 6567
f 6472 6533 6549
f 6475 6472 6549
f 6472 6424 6533
f 6424 6468 6533
f 6468 6331 6414
f 6424 6331 6468
f 6300 6415 6414
f 6300 6280 6415
f 6415 6280 6361
f 6331 6300 6414
f 7568 7500 7478
f 7478 7500 7426
f 7656 7500 7673
f 7656 7581 7500
f 7673 7500 7568
f 7630 7651 7581
f 7656 7630 7581
f 7439 7478 7426
f 7439 7426 7401
f 7723 7798 7651
f 7723 7651 7630
f 7798 7717 7651
f 7342 7368 7339
f 7373 7368 7342
f 7369 7373 7347
f 7347 7373 7321
f 7321 7373 7342
f 7369 7401 7373
f 7439 7401 7448
f 7387 7425 7401
f 7387 7401 7369
f 7448 7401 7425
f 7342 7339 7318
f 7318 7339 7307
f 7318 7307 7283
f 7261 7283 7224
f 7261 7224 7219
f 7186 7224 7133
f 7219 7224 7186
f 7283 7260 7224
f 7261 7321 7283
f 7283 7321 7318
f 7828 7860 7798
f 7828 7798 7723
f 7860 7907 7798
f 8308 8301 8340
f 8340 8301 8317
f 8263 8308 8332
f 8332 8308 8340
f 8340 8317 8343
f 8340 8343 8362
f 8386 8343 8333
f 8362 8343 8386
f 8386 8333 8370
f 8370 8333 8299
f 8306 8299 8239
f 8278 8306 8239
f 8203 8278 8239
f 8203 8239 8157
f 8196 8203 8157
f 8196 8157 8123
f 8123 8157 8084
f 8051 8084 8016
f 8123 8084 8051
f 8016 7907 7955
f 7955 8051 8016
f 7955 7907 7860
f 8321 8262 8334
f 8188 8262 8321
f 8032 8188 8183
f 8183 8188 8296
f 8296 8188 8321
f 8334 8332 8395
f 8366 8334 8395
f 8321 8334 8366
f 8395 8332 8385
f 8385 8332 8340
f 7586 7584 7661
f 7653 7586 7661
f 7653 7661 7701
f 7681 7701 7759
f 7701 7660 7653
f 7681 7660 7701
f 7711 7759 7733
f 7711 7681 7759
f 7759 7832 7836
f 7836 7780 7759
f 7765 7759 7780
f 7733 7759 7765
f 7836 7832 7878
f 8032 7942 7878
f 7992 8032 8066
f 7992 7942 8032
f 8066 8032 8183
f 7810 7836 7878
f 7905 7878 7942
f 7874 7878 7905
f 7810 7878 7874
f 7052 7069 7061
f 7093 7069 7052
f 7093 7135 7069
f 7135 7133 7069
f 7165 7133 7135
f 7186 7133 7165
f 8041 7987 7898
f 8009 8041 7898
f 7535 7584 7586
f 8041 8011 7987
f 8114 8011 8041
f 8114 8087 8011
f 8117 8087 8189
f 8189 8243 8117
f 8199 8117 8243
f 8111 7980 8117
f 8111 8117 8199
f 8111 8027 7980
f 8250 8189 8087
f 8114 8250 8087
f 8130 8027 8111
f 6404 6335 6222
f 6286 6404 6222
f 6512 6529 6467
f 6236 6286 6177
f 6286 6222 6191
f 6286 6191 6177
f 6158 6236 6177
f 6234 6319 6236
f 6234 6236 6158
f 6402 6422 6319
f 6402 6319 6325
f 6277 6319 6234
f 6325 6319 6277
f 6402 6467 6422
f 6464 6512 6467
f 6402 6464 6467
f 6464 6482 6512
f 6482 6534 6512
f 6545 6534 6511
f 6511 6534 6482
f 6550 6568 6564
f 6550 6564 6545
f 6568 6586 6564
f 6532 6545 6511
f 6550 6545 6532
f 6591 6586 6568
f 6666 6694 6669
f 6651 6669 6649
f 6666 6669 6651
f 6615 6633 6606
f 6632 6649 6633
f 6632 6633 6615
f 6615 6606 6596
f 6583 6606 6591
f 6596 6606 6583
f 6651 6649 6632
f 6583 6591 6568
f 8441 8419 8481
f 8481 8450 8516
f 8419 8450 8481
f 8450 8473 8516
f 8344 8341 8369
f 8341 8321 8369
f 8369 8321 8366
f 8369 8366 8419
f 8369 8419 8441
f 7809 7677 7774
f 7809 7774 7807
f 7782 7677 7809
f 7840 7740 7782
f 7840 7812 7740
f 7886 7812 7840
f 7740 7677 7782
f 7993 7960 8050
f 7993 7885 7960
f 7886 7960 7885
f 7886 7885 7812
f 8143 7993 8050
f 7807 7800 7902
f 7807 7774 7800
f 7902 7891 7974
f 7902 7800 7891
f 7974 8170 8120
f 8210 8120 8170
f 8210 8170 8257
f 7974 7891 7944
f 7944 7966 7974
f 7974 7966 8065
f 7974 8065 8170
f 8315 8257 8280
f 8280 8344 8315
f 8257 8177 8280
f 8170 8177 8257
f 8344 8296 8341
f 8280 8296 8344
f 8303 8319 8282
f 8319 8291 8274
f 8282 8319 8274
f 8187 8282 8274
f 8274 8248 8187
f 8187 8248 8196
f 8187 8196 8123
f 7993 7828 7885
f 7828 7955 7860
f 7885 7828 7770
f 7770 7828 7723
f 8465 8483 8439
f 8473 8439 8483
f 8465 8448 8483
f 8291 8278 8248
f 8274 8291 8248
f 8248 8278 8203
f 8404 8370 8396
f 8465 8396 8448
f 8465 8404 8396
f 8386 8370 8404
f 8450 8422 8473
f 8422 8439 8473
f 7257 7238 7256
f 7181 7179 7238
f 7181 7238 7237
f 7237 7238 7257
f 7348 7304 7453
f 7304 7253 7286
f 7348 7296 7304
f 7296 7253 7304
f 7253 7237 7286
f 7286 7237 7257
f 7514 7382 7453
f 7382 7348 7453
f 7453 7519 7599
f 7621 7453 7599
f 7514 7453 7621
f 7599 7519 7574
f 7599 7574 7635
f 7635 7574 7727
f 7574 7596 7727
f 7596 7475 7595
f 7596 7595 7734
f 7727 7596 7734
f 7475 7502 7509
f 7475 7509 7595
f 7416 7430 7442
f 7509 7502 7503
f 7503 7502 7535
f 7057 7052 7048
f 7083 7093 7052
f 7057 7048 7058
f 7058 7048 7059
f 7058 7059 7076
f 7058 7076 7078
f 7078 7076 7103
f 7116 7076 7109
f 7103 7076 7116
f 7148 7144 7179
f 7148 7179 7181
f 7116 7109 7144
f 7148 7116 7144
f 7976 8049 8026
f 7967 7976 8026
f 7894 7976 7967
f 8097 8049 8113
f 8049 8128 8113
f 8026 8049 8097
f 8128 8135 8191
f 8135 8136 8198
f 8191 8135 8198
f 8151 8128 8191
f 8113 8128 8151
f 8111 8201 8130
f 8136 8130 8206
f 8206 8130 8201
f 8198 8136 8206
f 7903 7894 7967
f 7804 7843 7801
f 7843 7834 7801
f 7876 7866 7834
f 7843 7876 7834
f 7806 7838 7804
f 7838 7843 7804
f 7861 7806 7855
f 7861 7851 7806
f 7851 7838 7806
f 7509 7503 7535
f 7509 7535 7571
f 7535 7586 7571
f 7876 7934 7866
f 7934 7901 7866
f 7934 8020 7901
f 8020 8000 7901
f 8102 8000 8020
f 8102 8152 8000
f 8000 8152 8009
f 8152 8041 8009
f 7861 7855 7893
f 7893 7855 7903
f 7903 7967 7971
f 7963 7903 7971
f 7893 7903 7963
f 6570 6612 6611
f 6553 6570 6611
f 6611 6612 6648
f 6553 6611 6602
f 6612 6656 6648
f 6543 6553 6602
f 6543 6602 6595
f 6595 6602 6637
f 6595 6637 6622
f 6637 6650 6622
f 6622 6650 6644
f 6644 6650 6666
f 6644 6666 6651
f 6612 6635 6656
f 6581 6635 6612
f 6562 6567 6588
f 6527 6562 6580
f 6581 6527 6580
f 6537 6581 6612
f 6481 6581 6537
f 6481 6527 6581
f 6527 6508 6562
f 6562 6508 6567
f 6475 6567 6508
f 6335 6258 6167
f 6335 6167 6200
f 6222 6335 6200
f 6258 6091 6167
f 6162 5972 6091
f 6091 5972 5611
f 6091 5611 5870
f 6014 6091 5870
f 6167 6091 6014
f 6162 6224 5972
f 6172 5972 6224
f 6280 6278 6361
f 6280 6216 6278
f 6278 6216 6188
f 6172 6278 6188
f 6172 6188 6072
f 6072 5838 6172
f 6172 5838 5972
f 6346 6356 6475
f 6426 6346 6475
f 6508 6426 6475
f 6475 6332 6472
f 6356 6332 6475
f 6332 6424 6472
f 6332 6289 6424
f 6289 6331 6424
f 6146 6300 6331
f 6289 6146 6331
f 6146 6092 6300
f 6300 6139 6268
f 6268 6280 6300
f 6092 6139 6300
f 6268 6194 6280
f 6194 6216 6280
f 7657 7673 7568
f 7657 7568 7559
f 7559 7568 7478
f 7439 7466 7478
f 7559 7478 7466
f 7770 7656 7673
f 7656 7723 7630
f 7770 7723 7656
f 7740 7673 7657
f 7812 7770 7673
f 7812 7673 7740
f 7439 7448 7466
f 7321 7342 7318
f 7387 7369 7347
f 7395 7404 7347
f 7395 7347 7264
f 7261 7347 7321
f 7264 7347 7261
f 7404 7387 7347
f 7461 7466 7448
f 7461 7448 7421
f 7421 7448 7425
f 7404 7421 7387
f 7421 7425 7387
f 7261 7219 7241
f 7264 7261 7241
f 7241 7219 7183
f 7183 7219 7186
f 7183 7186 7165
f 8385 8340 8362
f 8385 8362 8383
f 8383 8362 8386
f 8383 8386 8404
f 8248 8203 8196
f 8296 8321 8341
f 8066 8183 8177
f 8177 8183 8280
f 8280 8183 8296
f 8395 8385 8422
f 8450 8395 8422
f 8419 8395 8450
f 8366 8395 8419
f 8422 8385 8383
f 7609 7586 7653
f 7571 7586 7609
f 7609 7653 7660
f 7641 7660 7681
f 7641 7681 7694
f 7694 7681 7711
f 7641 7609 7660
f 7711 7733 7694
f 7712 7733 7820
f 7820 7733 7765
f 7712 7694 7733
f 7790 7780 7836
f 7810 7790 7836
f 7788 7780 7790
f 7765 7780 7788
f 7820 7765 7788
f 7919 7905 7942
f 7919 7942 7930
f 7930 7942 7992
f 7961 7930 7992
f 8066 7961 7992
f 8038 8066 8065
f 8065 8066 8177
f 7983 7961 8066
f 8038 7983 8066
f 7820 7788 7810
f 7820 7810 7948
f 7948 7810 7882
f 7882 7810 7874
f 7788 7790 7810
f 7874 7905 7908
f 7908 7905 7919
f 7882 7874 7897
f 7897 7874 7908
f 7146 7135 7093
f 7108 7093 7083
f 7108 7146 7093
f 7146 7165 7135
f 7183 7165 7146
f 8152 8114 8041
f 8152 8194 8114
f 8194 8250 8114
f 8250 8252 8189
f 8252 8243 8189
f 8199 8243 8249
f 8270 8243 8252
f 8264 8243 8270
f 8249 8243 8264
f 8249 8240 8199
f 8199 8240 8201
f 8199 8201 8111
f 8265 8250 8236
f 8265 8252 8250
f 8224 8250 8194
f 8236 8250 8224
f 6191 6222 6149
f 6222 6200 6149
f 6158 6177 6008
f 6088 6177 6137
f 6177 6191 6137
f 6008 6177 6088
f 6191 6149 6125
f 6137 6191 6125
f 6033 6158 6008
f 6098 6160 6158
f 6160 6234 6158
f 6098 6158 6033
f 6210 6234 6160
f 6210 6277 6234
f 6325 6354 6402
f 6430 6402 6354
f 6430 6464 6402
f 6277 6296 6325
f 6296 6354 6325
f 6247 6277 6210
f 6247 6296 6277
f 6430 6482 6464
f 6511 6482 6454
f 6454 6482 6430
f 6532 6511 6486
f 6486 6511 6454
f 6544 6568 6550
f 6544 6550 6532
f 6583 6568 6557
f 6557 6568 6544
f 6544 6532 6506
f 6506 6532 6486
f 6628 6651 6632
f 6628 6644 6651
f 6593 6615 6596
f 6608 6632 6615
f 6593 6608 6615
f 6628 6632 6608
f 6593 6596 6578
f 6578 6596 6583
f 6555 6583 6557
f 6578 6583 6555
f 7677 7633 7676
f 7677 7676 7774
f 7740 7657 7677
f 7677 7657 7633
f 7800 7774 7773
f 7774 7746 7773
f 7774 7676 7746
f 7885 7770 7812
f 7805 7800 7743
f 7743 7800 7721
f 7800 7773 7721
f 7805 7891 7800
f 7889 7906 7891
f 7889 7891 7805
f 7906 7917 7891
f 7891 7917 7933
f 7891 7933 7944
f 8065 8177 8170
f 7944 7933 7966
f 7966 7917 7984
f 7966 7984 8065
f 7933 7917 7966
f 8065 7984 8038
f 8439 8404 8465
f 8439 8383 8404
f 8422 8383 8439
f 7148 7181 7237
f 7212 7148 7237
f 7253 7212 7237
f 7382 7324 7348
f 7324 7296 7348
f 7258 7174 7253
f 7258 7253 7296
f 7174 7212 7253
f 7258 7296 7324
f 7625 7464 7514
f 7625 7514 7725
f 7725 7514 7621
f 7514 7391 7382
f 7464 7391 7514
f 7323 7324 7382
f 7391 7323 7382
f 7754 7621 7599
f 7599 7750 7754
f 7599 7635 7750
f 7725 7621 7754
f 7750 7635 7727
f 7750 7727 7848
f 7848 7727 7853
f 7727 7734 7853
f 7734 7595 7669
f 7595 7590 7669
f 7595 7509 7590
f 7853 7734 7977
f 7977 7734 7958
f 7958 7734 7846
f 7734 7669 7846
f 7509 7571 7590
f 7154 7108 7083
f 7103 7116 7148
f 7174 7148 7212
f 7967 8026 8018
f 8026 8097 8080
f 8067 8026 8080
f 8018 8026 8067
f 8015 7967 8018
f 7971 7967 8015
f 8097 8141 8148
f 8131 8097 8148
f 8131 8080 8097
f 8097 8113 8141
f 8141 8113 8156
f 8113 8151 8156
f 8156 8151 8191
f 8156 8191 8180
f 8191 8198 8238
f 8191 8238 8180
f 8198 8206 8238
f 8206 8201 8244
f 8244 8201 8240
f 8238 8206 8244
f 7888 7843 7858
f 7888 7876 7843
f 7858 7843 7838
f 7888 7950 7876
f 7950 7934 7876
f 7851 7858 7838
f 7865 7851 7861
f 7865 7863 7851
f 7863 7858 7851
f 7590 7571 7606
f 7571 7609 7606
f 7950 8033 7934
f 8033 8020 7934
f 8033 8102 8020
f 8190 8152 8102
f 8165 8190 8102
f 8091 8165 8102
f 8091 8102 8033
f 8204 8194 8152
f 8190 8204 8152
f 7951 7893 7963
f 7963 7971 8014
f 8014 7971 8015
f 8004 7963 8014
f 7951 7963 8004
f 6537 6612 6570
f 6502 6537 6570
f 6502 6570 6553
f 6477 6502 6553
f 6477 6553 6543
f 6543 6595 6574
f 6487 6543 6574
f 6477 6543 6487
f 6574 6595 6622
f 6574 6622 6600
f 6622 6644 6628
f 6622 6628 6600
f 6423 6527 6358
f 6423 6442 6527
f 6527 6442 6508
f 6481 6358 6527
f 6502 6481 6537
f 6375 6358 6481
f 6375 6481 6502
f 6442 6426 6508
f 6200 6167 6124
f 6167 6014 6056
f 6124 6167 6056
f 6149 6200 6124
f 5972 5838 5531
f 5611 5972 5531
f 5572 5611 5379
f 5611 5310 5379
f 5705 5611 5572
f 5611 5531 5310
f 5870 5611 5705
f 5806 6014 5870
f 5870 5705 5806
f 6056 6014 5930
f 5930 6014 5806
f 6194 6150 6216
f 6188 6216 6150
f 6188 6150 6072
f 6133 6018 6072
f 6133 6072 6150
f 6072 6018 5826
f 5826 5838 6072
f 5838 5603 5531
f 5826 5603 5838
f 6265 6321 6346
f 6316 6265 6346
f 6321 6356 6346
f 6327 6346 6426
f 6316 6346 6327
f 6313 6332 6356
f 6321 6313 6356
f 6327 6426 6442
f 6313 6289 6332
f 6189 6289 6313
f 6189 6146 6289
f 6146 6026 5570
f 5570 5772 6146
f 6146 5772 6092
f 6189 6026 6146
f 6092 5814 6139
f 5772 5814 6092
f 5814 5950 6139
f 6139 5950 6085
f 6139 6085 6194
f 6139 6194 6268
f 6133 6194 6085
f 6133 6150 6194
f 7657 7559 7633
f 7559 7466 7530
f 7588 7559 7530
f 7633 7559 7588
f 7497 7530 7466
f 7497 7466 7461
f 7539 7572 7395
f 7395 7572 7551
f 7551 7450 7395
f 7395 7450 7404
f 7395 7264 7306
f 7395 7306 7312
f 7395 7312 7349
f 7539 7395 7420
f 7461 7421 7404
f 7450 7461 7404
f 7264 7241 7265
f 7306 7264 7265
f 7450 7507 7461
f 7543 7461 7507
f 7497 7461 7543
f 7265 7241 7233
f 7233 7241 7183
f 7164 7183 7146
f 7192 7183 7164
f 7233 7183 7192
f 7606 7609 7641
f 7611 7606 7641
f 7712 7641 7694
f 7611 7641 7712
f 7669 7611 7712
f 7669 7712 7842
f 7842 7712 7820
f 8010 7820 7948
f 7842 7820 8010
f 7939 7908 7919
f 7939 7919 7949
f 7949 7919 7930
f 7961 7911 7930
f 7909 7930 7911
f 7949 7930 7909
f 7916 7911 7961
f 7983 7916 7961
f 7984 7983 8038
f 7910 7916 7983
f 7984 7910 7983
f 8010 7948 8166
f 8166 7948 8074
f 7948 7882 8074
f 7939 7882 7897
f 8074 7882 7939
f 7897 7908 7939
f 7164 7146 7108
f 7108 7159 7164
f 7154 7159 7108
f 8224 8194 8204
f 8270 8252 8265
f 8244 8249 8273
f 8273 8249 8264
f 8244 8240 8249
f 8272 8270 8265
f 8272 8264 8270
f 8273 8264 8272
f 8254 8272 8265
f 8254 8265 8235
f 8265 8236 8235
f 8222 8236 8204
f 8204 8236 8224
f 8235 8236 8222
f 6149 6124 6081
f 6125 6149 6081
f 6033 6008 5904
f 6008 6088 6004
f 5960 6008 6004
f 5904 6008 5960
f 6088 6034 6004
f 6088 6090 6034
f 6088 6137 6090
f 6090 6137 6125
f 6090 6125 6074
f 6125 6081 6064
f 6074 6125 6064
f 5887 6033 5904
f 5920 6098 6033
f 5920 6033 5887
f 6063 6098 5920
f 6063 6160 6098
f 6183 6210 6160
f 6112 6183 6160
f 6112 6160 6063
f 6217 6247 6210
f 6217 6210 6183
f 6430 6354 6367
f 6317 6354 6296
f 6367 6354 6317
f 6425 6430 6367
f 6425 6454 6430
f 6275 6296 6247
f 6317 6296 6275
f 6217 6275 6247
f 6445 6454 6425
f 6486 6454 6445
f 6465 6486 6445
f 6506 6486 6465
f 6513 6544 6506
f 6557 6544 6538
f 6538 6544 6513
f 6555 6557 6538
f 6513 6506 6462
f 6462 6506 6465
f 6600 6628 6608
f 6566 6593 6578
f 6584 6608 6593
f 6584 6593 6566
f 6600 6608 6584
f 6566 6578 6551
f 6551 6578 6555
f 6539 6555 6538
f 6551 6555 6539
f 7633 7588 7676
f 7676 7658 7746
f 7676 7588 7658
f 7721 7773 7746
f 7721 7746 7706
f 7746 7658 7706
f 7786 7904 7805
f 7786 7805 7743
f 7904 7889 7805
f 7743 7721 7709
f 7743 7709 7668
f 7652 7743 7668
f 7786 7743 7652
f 7721 7706 7685
f 7662 7721 7685
f 7709 7721 7662
f 8001 7986 7889
f 7904 8001 7889
f 7889 7986 7925
f 7925 7906 7889
f 7959 7906 7946
f 7959 7912 7906
f 7912 7910 7906
f 7906 7910 7917
f 7925 7946 7906
f 7917 7910 7984
f 7323 7258 7324
f 7309 7258 7323
f 7632 7464 7625
f 7738 7632 7625
f 7738 7625 7725
f 7464 7364 7391
f 7738 7725 7868
f 7868 7725 7887
f 7725 7754 7887
f 7364 7323 7391
f 7309 7323 7364
f 7754 7750 7921
f 7887 7754 7921
f 7921 7750 7848
f 7848 7853 7985
f 7921 7848 7985
f 7985 7853 7977
f 7669 7590 7611
f 7846 7669 7842
f 7590 7606 7611
f 7985 7977 8159
f 8159 7977 8150
f 7977 7958 8150
f 7958 7846 8070
f 8150 7958 8070
f 7846 7842 8070
f 7206 7192 7154
f 7192 7159 7154
f 8015 8018 8090
f 8090 8018 8067
f 8067 8080 8090
f 8090 8080 8131
f 8015 8090 8057
f 8014 8015 8057
f 8141 8156 8180
f 8148 8141 8180
f 8148 8180 8172
f 8131 8148 8172
f 8090 8131 8125
f 8125 8131 8155
f 8131 8172 8155
f 8172 8180 8225
f 8180 8238 8225
f 8238 8256 8225
f 8238 8244 8256
f 8256 8244 8273
f 7890 7888 7858
f 7954 7950 7888
f 7954 7888 7890
f 7863 7890 7858
f 8054 7950 8028
f 7954 8028 7950
f 8054 8033 7950
f 7884 7867 7865
f 7867 7863 7865
f 7883 7890 7863
f 7867 7883 7863
f 8054 8091 8033
f 8214 8230 8190
f 8230 8235 8190
f 8190 8235 8222
f 8222 8204 8190
f 8214 8190 8165
f 8115 8165 8091
f 8178 8214 8165
f 8178 8165 8115
f 8115 8091 8054
f 7973 7951 8004
f 8004 8014 8064
f 8064 8014 8057
f 8059 8004 8064
f 7973 8004 8059
f 6477 6375 6502
f 6357 6344 6477
f 6357 6477 6487
f 6477 6344 6375
f 6574 6600 6569
f 6530 6574 6569
f 6487 6574 6530
f 6357 6487 6456
f 6487 6530 6456
f 6569 6600 6584
f 6358 6327 6423
f 6327 6442 6423
f 6274 6358 6375
f 6358 6257 6327
f 6274 6257 6358
f 6344 6279 6375
f 6279 6274 6375
f 6081 6124 6024
f 6024 6124 6056
f 6024 6056 5959
f 5959 6056 5930
f 5531 5603 5245
f 5531 5245 5200
f 5310 5531 5200
f 5572 5379 5406
f 5518 5572 5406
f 5648 5572 5518
f 5648 5705 5572
f 5260 5379 5204
f 5406 5379 5260
f 5379 5310 5204
f 5310 5200 5143
f 5204 5310 5143
f 5806 5705 5648
f 5716 5806 5648
f 5801 5806 5756
f 5866 5806 5801
f 5930 5806 5866
f 5756 5806 5716
f 5959 5930 5906
f 5906 5930 5866
f 6085 6018 6133
f 5939 5826 6018
f 5939 6018 6085
f 5939 5846 5826
f 5826 5846 5692
f 5826 5692 5603
f 5422 5603 5692
f 5422 5265 5603
f 5245 5603 5265
f 6185 6186 6265
f 6232 6185 6265
f 6265 6186 6273
f 6265 6273 6321
f 6232 6265 6316
f 6273 6313 6321
f 6257 6232 6316
f 6257 6316 6327
f 6187 6189 6313
f 6273 6187 6313
f 5864 6189 6187
f 5864 6026 6189
f 5539 5570 6026
f 5864 5539 6026
f 5539 5345 5570
f 5311 5382 5570
f 5570 5382 5772
f 5570 5345 5311
f 5382 5512 5772
f 5772 5512 5749
f 5772 5749 5814
f 5749 5733 5814
f 5814 5733 5811
f 5814 5811 5950
f 5950 5846 5939
f 6085 5950 5939
f 5811 5846 5950
f 7497 7543 7530
f 7588 7530 7543
f 7588 7543 7658
f 7539 7700 7652
f 7539 7652 7572
f 7668 7662 7572
f 7572 7662 7624
f 7572 7624 7551
f 7652 7668 7572
f 7624 7640 7551
f 7551 7640 7543
f 7551 7543 7505
f 7551 7505 7450
f 7505 7507 7450
f 7306 7265 7312
f 7312 7265 7233
f 7275 7312 7233
f 7505 7543 7507
f 7658 7543 7640
f 7275 7233 7240
f 7240 7233 7192
f 7192 7164 7159
f 7240 7192 7206
f 8070 7842 8010
f 8070 8010 8261
f 8261 8010 8166
f 7939 7949 7965
f 8079 7939 7965
f 8074 7939 8079
f 7915 7949 7909
f 7965 7949 7915
f 7909 7911 7915
f 7915 7911 7916
f 7912 7916 7910
f 7915 7916 7912
f 8286 8166 8074
f 8357 8166 8286
f 8261 8166 8357
f 8286 8074 8228
f 8074 8079 8228
f 8225 8256 8273
f 8232 8225 8273
f 8245 8273 8272
f 8232 8273 8245
f 8245 8272 8254
f 8221 8254 8219
f 8219 8254 8230
f 8254 8235 8230
f 8245 8254 8221
f 6021 6081 6024
f 6064 6081 6021
f 5887 5904 5845
f 5904 5960 5912
f 5847 5904 5912
f 5845 5904 5847
f 5976 5912 6004
f 5976 6004 6034
f 5960 6004 5912
f 6034 6090 6042
f 6005 6034 6042
f 5976 6034 6005
f 6090 6074 6042
f 6074 6064 6036
f 6042 6074 6036
f 6036 6064 6019
f 6064 6021 6019
f 5793 5887 5845
f 5790 5920 5887
f 5790 5887 5793
f 5767 5920 5790
f 5780 5920 5767
f 5995 6063 5920
f 5995 5920 5780
f 5995 6112 6063
f 6112 6173 6183
f 6173 6217 6183
f 6035 6112 5995
f 6121 6173 6112
f 6121 6112 6035
f 6207 6217 6173
f 6242 6275 6217
f 6207 6242 6217
f 6425 6367 6384
f 6367 6317 6283
f 6309 6367 6283
f 6384 6367 6309
f 6283 6317 6275
f 6384 6445 6425
f 6283 6275 6242
f 6465 6445 6428
f 6428 6445 6384
f 6462 6465 6428
f 6538 6513 6473
f 6473 6513 6462
f 6501 6538 6473
f 6539 6538 6501
f 6462 6428 6378
f 6433 6462 6378
f 6473 6462 6433
f 6540 6566 6551
f 6584 6566 6542
f 6542 6566 6540
f 6569 6584 6542
f 6540 6551 6517
f 6517 6551 6539
f 6517 6539 6501
f 7658 7640 7706
f 7685 7706 7640
f 7833 7786 7700
f 7700 7786 7652
f 7937 7904 7786
f 7833 7937 7786
f 7937 8029 7904
f 8029 8001 7904
f 7668 7709 7662
f 7662 7685 7624
f 7685 7640 7624
f 8029 8119 8001
f 8119 8099 8001
f 8099 7986 8001
f 7986 8034 7959
f 7986 7959 7946
f 7986 7946 7925
f 8099 8034 7986
f 8034 7965 7959
f 7959 7965 7912
f 7965 7915 7912
f 7760 7632 7738
f 7760 7738 7868
f 7880 7760 7868
f 7868 7887 8031
f 8061 7868 8031
f 7880 7868 8061
f 8076 7887 7921
f 8031 7887 8076
f 8076 7921 8134
f 7921 7985 8134
f 8134 7985 8159
f 8134 8159 8307
f 8320 8159 8150
f 8307 8159 8320
f 8320 8150 8277
f 8150 8070 8277
f 8277 8070 8261
f 8125 8057 8090
f 8064 8057 8125
f 8155 8172 8192
f 8172 8225 8192
f 8101 8125 8155
f 8101 8064 8125
f 8101 8155 8124
f 8155 8192 8173
f 8124 8155 8173
f 8192 8225 8232
f 7938 7890 7883
f 7938 7954 7890
f 7954 8013 8028
f 7938 8005 7954
f 8005 8013 7954
f 8103 8115 8054
f 8028 8103 8054
f 8078 8028 8013
f 8078 8103 8028
f 7914 7867 7884
f 7918 7867 7914
f 7867 7899 7883
f 7913 7899 7867
f 7913 7867 7918
f 7899 7938 7883
f 8219 8230 8214
f 8178 8219 8214
f 8161 8178 8115
f 8103 8161 8115
f 8168 8178 8161
f 8215 8178 8168
f 8215 8219 8178
f 7945 7973 8022
f 8022 7973 8059
f 8059 8064 8101
f 8059 8101 8093
f 8022 8059 8093
f 6314 6294 6357
f 6314 6357 6343
f 6294 6344 6357
f 6357 6456 6416
f 6379 6357 6416
f 6343 6357 6379
f 6276 6279 6344
f 6294 6276 6344
f 6530 6569 6542
f 6456 6530 6489
f 6489 6530 6531
f 6530 6542 6531
f 6438 6416 6456
f 6456 6489 6438
f 6190 6138 6274
f 6274 6138 6110
f 6110 6257 6274
f 6190 6274 6279
f 6110 6140 6257
f 6257 6140 6232
f 6276 6245 6279
f 6204 6190 6279
f 6245 6204 6279
f 6021 6024 5941
f 5948 6024 5959
f 5941 6024 5948
f 5948 5959 5879
f 5879 5959 5906
f 5245 5265 5106
f 5245 5106 5062
f 5200 5245 5062
f 5200 5062 5019
f 5143 5200 5019
f 5518 5406 5318
f 5318 5406 5260
f 5447 5518 5318
f 5562 5518 5447
f 5562 5648 5518
f 5716 5648 5562
f 5318 5260 5170
f 5260 5187 5170
f 5260 5204 5187
f 5204 5143 5094
f 5128 5204 5094
f 5187 5204 5128
f 5143 5019 4991
f 5094 5143 4991
f 5716 5562 5688
f 5688 5756 5716
f 5688 5801 5756
f 5803 5866 5801
f 5803 5801 5688
f 5906 5866 5803
f 5879 5906 5803
f 5811 5692 5846
f 5692 5663 5422
f 5811 5663 5692
f 5659 5422 5663
f 5659 5511 5422
f 5418 5422 5511
f 5422 5282 5173
f 5173 5265 5422
f 5418 5282 5422
f 5173 5106 5265
f 6140 5872 6185
f 6185 5872 5998
f 5998 6186 6185
f 6140 6185 6232
f 6080 6187 6186
f 6186 6187 6273
f 5998 6080 6186
f 6080 5864 6187
f 6080 5681 5864
f 5681 5539 5864
f 5470 5539 5681
f 5470 5345 5539
f 5210 5131 5345
f 5131 5311 5345
f 5210 5345 5470
f 5131 5162 5311
f 5311 5162 5382
f 5162 5172 5382
f 5382 5172 5512
f 5512 5142 5332
f 5512 5332 5540
f 5512 5540 5749
f 5172 5142 5512
f 5749 5540 5659
f 5749 5659 5733
f 5659 5663 5733
f 5733 5663 5811
f 7763 7833 7700
f 8277 8261 8398
f 8398 8261 8357
f 8079 7965 8034
f 8228 8079 8179
f 8079 8034 8099
f 8179 8079 8099
f 8357 8286 8390
f 8390 8286 8337
f 8286 8228 8337
f 8398 8357 8390
f 8228 8179 8295
f 8337 8228 8295
f 8192 8232 8209
f 8209 8232 8245
f 8209 8245 8211
f 8211 8245 8221
f 8211 8221 8186
f 8221 8215 8186
f 8221 8219 8215
f 5978 6021 5941
f 5978 6019 6021
f 5768 5793 5845
f 5768 5845 5847
f 5865 5912 5913
f 5913 5912 5976
f 5847 5912 5865
f 5768 5847 5770
f 5770 5847 5865
f 5976 5961 5913
f 5976 6005 5961
f 6005 6042 6007
f 6012 6042 6036
f 6007 6042 6012
f 5985 6005 6007
f 5961 6005 5985
f 6012 6036 6000
f 6000 6036 6019
f 6000 6019 5978
f 5790 5793 5706
f 5706 5793 5768
f 5686 5790 5706
f 5767 5790 5686
f 5780 5767 5651
f 5651 5767 5686
f 5574 5780 5651
f 5682 5780 5574
f 5827 5915 5780
f 5915 5995 5780
f 5682 5827 5780
f 5915 6035 5995
f 6174 6207 6173
f 6174 6173 6121
f 6045 6035 5962
f 6121 6035 6045
f 5962 6035 5915
f 6153 6174 6121
f 6100 6153 6121
f 6100 6121 6061
f 6061 6121 6045
f 6244 6207 6206
f 6244 6261 6207
f 6207 6261 6242
f 6206 6207 6174
f 6261 6283 6242
f 6341 6384 6309
f 6428 6384 6341
f 6309 6283 6261
f 6244 6309 6261
f 6269 6309 6244
f 6341 6309 6269
f 6378 6428 6341
f 6431 6473 6433
f 6446 6473 6431
f 6446 6501 6473
f 6517 6501 6446
f 6381 6433 6378
f 6381 6378 6340
f 6378 6341 6310
f 6378 6310 6334
f 6340 6378 6334
f 6431 6433 6410
f 6410 6433 6381
f 6489 6540 6517
f 6542 6540 6531
f 6531 6540 6489
f 6489 6517 6446
f 7962 7937 7833
f 7763 7962 7833
f 7962 8035 7937
f 8035 8019 7937
f 8019 8029 7937
f 8164 8119 8029
f 8164 8029 8019
f 8233 8119 8164
f 8119 8179 8099
f 8233 8179 8119
f 7737 7760 7880
f 8061 8031 8171
f 8031 8076 8171
f 8061 8171 8220
f 8171 8076 8266
f 8266 8076 8134
f 8266 8134 8307
f 8384 8266 8307
f 8384 8307 8429
f 8307 8320 8429
f 8429 8320 8428
f 8320 8277 8398
f 8320 8398 8428
f 8173 8192 8209
f 8093 8101 8124
f 8126 8093 8124
f 8124 8173 8126
f 8126 8173 8182
f 8173 8209 8182
f 7982 8005 7938
f 7899 7982 7938
f 8005 8078 8013
f 8045 8078 8005
f 7982 8045 8005
f 8133 8103 8078
f 8133 8168 8103
f 8168 8161 8103
f 8110 8133 8078
f 8045 8110 8078
f 7943 7929 7914
f 7918 7914 7929
f 7943 7914 7945
f 7913 7918 7956
f 7956 7918 7929
f 7913 7931 7899
f 7931 7982 7899
f 7981 7931 7913
f 7956 7981 7913
f 8186 8215 8168
f 8160 8186 8168
f 8160 8168 8133
f 7943 7945 8021
f 8021 7945 8022
f 8126 8022 8093
f 8021 8022 8126
f 6299 6314 6329
f 6299 6270 6314
f 6270 6294 6314
f 6329 6314 6343
f 6225 6276 6294
f 6270 6225 6294
f 6343 6379 6352
f 6329 6343 6352
f 6379 6416 6438
f 6377 6379 6418
f 6377 6352 6379
f 6418 6379 6438
f 6225 6223 6276
f 6223 6218 6276
f 6276 6218 6245
f 6438 6489 6446
f 6418 6438 6446
f 6204 6116 6190
f 6116 5984 6190
f 6190 5984 6138
f 6138 5765 6110
f 5984 5765 6138
f 5765 6140 6110
f 5765 5569 6140
f 5569 5872 6140
f 6218 6204 6245
f 6154 6204 6218
f 6154 6148 6204
f 6148 6116 6204
f 5978 5941 5907
f 5871 5941 5879
f 5941 5948 5879
f 5907 5941 5871
f 5723 5879 5803
f 5871 5879 5766
f 5766 5879 5723
f 5062 5106 4949
f 5106 5037 4949
f 5173 5037 5106
f 5062 4949 4867
f 5019 5062 4867
f 5019 4867 4894
f 4991 5019 4894
f 5360 5318 5208
f 5208 5318 5170
f 5360 5447 5318
f 5360 5562 5447
f 5509 5562 5360
f 5688 5562 5509
f 5208 5170 5099
f 5099 5170 5061
f 5170 5187 5128
f 5170 5128 5061
f 5061 5128 5094
f 5061 5094 5029
f 5029 5094 4991
f 4940 4991 4894
f 4968 4991 4940
f 5029 4991 4968
f 5723 5803 5688
f 5723 5688 5602
f 5602 5688 5509
f 5540 5511 5659
f 5418 5511 5540
f 5540 5332 5418
f 5332 5282 5418
f 5332 5199 5282
f 5282 5199 5173
f 5173 5095 5037
f 5173 5199 5095
f 5479 5521 5872
f 5872 5521 5998
f 5569 5479 5872
f 5998 5521 5783
f 5998 5783 6080
f 5783 5681 6080
f 5497 5470 5681
f 5616 5681 5783
f 5497 5681 5616
f 5344 5210 5470
f 5497 5344 5470
f 5279 5210 5344
f 5075 5131 5210
f 5177 5075 5210
f 5279 5177 5210
f 5075 4965 5131
f 4914 5162 5131
f 4965 4914 5131
f 4914 4984 5162
f 4984 5043 5162
f 5162 5043 5172
f 5043 5052 5172
f 5172 5052 5142
f 5052 4969 5142
f 4969 4993 5142
f 5142 4993 5095
f 5142 5095 5199
f 5142 5199 5332
f 8398 8390 8462
f 8428 8398 8462
f 8295 8179 8233
f 8390 8337 8402
f 8443 8390 8402
f 8462 8390 8443
f 8402 8337 8372
f 8337 8295 8372
f 8295 8233 8311
f 8372 8295 8311
f 8209 8211 8202
f 8174 8209 8202
f 8182 8209 8174
f 8211 8186 8158
f 8154 8211 8158
f 8202 8211 8154
f 8158 8186 8160
f 5946 5978 5907
f 5946 6000 5978
f 5683 5768 5770
f 5683 5706 5768
f 5853 5865 5894
f 5782 5865 5853
f 5894 5865 5913
f 5782 5770 5865
f 5913 5961 5925
f 5894 5913 5925
f 5707 5683 5770
f 5707 5770 5782
f 5925 5961 5957
f 5957 5961 5985
f 5985 6007 5989
f 5989 6007 6012
f 5982 6012 6000
f 5989 6012 5982
f 5968 5985 5989
f 5957 5985 5968
f 5982 6000 5946
f 5626 5686 5706
f 5626 5706 5683
f 5651 5686 5564
f 5564 5686 5626
f 5520 5651 5564
f 5574 5651 5520
f 5682 5574 5445
f 5445 5574 5337
f 5337 5574 5420
f 5420 5574 5520
f 5596 5682 5445
f 5725 5827 5682
f 5596 5725 5682
f 5880 5827 5725
f 5880 5962 5827
f 5827 5962 5915
f 6153 6206 6174
f 6061 6045 5993
f 6045 5962 5993
f 5993 5962 5880
f 6159 6206 6153
f 6159 6153 6100
f 6025 6100 6061
f 6115 6100 6020
f 6115 6159 6100
f 6020 6100 6025
f 6061 5993 6025
f 6269 6244 6206
f 6199 6269 6206
f 6199 6206 6159
f 6310 6341 6269
f 6248 6269 6199
f 6310 6269 6248
f 6395 6431 6410
f 6400 6431 6395
f 6400 6446 6431
f 6418 6446 6400
f 6348 6381 6340
f 6410 6381 6389
f 6389 6381 6371
f 6371 6381 6348
f 6348 6340 6337
f 6340 6334 6312
f 6323 6340 6312
f 6337 6340 6323
f 6334 6310 6312
f 6312 6310 6260
f 6260 6310 6248
f 6389 6397 6410
f 6391 6410 6397
f 6391 6395 6410
f 8056 8035 7962
f 8122 8082 8035
f 8035 8082 8019
f 8056 8122 8035
f 8164 8019 8082
f 8311 8233 8164
f 8311 8164 8330
f 8212 8330 8164
f 8212 8164 8122
f 8122 8164 8082
f 8304 8171 8266
f 8220 8171 8304
f 8304 8266 8384
f 8304 8384 8393
f 8424 8384 8429
f 8393 8384 8424
f 8429 8428 8474
f 8429 8474 8470
f 8424 8429 8470
f 8474 8428 8462
f 8126 8182 8174
f 8126 8174 8140
f 8126 8140 8069
f 8069 8024 8126
f 8024 8021 8126
f 7968 7982 7931
f 7968 8045 7982
f 8042 8045 7968
f 8042 8105 8045
f 8105 8110 8045
f 8110 8153 8133
f 8153 8160 8133
f 8105 8158 8110
f 8158 8153 8110
f 8024 7943 8021
f 7957 7929 7943
f 7957 7943 8024
f 7957 7956 7929
f 7988 7956 8030
f 7975 8030 7956
f 7975 7956 7957
f 7988 7981 7956
f 7981 7968 7931
f 7981 8042 7968
f 8036 8042 7981
f 7988 8036 7981
f 8158 8160 8153
f 6347 6299 6329
f 6305 6255 6299
f 6255 6270 6299
f 6305 6299 6347
f 6329 6352 6347
f 6255 6221 6270
f 6221 6225 6270
f 6221 6176 6225
f 6176 6170 6225
f 6170 6168 6225
f 6225 6168 6223
f 6347 6352 6362
f 6362 6352 6377
f 6418 6400 6377
f 6387 6362 6377
f 6377 6400 6387
f 6168 6218 6223
f 6168 6154 6218
f 6116 6044 5956
f 5956 5984 6116
f 6148 6044 6116
f 5956 5745 5984
f 5745 5545 5984
f 5984 5545 5765
f 5545 5295 5765
f 5765 5295 5569
f 5569 5239 5479
f 5295 5239 5569
f 6168 6128 6154
f 6154 6076 6103
f 6103 6148 6154
f 6128 6076 6154
f 6103 6044 6148
f 5946 5907 5896
f 5862 5907 5871
f 5896 5907 5862
f 5785 5871 5766
f 5862 5871 5785
f 5622 5723 5602
f 5622 5766 5723
f 5785 5766 5690
f 5690 5766 5622
f 4949 5037 4941
f 4949 4941 4869
f 4949 4869 4810
f 4867 4949 4810
f 5095 4993 5037
f 5037 4993 4941
f 4867 4810 4817
f 4867 4817 4833
f 4859 4867 4833
f 4894 4867 4859
f 4940 4894 4887
f 4894 4859 4852
f 4887 4894 4852
f 5347 5360 5231
f 5231 5360 5208
f 5347 5509 5360
f 5231 5208 5139
f 5139 5208 5099
f 5493 5509 5347
f 5493 5602 5509
f 5036 5099 4967
f 5139 5099 5036
f 5099 5061 4967
f 5061 5029 4959
f 4967 5061 4959
f 5029 4968 4959
f 4940 4887 4891
f 4959 4940 4891
f 4959 4968 4940
f 5622 5602 5493
f 5479 5239 5366
f 5479 5366 5521
f 5366 5346 5521
f 5521 5346 5497
f 5521 5497 5616
f 5521 5616 5783
f 5346 5344 5497
f 5279 5344 5346
f 5215 5177 5279
f 5215 5279 5346
f 4922 5075 5020
f 5147 5020 5075
f 4922 4965 5075
f 5147 5075 5177
f 5147 5177 5215
f 4883 4914 4965
f 4922 4883 4965
f 4883 4818 4914
f 4818 4932 4914
f 4914 4932 4984
f 4984 4932 5043
f 4932 4999 5043
f 5043 4999 5052
f 4987 4969 5052
f 5052 4999 4987
f 4899 4939 4969
f 4969 4938 4899
f 4987 4938 4969
f 4969 4939 4993
f 4941 4993 4939
f 8474 8462 8501
f 8462 8443 8501
f 8402 8372 8466
f 8443 8402 8466
f 8501 8443 8466
f 8466 8372 8430
f 8430 8372 8373
f 8372 8311 8373
f 8373 8311 8330
f 8174 8202 8149
f 8149 8202 8154
f 8144 8174 8149
f 8140 8174 8144
f 8154 8158 8105
f 8100 8154 8105
f 8149 8154 8100
f 5921 5946 5896
f 5953 5946 5921
f 5953 5982 5946
f 5582 5683 5625
f 5626 5683 5582
f 5625 5683 5707
f 5901 5853 5894
f 5852 5853 5901
f 5791 5853 5852
f 5791 5782 5853
f 5901 5894 5925
f 5736 5707 5782
f 5736 5782 5791
f 5942 5925 5957
f 5901 5925 5942
f 5625 5707 5670
f 5670 5707 5736
f 5942 5957 5964
f 5964 5957 5968
f 5968 5989 5967
f 5967 5989 5982
f 5967 5982 5953
f 5966 5968 5967
f 5964 5968 5966
f 5505 5626 5582
f 5564 5626 5505
f 5520 5564 5410
f 5410 5564 5505
f 5420 5520 5290
f 5290 5520 5410
f 5385 5596 5445
f 5385 5445 5209
f 5182 5445 5337
f 5209 5445 5182
f 5182 5337 5193
f 5337 5286 5193
f 5337 5420 5286
f 5286 5420 5290
f 5590 5677 5596
f 5677 5725 5596
f 5590 5596 5385
f 5677 5773 5725
f 5773 5880 5725
f 5938 5880 5861
f 5938 5993 5880
f 5773 5861 5880
f 6025 5993 5938
f 6199 6159 6115
f 6020 6025 5938
f 6102 6115 5986
f 5986 6115 6020
f 6157 6199 6115
f 6157 6115 6102
f 5899 6020 5938
f 5986 6020 5875
f 5875 6020 5899
f 6157 6248 6199
f 6260 6248 6157
f 6387 6400 6395
f 6387 6395 6398
f 6398 6395 6391
f 6350 6348 6337
f 6380 6348 6372
f 6380 6371 6348
f 6372 6348 6350
f 6393 6389 6385
f 6393 6397 6389
f 6385 6389 6371
f 6385 6371 6380
f 6350 6337 6339
f 6339 6337 6323
f 6287 6312 6260
f 6306 6312 6287
f 6323 6312 6306
f 6339 6323 6349
f 6349 6323 6306
f 6287 6260 6262
f 6228 6260 6157
f 6243 6260 6228
f 6262 6260 6243
f 6391 6397 6393
f 6398 6391 6405
f 6405 6391 6393
f 8108 8146 8056
f 8146 8122 8056
f 8212 8122 8146
f 8373 8330 8353
f 8353 8330 8284
f 8284 8330 8212
f 8284 8212 8205
f 8205 8212 8146
f 8467 8424 8470
f 8495 8474 8501
f 8470 8474 8495
f 8467 8470 8497
f 8470 8495 8497
f 8140 8144 8089
f 8069 8140 8089
f 8069 8089 8025
f 8025 8024 8069
f 8025 7957 8024
f 8100 8105 8042
f 8036 8100 8042
f 7975 7957 8025
f 8030 8036 7988
f 8030 8089 8094
f 8030 8094 8036
f 8025 8030 7975
f 8025 8089 8030
f 8094 8100 8036
f 6401 6347 6392
f 6368 6392 6347
f 6347 6362 6368
f 6336 6347 6401
f 6336 6305 6347
f 6311 6305 6336
f 6311 6271 6305
f 6271 6255 6305
f 6271 6229 6255
f 6229 6221 6255
f 6184 6176 6221
f 6184 6221 6229
f 6184 6132 6176
f 6132 6129 6176
f 6176 6129 6170
f 6129 6134 6170
f 6170 6134 6168
f 6134 6104 6168
f 6168 6104 6111
f 6168 6111 6128
f 6368 6362 6387
f 6435 6387 6398
f 6368 6387 6392
f 6392 6387 6435
f 6103 6048 6044
f 6048 5943 6044
f 6044 5943 5822
f 6044 5822 5956
f 5822 5745 5956
f 5601 5435 5745
f 5745 5435 5545
f 5822 5601 5745
f 5435 5165 5545
f 5165 5295 5545
f 5165 4996 5295
f 5295 4996 5117
f 5295 5117 5239
f 5117 5107 5239
f 5239 5107 5196
f 5239 5196 5280
f 5239 5280 5366
f 6079 6076 6128
f 6111 6079 6128
f 6016 6003 6076
f 6041 6016 6076
f 6079 6041 6076
f 6076 6003 6048
f 6076 6048 6103
f 5921 5896 5889
f 5850 5896 5862
f 5889 5896 5850
f 5795 5862 5785
f 5850 5862 5795
f 5795 5785 5719
f 5719 5785 5690
f 5622 5493 5476
f 5586 5622 5476
f 5586 5690 5622
f 5719 5690 5630
f 5630 5690 5586
f 4941 4939 4880
f 4941 4880 4869
f 4810 4869 4800
f 4869 4880 4800
f 4810 4800 4735
f 4810 4735 4710
f 4752 4810 4710
f 4817 4810 4776
f 4776 4810 4752
f 4787 4817 4776
f 4833 4817 4787
f 4859 4833 4787
f 4780 4859 4787
f 4852 4859 4780
f 4891 4887 4858
f 4858 4887 4852
f 4830 4852 4780
f 4858 4852 4830
f 5356 5347 5213
f 5213 5347 5231
f 5356 5493 5347
f 5213 5231 5139
f 5091 5139 5036
f 5213 5139 5091
f 5476 5493 5356
f 4975 5036 4957
f 5036 4967 4957
f 5091 5036 4975
f 4967 4959 4892
f 4896 4967 4892
f 4957 4967 4896
f 4892 4959 4891
f 4891 4858 4822
f 4892 4891 4822
f 5280 5346 5366
f 5280 5215 5346
f 5149 5147 5215
f 5149 5215 5196
f 5196 5215 5280
f 4931 4922 4995
f 4995 4922 5020
f 4901 4883 4922
f 4901 4922 4931
f 4995 5020 5055
f 5055 5020 5147
f 5149 5055 5147
f 4853 4818 4883
f 4853 4883 4901
f 4853 4723 4818
f 4720 4743 4818
f 4818 4743 4821
f 4818 4821 4932
f 4723 4720 4818
f 4821 4861 4932
f 4932 4861 4898
f 4932 4898 4938
f 4932 4938 4999
f 4987 4999 4938
f 4899 4938 4866
f 4866 4839 4899
f 4899 4839 4880
f 4899 4880 4939
f 4898 4866 4938
f 8501 8466 8471
f 8501 8471 8502
f 8501 8502 8509
f 8520 8501 8509
f 8515 8501 8520
f 8495 8501 8515
f 8466 8430 8471
f 8430 8373 8469
f 8471 8430 8469
f 8469 8373 8438
f 8438 8373 8353
f 8144 8149 8142
f 8094 8149 8100
f 8142 8149 8094
f 8089 8144 8142
f 5919 5921 5889
f 5951 5921 5919
f 5951 5953 5921
f 5951 5967 5953
f 5529 5582 5625
f 5460 5505 5582
f 5460 5582 5529
f 5625 5670 5573
f 5573 5529 5625
f 5852 5901 5888
f 5935 5901 5947
f 5947 5901 5942
f 5888 5901 5935
f 5854 5852 5888
f 5798 5852 5842
f 5842 5852 5854
f 5798 5791 5852
f 5763 5736 5791
f 5763 5791 5798
f 5703 5670 5736
f 5703 5736 5763
f 5971 5942 5964
f 5947 5942 5971
f 5624 5670 5703
f 5624 5573 5670
f 5971 5964 5981
f 5981 5964 5966
f 5966 5967 5951
f 5973 5966 5951
f 5981 5966 5973
f 5375 5505 5460
f 5375 5410 5505
f 5283 5290 5410
f 5283 5410 5375
f 5286 5290 5241
f 5241 5290 5283
f 5238 5385 5209
f 5362 5385 5238
f 5458 5590 5385
f 5362 5458 5385
f 5110 5209 5066
f 5066 5209 5182
f 5110 5238 5209
f 5066 5182 5071
f 5071 5182 5124
f 5182 5193 5124
f 5114 5124 5193
f 5193 5286 5241
f 5114 5193 5144
f 5144 5193 5188
f 5188 5193 5241
f 5607 5590 5482
f 5482 5590 5458
f 5607 5677 5590
f 5709 5773 5677
f 5709 5677 5607
f 5789 5773 5709
f 5789 5861 5773
f 5938 5877 5899
f 5938 5861 5877
f 5877 5861 5789
f 6083 6102 6027
f 6027 6102 5986
f 6169 6157 6102
f 6131 6169 6102
f 6131 6102 6083
f 5809 5986 5700
f 5908 5986 5809
f 6027 5986 5908
f 5986 5875 5700
f 6228 6157 6169
f 5899 5877 5816
f 5875 5899 5816
f 5875 5816 5729
f 5700 5875 5729
f 6439 6435 6398
f 6439 6398 6405
f 6417 6350 6339
f 6420 6372 6350
f 6417 6420 6350
f 6440 6380 6420
f 6420 6380 6372
f 6436 6385 6380
f 6440 6436 6380
f 6436 6393 6385
f 6405 6393 6436
f 6349 6417 6339
f 6291 6287 6262
f 6304 6287 6291
f 6304 6306 6287
f 6349 6306 6330
f 6330 6306 6304
f 6421 6349 6330
f 6421 6417 6349
f 6291 6262 6284
f 6284 6262 6249
f 6249 6262 6243
f 6195 6228 6169
f 6203 6228 6195
f 6233 6228 6203
f 6233 6243 6228
f 6249 6243 6254
f 6254 6243 6233
f 6439 6405 6436
f 8231 8108 8044
f 8231 8234 8108
f 8234 8205 8108
f 8205 8146 8108
f 8298 8353 8284
f 8327 8353 8298
f 8363 8353 8327
f 8438 8353 8363
f 8298 8284 8234
f 8234 8284 8205
f 8089 8142 8094
f 6447 6401 6463
f 6463 6401 6434
f 6401 6392 6434
f 6336 6401 6353
f 6408 6353 6401
f 6408 6401 6447
f 6434 6392 6435
f 6336 6353 6311
f 6293 6311 6322
f 6293 6281 6311
f 6281 6271 6311
f 6311 6353 6322
f 6215 6271 6253
f 6281 6253 6271
f 6215 6229 6271
f 6184 6229 6215
f 6161 6184 6215
f 6161 6126 6184
f 6126 6132 6184
f 6075 6129 6132
f 6070 6075 6132
f 6126 6070 6132
f 6069 6087 6129
f 6129 6087 6134
f 6075 6069 6129
f 6087 6104 6134
f 6104 6071 6111
f 6087 6071 6104
f 6071 6079 6111
f 6498 6435 6439
f 6461 6435 6498
f 6461 6434 6435
f 6003 5943 6048
f 5910 5840 5943
f 6003 5910 5943
f 5943 5840 5822
f 5840 5708 5822
f 5708 5637 5822
f 5822 5637 5601
f 5637 5463 5601
f 5601 5463 5372
f 5601 5372 5435
f 5372 5203 5435
f 5435 5203 5165
f 5165 5203 5064
f 5064 4921 5165
f 4921 4926 5165
f 5165 4926 4996
f 4996 4893 4972
f 4996 4972 5117
f 4926 4893 4996
f 5117 4972 5107
f 4972 4966 5107
f 5107 4966 5149
f 5107 5149 5196
f 6079 6054 6041
f 6071 6054 6079
f 6016 5992 5963
f 6016 5963 6003
f 6041 5992 6016
f 6003 5963 5910
f 6054 6017 6041
f 6017 5992 6041
f 5919 5889 5891
f 5889 5850 5855
f 5891 5889 5855
f 5855 5850 5774
f 5850 5795 5774
f 5774 5795 5719
f 5774 5719 5655
f 5655 5719 5630
f 5586 5476 5492
f 5476 5356 5315
f 5492 5476 5315
f 5630 5586 5492
f 5655 5630 5492
f 4880 4839 4800
f 4800 4839 4784
f 4800 4784 4735
f 4735 4784 4730
f 4735 4730 4673
f 4735 4673 4617
f 4735 4617 4710
f 4752 4710 4691
f 4710 4617 4624
f 4691 4710 4624
f 4698 4752 4691
f 4776 4752 4698
f 4787 4776 4742
f 4742 4776 4698
f 4751 4787 4742
f 4780 4787 4751
f 4822 4830 4780
f 4822 4780 4751
f 4822 4858 4830
f 5315 5356 5213
f 5121 5213 5091
f 5315 5213 5212
f 5212 5213 5121
f 5121 5091 5017
f 5017 5091 4975
f 4943 4975 4902
f 4975 4957 4902
f 5017 4975 4943
f 4957 4896 4902
f 4896 4892 4827
f 4827 4892 4822
f 4845 4896 4827
f 4902 4896 4845
f 4822 4751 4744
f 4827 4822 4744
f 4966 5055 5149
f 4912 4871 4931
f 4912 4931 4966
f 4966 4931 4995
f 4871 4901 4931
f 4966 4995 5055
f 4871 4853 4901
f 4779 4721 4853
f 4795 4779 4853
f 4721 4723 4853
f 4871 4795 4853
f 4632 4720 4723
f 4721 4632 4723
f 4632 4645 4720
f 4720 4645 4743
f 4743 4771 4821
f 4674 4703 4743
f 4743 4703 4771
f 4645 4674 4743
f 4821 4771 4824
f 4821 4824 4861
f 4861 4842 4898
f 4861 4824 4842
f 4898 4842 4866
f 4866 4842 4813
f 4866 4813 4839
f 4839 4813 4784
f 8502 8471 8469
f 8502 8469 8500
f 8509 8502 8500
f 8520 8509 8505
f 8505 8509 8500
f 8517 8520 8505
f 8477 8469 8438
f 8500 8469 8477
f 8417 8477 8438
f 8417 8438 8379
f 8379 8438 8363
f 5922 5919 5891
f 5952 5919 5922
f 5952 5951 5919
f 5973 5951 5952
f 5446 5460 5529
f 5446 5529 5573
f 5296 5375 5460
f 5296 5460 5446
f 5446 5573 5496
f 5496 5573 5624
f 5863 5854 5888
f 5863 5888 5893
f 5934 5888 5935
f 5893 5888 5934
f 5970 5935 5994
f 5994 5935 5947
f 5934 5935 5970
f 5994 5947 5971
f 5839 5854 5834
f 5839 5842 5854
f 5834 5854 5863
f 5784 5763 5798
f 5802 5784 5798
f 5802 5798 5759
f 5776 5798 5842
f 5759 5798 5776
f 5776 5842 5839
f 5746 5703 5763
f 5746 5763 5784
f 5624 5703 5693
f 5693 5703 5746
f 5997 5971 5981
f 5994 5971 5997
f 5646 5541 5624
f 5646 5624 5693
f 5541 5496 5624
f 5997 5981 5999
f 5999 5981 5973
f 5992 5973 5952
f 5999 5973 5992
f 5296 5283 5375
f 5296 5228 5283
f 5241 5283 5228
f 5188 5241 5228
f 5246 5362 5238
f 5246 5238 5110
f 5482 5458 5362
f 5362 5376 5482
f 5305 5376 5362
f 5305 5362 5246
f 4986 5110 5066
f 5157 5246 5110
f 5081 5157 5110
f 5081 5110 4986
f 4986 5066 4952
f 4970 5066 5071
f 4952 5066 4970
f 4970 5071 4982
f 5071 5124 5057
f 4982 5071 5057
f 5057 5124 5114
f 5114 5144 5105
f 5068 5114 5105
f 5057 5114 5068
f 5144 5188 5146
f 5144 5146 5105
f 5188 5228 5186
f 5146 5188 5186
f 5532 5607 5482
f 5685 5709 5607
f 5685 5607 5532
f 5532 5482 5427
f 5427 5482 5376
f 5728 5709 5685
f 5728 5789 5709
f 5816 5789 5728
f 5816 5877 5789
f 6031 6083 6027
f 6082 6131 6083
f 6082 6083 6031
f 5988 6027 5917
f 6031 6027 5988
f 5917 6027 5908
f 6195 6169 6163
f 6163 6169 6131
f 6101 6131 6082
f 6163 6131 6101
f 5779 5809 5726
f 5726 5809 5711
f 5809 5700 5711
f 5831 5908 5809
f 5831 5809 5779
f 5700 5729 5642
f 5700 5642 5580
f 5597 5700 5580
f 5711 5700 5597
f 5917 5908 5831
f 5729 5816 5728
f 5729 5685 5642
f 5729 5728 5685
f 6457 6439 6436
f 6498 6439 6457
f 6479 6417 6421
f 6493 6417 6479
f 6493 6420 6417
f 6493 6440 6420
f 6493 6457 6440
f 6457 6436 6440
f 6291 6330 6304
f 6284 6330 6291
f 6394 6421 6330
f 6394 6330 6284
f 6479 6421 6413
f 6413 6421 6394
f 6394 6284 6413
f 6413 6284 6266
f 6284 6249 6254
f 6266 6284 6254
f 6196 6195 6164
f 6164 6195 6163
f 6203 6195 6196
f 6209 6203 6196
f 6233 6203 6209
f 6266 6254 6233
f 6266 6233 6209
f 8293 8298 8231
f 8231 8298 8234
f 8293 8327 8298
f 8339 8327 8293
f 8339 8363 8327
f 8379 8363 8339
f 6483 6447 6463
f 6408 6447 6443
f 6443 6447 6483
f 6483 6463 6494
f 6463 6434 6461
f 6494 6463 6461
f 6355 6353 6408
f 6355 6322 6353
f 6408 6443 6369
f 6369 6355 6408
f 6293 6322 6355
f 6264 6281 6293
f 6282 6264 6293
f 6282 6293 6320
f 6320 6293 6369
f 6369 6293 6355
f 6251 6253 6281
f 6264 6251 6281
f 6241 6220 6215
f 6241 6215 6253
f 6220 6161 6215
f 6241 6253 6251
f 6141 6161 6180
f 6180 6161 6181
f 6141 6107 6161
f 6107 6126 6161
f 6181 6161 6220
f 6107 6047 6126
f 6047 6070 6126
f 6070 6022 6075
f 6022 6013 6075
f 6075 6013 6069
f 6047 6006 6070
f 6006 6022 6070
f 6013 6040 6069
f 6069 6040 6087
f 6043 6071 6087
f 6040 6043 6087
f 6043 6023 6071
f 6071 6023 6054
f 6516 6498 6493
f 6498 6457 6493
f 6505 6461 6498
f 6505 6498 6516
f 6494 6461 6505
f 5910 5900 5843
f 5910 5843 5840
f 5963 5900 5910
f 5840 5843 5762
f 5840 5762 5708
f 5708 5668 5543
f 5708 5543 5637
f 5708 5762 5668
f 5543 5463 5637
f 5323 5463 5543
f 5323 5207 5463
f 5463 5207 5372
f 5207 5203 5372
f 5119 5203 5207
f 5119 5064 5203
f 4981 5064 5119
f 4981 4921 5064
f 4908 4921 4981
f 4908 4890 4921
f 4890 4844 4921
f 4844 4926 4921
f 4844 4819 4926
f 4819 4893 4926
f 4819 4733 4893
f 4733 4768 4893
f 4768 4863 4893
f 4893 4863 4924
f 4893 4924 4972
f 4972 4924 4966
f 4924 4912 4966
f 6023 6017 6054
f 5992 5952 5922
f 5992 5922 5963
f 6017 5999 5992
f 5922 5900 5963
f 6023 5999 6017
f 5922 5891 5882
f 5882 5891 5855
f 5819 5855 5774
f 5882 5855 5819
f 5774 5655 5750
f 5819 5774 5750
f 5558 5655 5492
f 5668 5655 5558
f 5750 5655 5668
f 5558 5492 5392
f 5492 5315 5271
f 5392 5492 5271
f 5271 5315 5212
f 4784 4813 4766
f 4784 4766 4730
f 4730 4702 4673
f 4730 4766 4702
f 4673 4542 4617
f 4702 4619 4673
f 4673 4619 4523
f 4673 4523 4542
f 4617 4542 4515
f 4617 4515 4531
f 4624 4617 4531
f 4698 4691 4663
f 4691 4624 4662
f 4691 4662 4663
f 4624 4531 4559
f 4577 4624 4559
f 4662 4624 4577
f 4698 4663 4642
f 4686 4698 4642
f 4742 4698 4686
f 4751 4742 4686
f 4744 4751 4700
f 4700 4751 4686
f 5121 5017 5049
f 5159 5121 5049
f 5159 5212 5121
f 5159 5271 5212
f 5049 5017 4960
f 4960 5017 4943
f 4902 4878 4943
f 4960 4943 4906
f 4906 4943 4878
f 4902 4836 4878
f 4902 4845 4836
f 4845 4827 4767
f 4767 4827 4744
f 4836 4845 4767
f 4744 4700 4660
f 4699 4744 4660
f 4767 4744 4699
f 4863 4871 4912
f 4924 4863 4912
f 4863 4795 4871
f 4738 4706 4779
f 4778 4738 4779
f 4706 4721 4779
f 4778 4779 4795
f 4644 4632 4721
f 4644 4721 4706
f 4863 4778 4795
f 4644 4578 4632
f 4578 4504 4632
f 4504 4522 4632
f 4632 4522 4645
f 4509 4565 4645
f 4645 4565 4613
f 4645 4613 4674
f 4522 4509 4645
f 4703 4722 4771
f 4771 4722 4758
f 4771 4758 4824
f 4674 4613 4654
f 4674 4654 4703
f 4654 4668 4703
f 4703 4668 4722
f 4758 4749 4824
f 4824 4749 4796
f 4824 4796 4842
f 4796 4813 4842
f 4796 4766 4813
f 8505 8500 8478
f 8500 8477 8478
f 8505 8478 8459
f 8478 8477 8417
f 8376 8417 8379
f 8414 8417 8376
f 8478 8417 8414
f 8376 8379 8335
f 8335 8379 8339
f 5922 5882 5900
f 5341 5296 5446
f 5341 5446 5496
f 5218 5225 5296
f 5225 5228 5296
f 5218 5296 5341
f 5405 5341 5496
f 5405 5496 5541
f 5867 5863 5893
f 5815 5834 5863
f 5815 5863 5867
f 5867 5893 5933
f 5933 5893 5934
f 5933 5934 6013
f 6013 5934 5970
f 6013 5970 5994
f 5994 5997 6023
f 6040 5994 6023
f 6013 5994 6040
f 5813 5839 5800
f 5800 5839 5834
f 5813 5776 5839
f 5800 5834 5815
f 5792 5784 5805
f 5792 5746 5784
f 5805 5784 5802
f 5753 5802 5759
f 5802 5808 5805
f 5753 5808 5802
f 5753 5759 5633
f 5759 5776 5636
f 5633 5759 5636
f 5813 5699 5776
f 5776 5699 5612
f 5636 5776 5612
f 5738 5746 5792
f 5738 5693 5746
f 5646 5693 5738
f 6023 5997 5999
f 5691 5646 5748
f 5638 5646 5691
f 5638 5480 5646
f 5480 5541 5646
f 5646 5738 5748
f 5480 5405 5541
f 5186 5228 5225
f 5250 5246 5217
f 5250 5305 5246
f 5157 5217 5246
f 5377 5376 5326
f 5427 5376 5377
f 5326 5376 5305
f 5299 5305 5250
f 5326 5305 5299
f 4930 4986 4952
f 4978 5081 4986
f 4978 4986 4930
f 5115 5157 5081
f 5194 5217 5157
f 5194 5157 5115
f 5115 5081 5054
f 5054 5081 4978
f 4952 4970 4911
f 4952 4911 4841
f 4792 4952 4841
f 4850 4930 4952
f 4850 4952 4792
f 4911 4970 4927
f 4970 4982 4927
f 4982 5057 4994
f 4982 4994 4956
f 4927 4982 4956
f 4994 5057 5016
f 5057 5068 5016
f 5051 5068 5105
f 5051 5105 5113
f 5113 5105 5146
f 5016 5068 5051
f 5113 5146 5161
f 5161 5146 5186
f 5218 5161 5186
f 5218 5186 5225
f 5504 5532 5427
f 5504 5685 5532
f 5642 5685 5504
f 5504 5427 5377
f 6039 6031 5980
f 5980 6031 5979
f 6039 6082 6031
f 5979 6031 5988
f 6039 6101 6082
f 5979 5988 5926
f 5926 5988 5917
f 5869 5917 5831
f 5926 5917 5869
f 6120 6163 6101
f 6120 6164 6163
f 6120 6101 6052
f 6052 6101 6039
f 5764 5779 5726
f 5764 5831 5779
f 5650 5726 5627
f 5650 5727 5726
f 5726 5727 5764
f 5726 5711 5605
f 5627 5726 5605
f 5605 5711 5597
f 5831 5837 5869
f 5764 5837 5831
f 5580 5642 5504
f 5597 5580 5426
f 5426 5580 5413
f 5580 5504 5413
f 5490 5597 5426
f 5605 5597 5490
f 6484 6479 6455
f 6455 6479 6413
f 6490 6493 6479
f 6490 6479 6484
f 6515 6493 6490
f 6515 6516 6493
f 6302 6413 6266
f 6455 6413 6411
f 6411 6413 6302
f 6302 6266 6235
f 6266 6209 6227
f 6235 6266 6227
f 6179 6196 6164
f 6209 6196 6179
f 6136 6164 6120
f 6179 6164 6136
f 6197 6227 6209
f 6197 6209 6179
f 6499 6483 6494
f 6480 6443 6483
f 6480 6483 6499
f 6459 6443 6480
f 6437 6443 6459
f 6437 6369 6443
f 6494 6505 6499
f 6364 6369 6388
f 6364 6320 6369
f 6388 6369 6437
f 6252 6226 6264
f 6226 6230 6264
f 6264 6230 6251
f 6252 6264 6282
f 6292 6282 6320
f 6292 6252 6282
f 6292 6320 6364
f 6241 6251 6230
f 6230 6220 6241
f 6230 6181 6220
f 6109 6107 6141
f 6180 6109 6141
f 6180 6181 6230
f 6117 6109 6180
f 6178 6117 6180
f 6208 6178 6180
f 6208 6180 6226
f 6226 6180 6230
f 6046 6047 6107
f 6109 6046 6107
f 5965 6006 6047
f 5923 5965 6047
f 6046 5923 6047
f 6006 5933 6022
f 6022 5933 6013
f 5965 5945 6006
f 6006 5945 5933
f 6040 6023 6043
f 6525 6505 6516
f 6522 6516 6515
f 6525 6516 6522
f 6499 6505 6518
f 6518 6505 6525
f 5900 5882 5843
f 5843 5819 5750
f 5843 5750 5762
f 5843 5882 5819
f 5750 5668 5762
f 5543 5668 5558
f 5543 5558 5392
f 5543 5392 5323
f 5323 5219 5207
f 5323 5214 5219
f 5323 5392 5214
f 5219 5214 5207
f 5207 5214 5119
f 5119 5214 5083
f 5119 5083 4981
f 4981 5083 4961
f 4981 4961 4908
f 4908 4889 4890
f 4908 4961 4889
f 4889 4844 4890
f 4889 4843 4844
f 4844 4843 4837
f 4844 4837 4806
f 4806 4819 4844
f 4755 4733 4819
f 4755 4819 4806
f 4697 4733 4755
f 4697 4638 4733
f 4638 4618 4733
f 4733 4618 4768
f 4618 4629 4768
f 4629 4726 4768
f 4768 4726 4783
f 4768 4783 4863
f 4783 4778 4863
f 5392 5271 5214
f 5214 5271 5159
f 4796 4749 4766
f 4766 4749 4702
f 4702 4749 4729
f 4722 4702 4729
f 4722 4653 4702
f 4653 4619 4702
f 4542 4523 4462
f 4515 4542 4462
f 4523 4619 4556
f 4586 4556 4619
f 4586 4619 4653
f 4523 4556 4491
f 4523 4491 4454
f 4462 4523 4454
f 4480 4515 4457
f 4515 4462 4457
f 4531 4515 4480
f 4493 4531 4480
f 4559 4531 4493
f 4663 4662 4611
f 4642 4663 4611
f 4662 4577 4611
f 4577 4559 4525
f 4525 4559 4493
f 4543 4577 4525
f 4611 4577 4543
f 4686 4642 4616
f 4642 4611 4579
f 4616 4642 4579
f 4643 4686 4616
f 4700 4686 4643
f 4660 4700 4643
f 5159 5049 5083
f 5049 4960 4961
f 5049 4961 5083
f 5159 5083 5214
f 4961 4960 4915
f 4915 4960 4906
f 4878 4836 4834
f 4915 4906 4889
f 4775 4836 4767
f 4834 4836 4775
f 4775 4767 4705
f 4767 4699 4681
f 4705 4767 4681
f 4699 4660 4641
f 4588 4660 4584
f 4660 4643 4584
f 4641 4660 4588
f 4681 4699 4641
f 4726 4669 4738
f 4669 4706 4738
f 4726 4738 4778
f 4669 4644 4706
f 4783 4726 4778
f 4582 4585 4644
f 4669 4582 4644
f 4585 4578 4644
f 4528 4504 4578
f 4528 4578 4585
f 4476 4504 4482
f 4482 4504 4528
f 4476 4522 4504
f 4476 4451 4522
f 4451 4509 4522
f 4451 4375 4509
f 4375 4428 4509
f 4509 4428 4565
f 4565 4467 4549
f 4565 4549 4613
f 4428 4467 4565
f 4549 4595 4613
f 4613 4595 4654
f 4722 4729 4758
f 4668 4653 4722
f 4758 4729 4749
f 4595 4614 4654
f 4654 4614 4668
f 4668 4614 4653
f 5269 5341 5405
f 5269 5218 5341
f 5189 5218 5269
f 5189 5141 5218
f 5141 5161 5218
f 5333 5269 5405
f 5333 5405 5480
f 5867 5933 5945
f 5965 5867 5945
f 5741 5867 5812
f 5771 5867 5741
f 5815 5867 5771
f 5812 5867 5965
f 5800 5815 5771
f 5800 5699 5813
f 5800 5771 5647
f 5800 5647 5699
f 5849 5792 5856
f 5856 5792 5805
f 5817 5738 5792
f 5817 5792 5849
f 5805 5808 5856
f 5632 5753 5633
f 5787 5753 5721
f 5820 5753 5787
f 5820 5808 5753
f 5721 5753 5632
f 5856 5808 5820
f 5632 5633 5544
f 5633 5636 5544
f 5636 5612 5544
f 5612 5699 5546
f 5647 5546 5699
f 5544 5612 5484
f 5612 5546 5484
f 5748 5738 5817
f 5739 5691 5748
f 5638 5691 5739
f 5748 5817 5857
f 5748 5857 5818
f 5748 5818 5739
f 5623 5638 5667
f 5667 5638 5739
f 5623 5550 5638
f 5550 5480 5638
f 5374 5333 5480
f 5465 5374 5480
f 5465 5480 5534
f 5534 5480 5550
f 5237 5299 5250
f 5250 5217 5237
f 5237 5217 5194
f 5299 5377 5326
f 5504 5377 5328
f 5328 5377 5299
f 5328 5299 5237
f 4920 4978 4930
f 4885 4920 4930
f 4885 4930 4850
f 4983 4978 4920
f 4983 5054 4978
f 5115 5054 5067
f 5067 5133 5115
f 5115 5133 5194
f 5183 5194 5133
f 5183 5237 5194
f 5067 5054 4983
f 4874 4911 4927
f 4841 4911 4874
f 4792 4841 4757
f 4757 4841 4788
f 4788 4841 4838
f 4841 4874 4838
f 4792 4757 4696
f 4695 4792 4696
f 4786 4850 4792
f 4786 4792 4695
f 4885 4850 4786
f 4909 4927 4956
f 4874 4927 4877
f 4877 4927 4909
f 4980 4994 5016
f 4956 4994 4980
f 4956 4950 4909
f 4956 4980 4950
f 4980 5016 5051
f 5087 5051 5113
f 5014 4980 5051
f 5014 5051 5087
f 5087 5113 5141
f 5141 5113 5161
f 5413 5504 5328
f 5955 6039 5980
f 5955 6052 6039
f 5955 5980 5892
f 5892 5980 5940
f 5940 5980 5979
f 5926 5940 5979
f 5851 5897 5926
f 5851 5926 5869
f 5926 5897 5940
f 5788 5869 5837
f 5851 5869 5788
f 6067 6120 6052
f 6096 6114 6120
f 6120 6114 6136
f 6067 6096 6120
f 6052 6009 6067
f 5975 6009 6052
f 5975 6052 5955
f 5744 5764 5695
f 5744 5837 5764
f 5695 5764 5727
f 5650 5627 5588
f 5565 5650 5588
f 5695 5727 5650
f 5628 5695 5650
f 5565 5628 5650
f 5627 5605 5547
f 5588 5627 5547
f 5547 5605 5553
f 5553 5605 5490
f 5788 5837 5744
f 5490 5426 5276
f 5426 5413 5276
f 5276 5413 5234
f 5413 5328 5234
f 5343 5490 5276
f 5448 5490 5343
f 5553 5490 5448
f 6514 6484 6492
f 6492 6484 6453
f 6453 6484 6455
f 6514 6490 6484
f 6453 6455 6411
f 6514 6515 6490
f 6522 6515 6514
f 6302 6235 6219
f 6202 6302 6219
f 6297 6411 6302
f 6202 6297 6302
f 6324 6411 6297
f 6453 6411 6324
f 6235 6227 6197
f 6235 6197 6219
f 6197 6179 6165
f 6155 6179 6136
f 6165 6179 6155
f 6130 6136 6114
f 6155 6136 6130
f 6155 6197 6165
f 6144 6197 6155
f 6219 6197 6144
f 6519 6499 6518
f 6497 6499 6519
f 6497 6480 6499
f 6497 6478 6480
f 6478 6459 6480
f 6437 6459 6478
f 6466 6437 6478
f 6449 6437 6466
f 6449 6403 6437
f 6403 6388 6437
f 6359 6292 6364
f 6359 6364 6403
f 6403 6364 6388
f 6214 6252 6292
f 6214 6175 6252
f 6175 6226 6252
f 6175 6208 6226
f 6214 6292 6239
f 6239 6292 6298
f 6298 6292 6326
f 6326 6292 6359
f 6030 6109 6117
f 6030 6046 6109
f 6122 6030 6117
f 6122 6117 6178
f 6198 6178 6208
f 6171 6122 6178
f 6198 6171 6178
f 6175 6198 6208
f 6030 5987 6046
f 5987 5923 6046
f 5923 5812 5965
f 5903 5923 5987
f 5878 5923 5903
f 5810 5812 5923
f 5878 5810 5923
f 6523 6525 6520
f 6520 6525 6522
f 6523 6518 6525
f 6520 6522 6514
f 6519 6518 6523
f 4889 4961 4915
f 4843 4834 4802
f 4802 4837 4843
f 4802 4797 4837
f 4806 4837 4797
f 4806 4797 4782
f 4806 4782 4755
f 4755 4782 4747
f 4755 4747 4736
f 4755 4736 4697
f 4687 4655 4697
f 4697 4655 4638
f 4697 4736 4687
f 4638 4569 4618
f 4638 4655 4600
f 4600 4552 4638
f 4552 4569 4638
f 4569 4629 4618
f 4508 4533 4629
f 4629 4533 4635
f 4629 4635 4726
f 4569 4508 4629
f 4635 4669 4726
f 4653 4614 4586
f 4462 4454 4390
f 4462 4390 4356
f 4404 4462 4356
f 4457 4462 4404
f 4586 4545 4556
f 4556 4545 4491
f 4586 4614 4560
f 4560 4545 4586
f 4491 4545 4517
f 4475 4491 4517
f 4475 4390 4491
f 4454 4491 4390
f 4448 4480 4430
f 4480 4457 4430
f 4493 4480 4448
f 4430 4457 4404
f 4477 4493 4448
f 4525 4493 4477
f 4579 4611 4543
f 4543 4525 4477
f 4507 4543 4477
f 4579 4543 4507
f 4563 4643 4616
f 4563 4616 4554
f 4616 4579 4554
f 4554 4579 4507
f 4584 4643 4563
f 4802 4834 4789
f 4834 4775 4789
f 4734 4775 4705
f 4789 4775 4734
f 4714 4734 4705
f 4714 4705 4672
f 4705 4681 4666
f 4672 4705 4666
f 4681 4641 4625
f 4666 4681 4625
f 4591 4641 4588
f 4625 4641 4591
f 4544 4588 4518
f 4588 4584 4518
f 4591 4588 4544
f 4518 4584 4511
f 4511 4584 4563
f 4635 4538 4669
f 4538 4582 4669
f 4538 4499 4582
f 4499 4528 4582
f 4582 4528 4585
f 4499 4482 4528
f 4482 4446 4476
f 4446 4420 4476
f 4420 4410 4476
f 4410 4451 4476
f 4441 4446 4482
f 4499 4441 4482
f 4410 4375 4451
f 4339 4298 4375
f 4339 4375 4410
f 4298 4265 4375
f 4265 4343 4375
f 4375 4343 4428
f 4343 4361 4428
f 4428 4361 4467
f 4361 4442 4467
f 4467 4442 4488
f 4467 4488 4549
f 4488 4485 4549
f 4549 4485 4516
f 4549 4516 4560
f 4549 4560 4595
f 4595 4560 4614
f 5229 5189 5269
f 5229 5269 5333
f 5167 5189 5229
f 5123 5141 5189
f 5167 5123 5189
f 5123 5087 5141
f 5272 5229 5333
f 5272 5333 5374
f 5812 5722 5741
f 5741 5647 5771
f 5741 5641 5647
f 5722 5641 5741
f 5810 5722 5812
f 5537 5546 5647
f 5647 5641 5537
f 5886 5849 5856
f 5817 5849 5885
f 5885 5849 5886
f 5821 5856 5820
f 5886 5856 5821
f 5898 5817 5885
f 5857 5817 5898
f 5538 5632 5544
f 5639 5632 5593
f 5721 5632 5639
f 5593 5632 5538
f 5821 5787 5721
f 5821 5820 5787
f 5617 5721 5639
f 5610 5721 5617
f 5679 5721 5610
f 5720 5821 5721
f 5679 5720 5721
f 5538 5544 5397
f 5544 5484 5404
f 5544 5404 5457
f 5397 5544 5457
f 5389 5546 5390
f 5484 5546 5389
f 5390 5546 5537
f 5363 5484 5389
f 5404 5484 5363
f 5794 5739 5860
f 5758 5739 5794
f 5667 5739 5758
f 5860 5739 5818
f 5857 5898 5969
f 5902 5857 5969
f 5818 5857 5902
f 5876 5818 5902
f 5860 5818 5876
f 5599 5623 5669
f 5669 5623 5667
f 5599 5550 5623
f 5701 5667 5714
f 5667 5758 5714
f 5673 5667 5701
f 5673 5669 5667
f 5534 5550 5599
f 5329 5374 5407
f 5329 5272 5374
f 5407 5374 5465
f 5510 5465 5534
f 5407 5465 5434
f 5510 5434 5465
f 5510 5534 5575
f 5600 5534 5599
f 5575 5534 5600
f 5328 5237 5234
f 5234 5237 5183
f 4933 4983 4920
f 4900 4920 4885
f 4933 4920 4900
f 4851 4885 4811
f 4875 4885 4851
f 4875 4900 4885
f 4811 4885 4786
f 4945 4983 4933
f 4979 5012 4983
f 5012 5067 4983
f 4979 4983 4945
f 5034 5067 5012
f 5111 5067 5034
f 5111 5133 5067
f 5183 5133 5111
f 5155 5183 5111
f 5155 5234 5183
f 4838 4874 4877
f 4684 4757 4740
f 4740 4757 4788
f 4696 4757 4684
f 4740 4788 4808
f 4808 4788 4838
f 4855 4808 4838
f 4838 4877 4855
f 4695 4696 4596
f 4684 4636 4696
f 4596 4696 4636
f 4621 4695 4596
f 4688 4695 4658
f 4688 4732 4695
f 4732 4786 4695
f 4658 4695 4621
f 4811 4786 4732
f 4909 4950 4928
f 4886 4909 4928
f 4877 4909 4855
f 4855 4909 4886
f 4964 4980 5014
f 4964 4950 4980
f 4928 4950 4964
f 5065 5087 5123
f 5065 5014 5087
f 4974 5014 5022
f 5022 5014 5065
f 4974 4964 5014
f 5892 5911 5955
f 5955 5911 5975
f 5799 5911 5892
f 5799 5892 5786
f 5892 5940 5883
f 5786 5892 5883
f 5883 5940 5897
f 5788 5786 5851
f 5786 5883 5851
f 5883 5897 5851
f 5675 5788 5744
f 5675 5786 5788
f 6009 6029 6067
f 6067 6029 6086
f 6086 6096 6067
f 6086 6114 6096
f 6130 6114 6086
f 6015 6029 6009
f 6015 6009 5914
f 5975 5916 6009
f 5914 6009 5916
f 5911 5916 5975
f 5675 5744 5695
f 5675 5695 5628
f 5547 5519 5588
f 5565 5588 5519
f 5584 5628 5565
f 5498 5584 5565
f 5421 5498 5565
f 5464 5421 5565
f 5464 5565 5519
f 5584 5675 5628
f 5547 5553 5483
f 5469 5547 5483
f 5469 5519 5547
f 5467 5553 5448
f 5483 5553 5467
f 5242 5276 5223
f 5223 5276 5201
f 5276 5226 5201
f 5276 5234 5226
f 5242 5343 5276
f 5226 5234 5179
f 5179 5234 5155
f 5294 5448 5343
f 5294 5343 5242
f 5383 5448 5294
f 5467 5448 5383
f 6520 6514 6492
f 6451 6492 6450
f 6495 6492 6451
f 6495 6520 6492
f 6450 6492 6453
f 6370 6453 6324
f 6450 6453 6370
f 6202 6219 6143
f 6219 6144 6143
f 6202 6143 6068
f 6290 6370 6324
f 6144 6155 6130
f 6144 6130 6089
f 6089 6130 6086
f 6144 6089 6077
f 6143 6144 6077
f 6509 6519 6500
f 6500 6519 6523
f 6509 6497 6519
f 6488 6478 6497
f 6509 6488 6497
f 6466 6478 6471
f 6471 6478 6488
f 6471 6449 6466
f 6409 6403 6449
f 6448 6409 6449
f 6448 6449 6471
f 6409 6359 6403
f 6326 6359 6409
f 6147 6214 6211
f 6211 6214 6239
f 6066 6175 6214
f 6147 6066 6214
f 6182 6198 6175
f 6175 6127 6182
f 6066 6001 6175
f 6001 6127 6175
f 6211 6239 6250
f 6239 6298 6308
f 6250 6239 6259
f 6259 6239 6308
f 6308 6298 6326
f 6407 6326 6409
f 6351 6326 6407
f 6308 6326 6351
f 6038 6030 6122
f 6038 5918 6030
f 5918 5903 6030
f 6030 5903 5987
f 6135 6122 6171
f 6135 6038 6122
f 6182 6171 6198
f 6182 6135 6171
f 5807 5878 5903
f 5828 5807 5903
f 5828 5903 5918
f 5807 5810 5878
f 5807 5717 5810
f 5717 5722 5810
f 6503 6523 6520
f 6500 6523 6503
f 6503 6520 6495
f 4802 4789 4797
f 4797 4789 4770
f 4770 4782 4797
f 4770 4747 4782
f 4714 4736 4747
f 4731 4714 4747
f 4731 4747 4770
f 4714 4687 4736
f 4672 4687 4714
f 4659 4655 4687
f 4672 4659 4687
f 4627 4655 4659
f 4627 4600 4655
f 4552 4495 4569
f 4495 4508 4569
f 4562 4552 4600
f 4600 4592 4562
f 4627 4592 4600
f 4514 4506 4552
f 4506 4495 4552
f 4514 4552 4562
f 4495 4437 4508
f 4437 4438 4508
f 4508 4438 4533
f 4533 4538 4635
f 4533 4443 4538
f 4438 4443 4533
f 4475 4418 4390
f 4390 4418 4377
f 4390 4377 4332
f 4390 4332 4342
f 4390 4342 4356
f 4404 4356 4341
f 4356 4342 4312
f 4356 4312 4281
f 4341 4356 4281
f 4380 4404 4341
f 4430 4404 4380
f 4560 4517 4545
f 4516 4517 4560
f 4475 4517 4516
f 4475 4485 4445
f 4445 4418 4475
f 4516 4485 4475
f 4448 4430 4425
f 4477 4448 4426
f 4426 4448 4425
f 4405 4425 4430
f 4405 4430 4380
f 4507 4477 4424
f 4424 4477 4426
f 4481 4507 4424
f 4554 4507 4481
f 4563 4554 4481
f 4563 4481 4468
f 4511 4563 4468
f 4770 4789 4734
f 4770 4734 4731
f 4731 4734 4714
f 4672 4666 4659
f 4625 4656 4666
f 4659 4666 4656
f 4625 4591 4592
f 4627 4625 4592
f 4627 4656 4625
f 4553 4591 4544
f 4592 4591 4553
f 4512 4544 4496
f 4544 4518 4496
f 4553 4544 4512
f 4518 4511 4435
f 4440 4518 4435
f 4496 4518 4440
f 4511 4468 4435
f 4443 4499 4538
f 4443 4441 4499
f 4403 4420 4446
f 4441 4403 4446
f 4403 4398 4420
f 4385 4410 4420
f 4385 4420 4398
f 4385 4339 4410
f 4443 4396 4441
f 4396 4403 4441
f 4315 4288 4339
f 4315 4339 4350
f 4288 4298 4339
f 4350 4339 4385
f 4235 4265 4298
f 4235 4298 4288
f 4265 4219 4343
f 4203 4265 4235
f 4203 4164 4265
f 4164 4219 4265
f 4219 4259 4343
f 4343 4259 4361
f 4361 4335 4379
f 4361 4379 4442
f 4361 4259 4335
f 4379 4391 4442
f 4442 4391 4411
f 4442 4411 4445
f 4442 4445 4485
f 4442 4485 4488
f 5205 5229 5272
f 5205 5167 5229
f 5116 5123 5167
f 5116 5167 5205
f 5116 5065 5123
f 5292 5272 5329
f 5243 5205 5272
f 5243 5272 5292
f 5621 5641 5722
f 5717 5621 5722
f 5530 5641 5621
f 5537 5641 5530
f 5530 5456 5537
f 5390 5537 5456
f 5909 5885 5886
f 5909 5886 5844
f 5844 5886 5821
f 5931 5885 5909
f 5898 5885 5931
f 5844 5821 5720
f 5990 5898 5931
f 5969 5898 5990
f 5440 5538 5397
f 5593 5538 5440
f 5617 5639 5593
f 5533 5593 5424
f 5424 5593 5440
f 5533 5617 5593
f 5610 5617 5533
f 5604 5679 5610
f 5604 5610 5536
f 5536 5610 5533
f 5654 5715 5679
f 5715 5720 5679
f 5654 5679 5604
f 5715 5844 5720
f 5352 5440 5397
f 5352 5397 5313
f 5397 5457 5314
f 5397 5314 5313
f 5457 5404 5314
f 5314 5404 5363
f 5287 5389 5390
f 5363 5389 5287
f 5390 5456 5355
f 5390 5355 5303
f 5287 5390 5303
f 5314 5363 5291
f 5363 5287 5291
f 5848 5794 5860
f 5804 5758 5794
f 5804 5794 5848
f 5895 5860 5876
f 5841 5860 5895
f 5848 5860 5841
f 5743 5758 5804
f 5740 5758 5743
f 5740 5714 5758
f 6002 5944 5969
f 6002 5969 6028
f 6028 5969 5990
f 5902 5969 5944
f 5895 5902 5932
f 5932 5902 5944
f 5895 5876 5902
f 5664 5599 5669
f 5600 5599 5664
f 5672 5664 5669
f 5672 5669 5673
f 5740 5743 5701
f 5701 5714 5740
f 5583 5673 5701
f 5583 5701 5697
f 5701 5743 5697
f 5594 5673 5583
f 5672 5673 5594
f 5416 5329 5407
f 5365 5292 5329
f 5365 5329 5416
f 5416 5407 5473
f 5473 5407 5434
f 5510 5575 5591
f 5527 5510 5591
f 5473 5434 5510
f 5473 5510 5527
f 5661 5575 5676
f 5575 5600 5676
f 5591 5575 5661
f 5676 5600 5664
f 4933 4900 4905
f 4905 4945 4933
f 4905 4900 4875
f 4825 4851 4811
f 4851 4873 4875
f 4846 4873 4851
f 4846 4851 4825
f 4712 4811 4732
f 4750 4811 4712
f 4798 4825 4811
f 4798 4811 4750
f 4873 4905 4875
f 4944 4945 4907
f 4944 4979 4945
f 4907 4945 4905
f 4962 4979 4944
f 5007 4979 4962
f 5076 5111 5034
f 5076 5034 5007
f 5076 5155 5111
f 5179 5155 5076
f 4607 4636 4684
f 4684 4678 4607
f 4684 4740 4678
f 4740 4808 4763
f 4763 4718 4740
f 4740 4718 4678
f 4847 4808 4855
f 4763 4808 4809
f 4809 4808 4847
f 4855 4886 4847
f 4558 4621 4596
f 4558 4596 4474
f 4497 4596 4575
f 4596 4636 4575
f 4474 4596 4497
f 4575 4636 4607
f 4623 4658 4621
f 4623 4621 4558
f 4648 4688 4658
f 4712 4688 4670
f 4712 4732 4688
f 4670 4688 4648
f 4648 4658 4623
f 4916 4886 4928
f 4916 4928 4946
f 4946 4928 4964
f 4879 4847 4886
f 4879 4886 4916
f 4946 4964 4974
f 5035 5065 5116
f 5035 5022 5065
f 4971 4974 5035
f 5035 4974 5022
f 4947 4946 4974
f 4947 4974 4971
f 5799 5833 5911
f 5911 5858 5916
f 5911 5833 5858
f 5781 5833 5799
f 5734 5781 5799
f 5689 5799 5786
f 5734 5799 5689
f 5689 5786 5675
f 5549 5689 5675
f 5584 5549 5675
f 6032 6086 6029
f 6032 6029 6015
f 6089 6086 6032
f 6015 6089 6032
f 5949 6015 5914
f 5983 6015 5949
f 6077 6015 5983
f 6077 6089 6015
f 5949 5914 5884
f 5884 5914 5890
f 5890 5914 5825
f 5825 5914 5859
f 5914 5916 5859
f 5859 5916 5858
f 5464 5519 5469
f 5498 5549 5584
f 5380 5549 5498
f 5421 5380 5498
f 5350 5281 5421
f 5281 5380 5421
f 5350 5421 5464
f 5412 5464 5469
f 5350 5464 5412
f 5469 5483 5412
f 5412 5483 5443
f 5443 5483 5467
f 5383 5443 5467
f 5195 5242 5192
f 5192 5242 5223
f 5195 5294 5242
f 5192 5223 5201
f 5152 5201 5127
f 5192 5201 5152
f 5201 5226 5179
f 5201 5179 5002
f 5127 5201 5002
f 5002 5179 5011
f 5179 5076 5011
f 5340 5383 5294
f 5235 5340 5294
f 5235 5294 5195
f 5327 5383 5340
f 5327 5443 5383
f 6345 6451 6450
f 6495 6451 6429
f 6429 6451 6345
f 6345 6450 6370
f 6419 6495 6429
f 6444 6485 6495
f 6485 6503 6495
f 6444 6495 6419
f 6345 6370 6290
f 6037 6143 6077
f 6068 6143 6037
f 6055 6068 5832
f 5832 6068 6037
f 6037 6077 5983
f 6496 6509 6500
f 6496 6488 6509
f 6432 6500 6444
f 6444 6500 6485
f 6460 6476 6500
f 6500 6476 6496
f 6485 6500 6503
f 6460 6500 6432
f 6471 6488 6476
f 6476 6488 6496
f 6476 6448 6471
f 6407 6409 6448
f 6412 6448 6460
f 6460 6448 6476
f 6412 6407 6448
f 6193 6147 6211
f 6053 6147 6113
f 6113 6147 6156
f 6053 5929 6147
f 5929 6066 6147
f 6156 6147 6193
f 6193 6211 6212
f 6212 6211 6246
f 6211 6250 6246
f 5757 6001 6066
f 5757 6066 5929
f 6127 6142 6182
f 6142 6123 6182
f 6182 6123 6135
f 6127 6062 6105
f 6001 6062 6127
f 6127 6105 6142
f 6002 6062 6001
f 5928 6002 6001
f 5742 5928 6001
f 5757 5742 6001
f 6250 6259 6303
f 6246 6250 6303
f 6303 6308 6351
f 6259 6308 6303
f 6351 6407 6412
f 6373 6351 6412
f 6333 6351 6373
f 6303 6351 6333
f 6050 5905 6038
f 5905 5918 6038
f 6050 6038 6135
f 5905 5829 5918
f 5828 5918 5829
f 6123 6050 6135
f 5754 5807 5828
f 5737 5680 5807
f 5680 5717 5807
f 5737 5807 5754
f 5754 5828 5755
f 5769 5828 5829
f 5755 5828 5769
f 5652 5621 5717
f 5680 5652 5717
f 4659 4656 4627
f 4479 4439 4495
f 4439 4437 4495
f 4479 4495 4506
f 4562 4592 4553
f 4562 4553 4514
f 4514 4553 4512
f 4514 4512 4506
f 4506 4494 4479
f 4506 4512 4494
f 4439 4394 4437
f 4394 4353 4437
f 4437 4353 4438
f 4353 4373 4438
f 4438 4373 4443
f 4373 4359 4443
f 4359 4396 4443
f 4411 4418 4445
f 4411 4377 4418
f 4378 4377 4411
f 4378 4327 4377
f 4377 4327 4332
f 4342 4332 4293
f 4332 4327 4303
f 4332 4303 4284
f 4293 4332 4284
f 4342 4293 4312
f 4380 4341 4329
f 4306 4341 4281
f 4329 4341 4306
f 4281 4312 4267
f 4293 4267 4312
f 4281 4267 4224
f 4281 4224 4227
f 4261 4281 4227
f 4306 4281 4261
f 4369 4380 4329
f 4405 4380 4369
f 4426 4425 4405
f 4424 4426 4369
f 4426 4405 4369
f 4481 4424 4431
f 4431 4424 4368
f 4424 4369 4338
f 4368 4424 4338
f 4468 4481 4431
f 4468 4431 4407
f 4435 4468 4407
f 4512 4496 4470
f 4470 4494 4512
f 4470 4496 4440
f 4440 4435 4400
f 4435 4382 4374
f 4435 4407 4382
f 4435 4374 4400
f 4408 4440 4400
f 4421 4470 4440
f 4421 4440 4408
f 4396 4398 4403
f 4393 4385 4398
f 4393 4398 4396
f 4393 4350 4385
f 4359 4393 4396
f 4257 4288 4315
f 4257 4315 4307
f 4340 4315 4350
f 4307 4315 4340
f 4235 4288 4257
f 4340 4350 4393
f 4228 4235 4257
f 4190 4187 4235
f 4187 4203 4235
f 4190 4235 4228
f 4164 4138 4219
f 4138 4162 4219
f 4219 4162 4259
f 4148 4164 4203
f 4187 4148 4203
f 4148 4098 4164
f 4098 4138 4164
f 4162 4215 4259
f 4259 4215 4255
f 4259 4255 4309
f 4309 4335 4259
f 4309 4347 4335
f 4335 4347 4379
f 4379 4347 4391
f 4411 4391 4378
f 4378 4391 4347
f 5227 5205 5243
f 5116 5205 5180
f 5180 5205 5227
f 5077 5035 5116
f 5077 5116 5137
f 5137 5116 5180
f 5319 5292 5365
f 5319 5243 5292
f 5263 5243 5319
f 5263 5227 5243
f 5652 5525 5621
f 5621 5525 5530
f 5453 5455 5530
f 5530 5455 5456
f 5530 5525 5453
f 5456 5455 5355
f 5931 5909 5974
f 5974 5909 5977
f 5909 5844 5977
f 5796 5868 5844
f 5844 5868 5958
f 5977 5844 5958
f 5796 5844 5715
f 5990 5931 5974
f 6028 5990 6057
f 6057 5990 6049
f 5990 5974 6049
f 5424 5440 5370
f 5370 5440 5352
f 5536 5533 5423
f 5423 5533 5424
f 5424 5370 5348
f 5320 5424 5348
f 5353 5424 5320
f 5423 5424 5353
f 5581 5604 5536
f 5581 5654 5604
f 5477 5536 5423
f 5477 5581 5536
f 5608 5654 5581
f 5678 5718 5654
f 5718 5715 5654
f 5608 5678 5654
f 5718 5796 5715
f 5289 5352 5313
f 5370 5352 5304
f 5304 5352 5289
f 5289 5313 5259
f 5313 5252 5268
f 5313 5314 5252
f 5259 5313 5268
f 5314 5291 5249
f 5252 5314 5249
f 5249 5291 5287
f 5249 5287 5248
f 5248 5287 5303
f 5298 5303 5355
f 5298 5355 5361
f 5361 5355 5455
f 5248 5303 5298
f 5841 5804 5848
f 5697 5804 5778
f 5778 5804 5841
f 5697 5743 5804
f 5841 5895 5778
f 5778 5895 5928
f 5895 5932 5928
f 5932 5944 6002
f 5928 5932 6002
f 6028 6062 6002
f 6028 6057 6062
f 5672 5676 5664
f 5618 5672 5571
f 5571 5672 5594
f 5665 5672 5618
f 5665 5676 5672
f 5551 5594 5583
f 5585 5551 5583
f 5585 5583 5697
f 5585 5697 5778
f 5508 5594 5551
f 5571 5594 5508
f 5365 5416 5488
f 5488 5416 5527
f 5416 5473 5527
f 5358 5365 5488
f 5358 5319 5365
f 5527 5591 5613
f 5591 5661 5634
f 5613 5591 5634
f 5645 5527 5613
f 5488 5527 5645
f 5661 5676 5698
f 5702 5661 5698
f 5702 5694 5661
f 5661 5694 5634
f 5665 5698 5676
f 4907 4905 4873
f 4820 4825 4798
f 4820 4846 4825
f 4907 4873 4868
f 4868 4873 4846
f 4868 4846 4820
f 4712 4708 4750
f 4661 4712 4670
f 4661 4708 4712
f 4724 4750 4708
f 4774 4798 4750
f 4774 4750 4724
f 4820 4798 4774
f 4910 4944 4907
f 4962 4944 4910
f 4910 4907 4868
f 5011 5007 4962
f 5011 4962 4935
f 4935 4962 4910
f 5011 5076 5007
f 4607 4678 4630
f 4630 4604 4607
f 4607 4604 4576
f 4607 4576 4547
f 4526 4607 4547
f 4575 4607 4526
f 4678 4718 4690
f 4690 4652 4678
f 4678 4652 4630
f 4763 4809 4772
f 4727 4763 4772
f 4727 4718 4763
f 4690 4718 4727
f 4848 4847 4879
f 4848 4809 4847
f 4799 4809 4848
f 4799 4772 4809
f 4460 4558 4474
f 4537 4581 4558
f 4581 4623 4558
f 4537 4558 4460
f 4460 4474 4416
f 4474 4497 4409
f 4474 4409 4367
f 4416 4474 4367
f 4497 4526 4449
f 4497 4449 4409
f 4575 4526 4497
f 4601 4623 4581
f 4601 4648 4623
f 4650 4670 4648
f 4650 4648 4601
f 4651 4670 4650
f 4661 4670 4651
f 4947 4916 4946
f 4903 4916 4947
f 4903 4879 4916
f 4848 4879 4903
f 4992 5035 5040
f 4992 4971 5035
f 5040 5035 5077
f 4954 4947 4971
f 4954 4971 4992
f 4954 4903 4947
f 5825 5833 5781
f 5825 5858 5833
f 5859 5858 5825
f 5781 5732 5825
f 5734 5732 5781
f 5645 5684 5734
f 5595 5645 5734
f 5595 5734 5689
f 5734 5684 5732
f 5549 5595 5689
f 5380 5419 5549
f 5419 5595 5549
f 5983 5949 5884
f 5824 6037 5983
f 5983 5760 5824
f 5983 5884 5760
f 5884 5890 5835
f 5752 5884 5835
f 5760 5884 5752
f 5835 5890 5825
f 5735 5825 5732
f 5835 5825 5735
f 5240 5380 5281
f 5300 5419 5380
f 5240 5300 5380
f 5350 5412 5327
f 5327 5236 5350
f 5236 5281 5350
f 5191 5240 5281
f 5191 5281 5236
f 5412 5443 5327
f 5195 5192 5145
f 5109 5195 5145
f 5195 5174 5235
f 5109 5174 5195
f 5145 5192 5152
f 5104 5152 5127
f 5145 5152 5104
f 5127 5002 5009
f 5048 5127 5009
f 5104 5127 5044
f 5044 5127 5048
f 5009 5002 4897
f 4897 5002 4936
f 5002 5011 4936
f 4936 5011 4935
f 5220 5340 5235
f 5220 5233 5340
f 5340 5233 5327
f 5174 5220 5235
f 5233 5236 5327
f 6374 6429 6345
f 6419 6429 6374
f 6360 6419 6374
f 6328 6365 6419
f 6365 6444 6419
f 6328 6419 6360
f 6365 6386 6444
f 6444 6386 6432
f 5832 6037 5824
f 6055 5832 5712
f 5731 6055 5712
f 6010 6106 6055
f 6010 6055 5731
f 5507 5832 5824
f 5712 5832 5507
f 6390 6399 6432
f 6399 6412 6432
f 6432 6412 6460
f 6386 6390 6432
f 6373 6412 6399
f 6192 6193 6212
f 6192 6156 6193
f 5924 5929 6053
f 5924 6053 6078
f 6078 6053 6113
f 6108 6113 6151
f 6113 6152 6151
f 6113 6156 6152
f 6078 6113 6108
f 6152 6156 6192
f 5747 5757 5929
f 5747 5929 5924
f 6201 6192 6212
f 6201 6212 6240
f 6212 6246 6240
f 6301 6246 6303
f 6240 6246 6301
f 5561 5468 5757
f 5561 5757 5747
f 5468 5742 5757
f 6105 6118 6142
f 6142 6118 6123
f 6118 6097 6123
f 6123 6097 6093
f 6123 6093 6073
f 6073 6050 6123
f 6062 6084 6105
f 6062 6057 6084
f 6105 6084 6118
f 5742 5778 5928
f 5468 5585 5742
f 5585 5778 5742
f 6301 6303 6338
f 6338 6303 6333
f 6333 6373 6399
f 6338 6333 6390
f 6390 6333 6399
f 6073 6051 6050
f 5936 6050 6051
f 5936 5905 6050
f 5936 5823 5905
f 5823 5829 5905
f 5769 5829 5775
f 5775 5829 5823
f 5696 5754 5755
f 5687 5737 5754
f 5687 5754 5696
f 5653 5589 5737
f 5589 5656 5737
f 5737 5656 5680
f 5656 5652 5680
f 5696 5755 5713
f 5713 5755 5769
f 5713 5769 5710
f 5769 5775 5710
f 5526 5652 5656
f 5526 5524 5652
f 5524 5525 5652
f 4479 4494 4461
f 4461 4439 4479
f 4421 4417 4439
f 4421 4439 4461
f 4417 4394 4439
f 4461 4494 4470
f 4333 4353 4394
f 4366 4333 4394
f 4366 4394 4417
f 4297 4269 4353
f 4269 4278 4353
f 4353 4278 4373
f 4333 4297 4353
f 4373 4314 4359
f 4278 4314 4373
f 4314 4307 4359
f 4359 4307 4340
f 4359 4340 4393
f 4347 4327 4378
f 4294 4327 4347
f 4294 4303 4327
f 4234 4293 4284
f 4234 4267 4293
f 4284 4303 4279
f 4294 4279 4303
f 4239 4284 4279
f 4234 4284 4177
f 4284 4195 4177
f 4239 4195 4284
f 4369 4329 4316
f 4329 4306 4290
f 4316 4329 4290
f 4290 4306 4261
f 4200 4267 4234
f 4224 4267 4200
f 4224 4200 4156
f 4175 4224 4156
f 4227 4224 4175
f 4261 4227 4225
f 4191 4227 4175
f 4225 4227 4191
f 4240 4261 4225
f 4290 4261 4240
f 4338 4369 4316
f 4407 4431 4368
f 4407 4368 4330
f 4368 4338 4300
f 4330 4368 4300
f 4338 4316 4264
f 4300 4338 4264
f 4382 4407 4330
f 4461 4470 4421
f 4408 4400 4365
f 4357 4400 4374
f 4365 4400 4357
f 4326 4382 4330
f 4374 4382 4326
f 4357 4374 4328
f 4328 4374 4326
f 4365 4383 4408
f 4408 4383 4417
f 4421 4408 4417
f 4251 4228 4257
f 4251 4257 4307
f 4251 4307 4314
f 4192 4190 4228
f 4192 4228 4251
f 4192 4134 4190
f 4161 4187 4190
f 4134 4161 4190
f 4161 4148 4187
f 4138 4119 4162
f 4055 4119 4138
f 4098 4055 4138
f 4119 4131 4162
f 4162 4131 4168
f 4162 4168 4215
f 4129 4148 4161
f 4093 4098 4148
f 4093 4148 4129
f 4030 4098 4093
f 4030 4023 4098
f 4023 4055 4098
f 4215 4183 4223
f 4215 4223 4255
f 4168 4183 4215
f 4255 4239 4294
f 4255 4223 4239
f 4309 4255 4294
f 4309 4294 4347
f 5232 5180 5227
f 5232 5227 5263
f 5206 5180 5232
f 5178 5180 5206
f 5178 5137 5180
f 5130 5077 5137
f 5040 5077 5082
f 5082 5077 5112
f 5112 5077 5130
f 5130 5137 5151
f 5151 5137 5178
f 5263 5319 5358
f 5232 5263 5285
f 5285 5263 5358
f 5453 5525 5452
f 5524 5452 5525
f 5453 5452 5361
f 5361 5455 5453
f 6049 5974 6059
f 5974 5977 6059
f 5977 5958 6065
f 6059 5977 6065
f 5775 5823 5796
f 5775 5796 5718
f 5796 5823 5936
f 5796 5936 5868
f 5936 5958 5868
f 5936 6051 5958
f 6065 5958 6051
f 6057 6049 6084
f 6084 6049 6059
f 5348 5370 5304
f 5477 5423 5381
f 5381 5423 5364
f 5364 5423 5353
f 5301 5348 5304
f 5320 5348 5301
f 5312 5353 5320
f 5312 5320 5302
f 5302 5320 5301
f 5364 5353 5312
f 5542 5608 5581
f 5542 5581 5477
f 5515 5477 5430
f 5430 5477 5381
f 5515 5542 5477
f 5577 5608 5542
f 5644 5678 5608
f 5644 5608 5577
f 5644 5710 5678
f 5710 5718 5678
f 5710 5775 5718
f 5256 5289 5259
f 5304 5289 5273
f 5273 5289 5256
f 5267 5304 5273
f 5301 5304 5267
f 5256 5259 5253
f 5259 5268 5255
f 5253 5259 5255
f 5252 5249 5255
f 5255 5268 5252
f 5255 5249 5253
f 5251 5249 5248
f 5253 5249 5251
f 5251 5248 5277
f 5277 5248 5274
f 5248 5298 5274
f 5338 5298 5361
f 5274 5298 5338
f 5338 5361 5371
f 5361 5452 5388
f 5371 5361 5388
f 5552 5618 5571
f 5618 5660 5665
f 5592 5660 5618
f 5592 5618 5552
f 5552 5571 5441
f 5441 5571 5508
f 5665 5660 5698
f 5481 5508 5551
f 5481 5551 5585
f 5481 5585 5468
f 5417 5508 5481
f 5441 5508 5417
f 5419 5358 5488
f 5419 5488 5595
f 5595 5488 5645
f 5419 5285 5358
f 5645 5613 5684
f 5684 5613 5634
f 5634 5694 5684
f 5702 5698 5660
f 5732 5694 5702
f 5704 5732 5702
f 5704 5702 5666
f 5666 5702 5660
f 5684 5694 5732
f 4790 4820 4774
f 4868 4820 4790
f 4801 4876 4868
f 4876 4910 4868
f 4801 4868 4790
f 4724 4708 4661
f 4692 4724 4661
f 4692 4661 4633
f 4633 4661 4651
f 4756 4774 4724
f 4756 4724 4692
f 4790 4774 4756
f 4935 4910 4876
f 4936 4935 4876
f 4609 4630 4640
f 4609 4604 4630
f 4640 4630 4652
f 4589 4604 4609
f 4589 4576 4604
f 4568 4576 4589
f 4540 4576 4568
f 4547 4576 4540
f 4526 4547 4501
f 4532 4547 4540
f 4532 4501 4547
f 4526 4501 4449
f 4682 4690 4727
f 4682 4652 4690
f 4640 4652 4682
f 4754 4727 4772
f 4754 4772 4799
f 4709 4727 4754
f 4709 4682 4727
f 4872 4848 4903
f 4831 4799 4848
f 4872 4831 4848
f 4781 4754 4799
f 4781 4799 4831
f 4460 4416 4381
f 4423 4460 4381
f 4484 4460 4453
f 4484 4537 4460
f 4453 4460 4423
f 4484 4529 4537
f 4539 4537 4529
f 4541 4587 4537
f 4587 4581 4537
f 4541 4537 4539
f 4587 4601 4581
f 4351 4416 4367
f 4381 4416 4351
f 4367 4409 4322
f 4409 4363 4322
f 4409 4449 4363
f 4367 4322 4296
f 4308 4367 4296
f 4351 4367 4308
f 4449 4471 4422
f 4449 4422 4363
f 4449 4501 4471
f 4602 4601 4594
f 4602 4650 4601
f 4594 4601 4587
f 4651 4650 4594
f 4594 4650 4602
f 4633 4651 4594
f 4917 4903 4954
f 4917 4872 4903
f 5006 4954 4992
f 5006 4992 5040
f 5006 5040 5053
f 5040 5082 5053
f 4953 4954 5006
f 4953 4917 4954
f 5704 5735 5732
f 5300 5285 5419
f 5824 5760 5471
f 5507 5824 5471
f 5760 5752 5587
f 5471 5760 5587
f 5752 5835 5640
f 5640 5835 5735
f 5587 5752 5640
f 5640 5735 5598
f 5598 5735 5704
f 5191 5148 5240
f 5148 5216 5240
f 5240 5216 5300
f 5216 5285 5300
f 5233 5181 5236
f 5181 5191 5236
f 5093 5191 5181
f 5093 5148 5191
f 5104 5109 5145
f 5023 5174 5109
f 5023 5109 5041
f 5027 5109 5104
f 5027 5041 5109
f 5023 5140 5174
f 5140 5220 5174
f 5027 5104 5044
f 4948 5009 4897
f 5048 5009 4973
f 4973 5009 4948
f 4998 5048 4973
f 5044 5048 4998
f 5027 5044 4998
f 4897 4936 4860
f 4897 4860 4864
f 4881 4897 4864
f 4895 4897 4881
f 4919 4948 4897
f 4919 4897 4895
f 4860 4936 4876
f 5140 5233 5220
f 5140 5181 5233
f 6307 6360 6374
f 6328 6360 6307
f 6272 6328 6307
f 6272 6288 6328
f 6288 6318 6328
f 6328 6318 6365
f 6363 6386 6365
f 6318 6363 6365
f 6363 6342 6386
f 6342 6390 6386
f 5503 5712 5507
f 5507 5471 5367
f 5503 5507 5367
f 6342 6338 6390
f 6201 6152 6192
f 5927 5747 5924
f 5927 5924 6078
f 5927 6078 6119
f 6119 6078 6108
f 6119 6108 6151
f 6166 6119 6151
f 6151 6152 6201
f 6166 6151 6201
f 5797 5747 5927
f 5620 5747 5797
f 5620 5561 5747
f 6201 6240 6256
f 6201 6256 6231
f 6213 6201 6231
f 6166 6201 6213
f 6256 6240 6301
f 6301 6338 6342
f 6295 6301 6342
f 6256 6301 6295
f 5415 5561 5620
f 5415 5398 5561
f 5398 5468 5561
f 5398 5349 5468
f 5349 5481 5468
f 6118 6059 6065
f 6118 6065 6097
f 6084 6059 6118
f 6097 6051 6093
f 6065 6051 6097
f 6073 6093 6051
f 5696 5713 5674
f 5658 5696 5674
f 5657 5687 5696
f 5657 5696 5658
f 5643 5687 5657
f 5499 5528 5589
f 5589 5528 5656
f 5528 5526 5656
f 5674 5713 5671
f 5713 5710 5671
f 5671 5710 5644
f 5528 5450 5526
f 5526 5449 5524
f 5450 5449 5526
f 5449 5452 5524
f 4417 4383 4366
f 4336 4333 4366
f 4336 4305 4333
f 4305 4297 4333
f 4366 4383 4336
f 4274 4297 4305
f 4241 4269 4297
f 4274 4241 4297
f 4241 4194 4269
f 4269 4218 4278
f 4194 4218 4269
f 4218 4197 4278
f 4278 4197 4251
f 4278 4251 4314
f 4239 4279 4294
f 4200 4234 4177
f 4223 4201 4239
f 4239 4201 4195
f 4177 4195 4101
f 4177 4101 4115
f 4116 4177 4115
f 4200 4177 4116
f 4195 4201 4147
f 4195 4147 4101
f 4316 4290 4266
f 4264 4316 4266
f 4266 4290 4240
f 4156 4200 4116
f 4175 4156 4121
f 4121 4156 4116
f 4142 4175 4121
f 4191 4175 4142
f 4240 4225 4209
f 4209 4225 4191
f 4130 4191 4142
f 4209 4191 4130
f 4266 4240 4209
f 4326 4330 4292
f 4330 4300 4237
f 4292 4330 4237
f 4300 4264 4226
f 4237 4300 4226
f 4264 4266 4209
f 4264 4209 4193
f 4226 4264 4193
f 4336 4365 4325
f 4365 4357 4325
f 4336 4383 4365
f 4325 4357 4328
f 4289 4326 4292
f 4328 4326 4289
f 4320 4328 4289
f 4325 4328 4320
f 4197 4192 4251
f 4197 4143 4192
f 4143 4134 4192
f 4128 4129 4134
f 4134 4129 4161
f 4143 4128 4134
f 4055 4058 4119
f 4058 4083 4119
f 4119 4083 4131
f 3980 4055 4023
f 3943 4010 4055
f 4055 4010 4058
f 3980 3943 4055
f 4083 4094 4131
f 4131 4094 4107
f 4131 4107 4150
f 4131 4150 4168
f 4168 4150 4183
f 4126 4129 4128
f 4126 4093 4129
f 4069 4044 4093
f 4069 4093 4126
f 4044 4030 4093
f 3990 3961 4030
f 3990 4030 4044
f 3961 4023 4030
f 3961 3980 4023
f 4150 4147 4183
f 4183 4147 4201
f 4183 4201 4223
f 5216 5206 5232
f 5216 5232 5285
f 5178 5206 5216
f 5151 5178 5216
f 5112 5130 5151
f 5053 5082 5086
f 5082 5112 5086
f 5148 5112 5151
f 5086 5112 5148
f 5148 5151 5216
f 5449 5388 5452
f 5381 5364 5336
f 5369 5381 5336
f 5369 5430 5381
f 5336 5364 5312
f 5270 5302 5301
f 5270 5301 5267
f 5316 5336 5312
f 5312 5302 5308
f 5316 5312 5308
f 5308 5302 5270
f 5515 5577 5542
f 5513 5515 5436
f 5436 5515 5430
f 5555 5577 5515
f 5513 5555 5515
f 5436 5430 5369
f 5555 5609 5577
f 5609 5644 5577
f 5609 5671 5644
f 5264 5256 5253
f 5264 5273 5256
f 5267 5273 5264
f 5270 5267 5264
f 5275 5264 5253
f 5284 5275 5253
f 5253 5251 5284
f 5284 5251 5297
f 5297 5251 5277
f 5277 5274 5334
f 5396 5277 5334
f 5359 5277 5396
f 5297 5277 5359
f 5334 5274 5338
f 5368 5338 5371
f 5334 5338 5368
f 5368 5371 5450
f 5450 5371 5449
f 5371 5388 5449
f 5494 5552 5441
f 5592 5552 5494
f 5666 5660 5592
f 5501 5666 5592
f 5501 5592 5494
f 5330 5441 5417
f 5309 5494 5441
f 5309 5441 5293
f 5293 5441 5330
f 5349 5417 5481
f 5330 5417 5349
f 5598 5704 5429
f 5429 5704 5501
f 5704 5666 5501
f 4801 4790 4756
f 4805 4801 4762
f 4762 4801 4746
f 4801 4756 4746
f 4860 4876 4801
f 4860 4801 4805
f 4657 4692 4633
f 4746 4756 4692
f 4657 4746 4692
f 4657 4633 4603
f 4603 4633 4574
f 4633 4594 4574
f 4615 4609 4640
f 4572 4609 4615
f 4589 4609 4572
f 4615 4640 4667
f 4667 4640 4682
f 4572 4568 4589
f 4551 4568 4572
f 4551 4540 4568
f 4510 4540 4551
f 4505 4540 4490
f 4532 4540 4505
f 4490 4540 4510
f 4505 4501 4532
f 4505 4471 4501
f 4667 4682 4709
f 4741 4754 4781
f 4741 4709 4754
f 4667 4709 4704
f 4704 4709 4741
f 4854 4872 4888
f 4854 4831 4872
f 4888 4872 4917
f 4814 4831 4854
f 4814 4781 4831
f 4773 4741 4781
f 4773 4781 4814
f 4372 4423 4381
f 4372 4381 4334
f 4381 4351 4291
f 4334 4381 4291
f 4450 4423 4406
f 4406 4423 4384
f 4450 4453 4423
f 4384 4423 4372
f 4450 4484 4453
f 4492 4529 4484
f 4492 4484 4450
f 4539 4529 4524
f 4524 4529 4492
f 4524 4574 4539
f 4574 4541 4539
f 4574 4594 4541
f 4594 4587 4541
f 4291 4351 4308
f 4322 4319 4286
f 4322 4363 4319
f 4296 4322 4286
f 4363 4422 4370
f 4364 4363 4370
f 4355 4363 4364
f 4355 4319 4363
f 4308 4296 4256
f 4296 4286 4244
f 4256 4296 4244
f 4291 4308 4256
f 4463 4471 4490
f 4490 4471 4505
f 4463 4422 4471
f 4413 4370 4422
f 4413 4422 4463
f 4904 4917 4953
f 4904 4888 4917
f 4976 4953 5006
f 4976 5006 5047
f 5086 5006 5053
f 5047 5006 5086
f 4958 4953 4976
f 4942 4904 4953
f 4942 4953 4958
f 5471 5587 5325
f 5367 5471 5325
f 5587 5640 5475
f 5325 5587 5475
f 5640 5598 5491
f 5475 5640 5491
f 5491 5598 5429
f 5086 5148 5093
f 5140 5126 5181
f 5126 5093 5181
f 5047 5086 5093
f 5088 5047 5093
f 5088 5093 5126
f 5023 5080 5140
f 5023 5041 4963
f 4918 5023 4963
f 4918 5080 5023
f 4963 5041 5027
f 5027 4998 4951
f 4963 5027 4951
f 5088 5126 5140
f 5080 5088 5140
f 4923 4948 4919
f 4955 4973 4948
f 4955 4948 4923
f 4951 4998 4973
f 4955 4929 4973
f 4951 4973 4929
f 4864 4860 4840
f 4840 4860 4823
f 4823 4860 4805
f 4832 4865 4864
f 4832 4864 4829
f 4864 4840 4829
f 4865 4881 4864
f 4865 4895 4881
f 4865 4919 4895
f 4865 4923 4919
f 6267 6272 6307
f 6238 6288 6272
f 6238 6263 6288
f 6263 6318 6288
f 6263 6295 6318
f 6318 6295 6363
f 6295 6342 6363
f 5367 5325 5156
f 5996 5927 6119
f 5797 5927 5996
f 5996 6119 6095
f 6095 6119 6166
f 6145 6166 6213
f 6095 6166 6145
f 5635 5620 5797
f 5777 5635 5797
f 5777 5797 5954
f 5954 5797 5996
f 5415 5620 5557
f 5557 5620 5635
f 6237 6256 6263
f 6263 6256 6295
f 6237 6231 6256
f 6213 6231 6237
f 6205 6213 6263
f 6263 6213 6237
f 6145 6213 6205
f 5432 5415 5557
f 5288 5258 5415
f 5415 5258 5398
f 5288 5415 5432
f 5258 5349 5398
f 5262 5330 5349
f 5258 5262 5349
f 5658 5674 5631
f 5631 5674 5614
f 5674 5671 5614
f 5619 5658 5631
f 5619 5657 5658
f 5615 5657 5619
f 5615 5643 5657
f 5615 5568 5643
f 5578 5643 5568
f 5578 5560 5643
f 5499 5459 5528
f 5408 5459 5499
f 5459 5450 5528
f 5614 5671 5609
f 5459 5368 5450
f 4325 4320 4336
f 4336 4320 4304
f 4336 4304 4305
f 4274 4305 4262
f 4304 4262 4305
f 4274 4262 4230
f 4230 4241 4274
f 4230 4206 4241
f 4206 4194 4241
f 4163 4136 4194
f 4136 4160 4194
f 4194 4160 4218
f 4163 4194 4206
f 4160 4197 4218
f 4125 4143 4197
f 4160 4125 4197
f 4101 4086 4060
f 4115 4101 4060
f 4101 4147 4086
f 4116 4115 4051
f 4115 4060 4051
f 3978 4116 4051
f 4121 4116 4061
f 4061 4116 4056
f 4056 4116 3978
f 4107 4147 4150
f 4107 4086 4147
f 4097 4142 4121
f 4097 4121 4061
f 4130 4142 4097
f 4193 4209 4140
f 4140 4209 4130
f 4096 4130 4068
f 4140 4130 4096
f 4130 4097 4068
f 4289 4292 4275
f 4292 4237 4258
f 4275 4292 4258
f 4237 4226 4154
f 4237 4154 4157
f 4186 4237 4157
f 4258 4237 4186
f 4226 4193 4154
f 4154 4193 4140
f 4275 4276 4289
f 4289 4276 4320
f 4304 4320 4280
f 4280 4320 4276
f 4125 4089 4143
f 4089 4128 4143
f 4089 4095 4128
f 4095 4126 4128
f 4058 4042 4083
f 4010 4042 4058
f 4042 4046 4083
f 4083 4046 4094
f 3961 3912 3980
f 3912 3943 3980
f 3912 3867 3943
f 3867 3914 3943
f 3943 3914 4010
f 4010 4009 4042
f 3914 4009 4010
f 4107 4094 4074
f 4074 4094 4046
f 4074 4086 4107
f 4095 4069 4126
f 4031 4032 4069
f 4032 4044 4069
f 4031 4069 4095
f 3990 4044 4032
f 3985 3957 3990
f 3957 3941 3990
f 3941 3961 3990
f 4031 3990 4032
f 3985 3990 4031
f 3896 3912 3961
f 3896 3961 3941
f 5373 5369 5336
f 5354 5373 5336
f 5354 5336 5316
f 5373 5436 5369
f 5307 5308 5270
f 5307 5270 5275
f 5270 5264 5275
f 5354 5316 5342
f 5316 5308 5342
f 5342 5308 5307
f 5489 5513 5437
f 5437 5513 5436
f 5556 5555 5513
f 5489 5556 5513
f 5437 5436 5373
f 5556 5614 5555
f 5614 5609 5555
f 5307 5275 5284
f 5284 5297 5335
f 5339 5284 5335
f 5339 5307 5284
f 5335 5297 5359
f 5396 5334 5402
f 5408 5334 5368
f 5402 5334 5408
f 5411 5396 5474
f 5411 5359 5396
f 5403 5359 5411
f 5393 5359 5403
f 5393 5335 5359
f 5408 5368 5459
f 5501 5494 5309
f 5429 5501 5261
f 5261 5501 5309
f 5247 5293 5330
f 5247 5330 5262
f 5309 5293 5211
f 5160 5309 5211
f 5261 5309 5160
f 5211 5293 5247
f 5322 5491 5429
f 5322 5429 5222
f 5222 5429 5261
f 4769 4805 4762
f 4823 4805 4793
f 4793 4805 4769
f 4769 4762 4728
f 4728 4762 4715
f 4762 4746 4715
f 4677 4746 4657
f 4715 4746 4677
f 4599 4657 4603
f 4677 4657 4626
f 4626 4657 4599
f 4599 4603 4561
f 4603 4574 4561
f 4561 4574 4524
f 4631 4615 4667
f 4583 4572 4615
f 4583 4615 4631
f 4583 4551 4572
f 4667 4704 4679
f 4631 4667 4679
f 4534 4510 4551
f 4534 4551 4583
f 4483 4510 4534
f 4490 4510 4452
f 4483 4452 4510
f 4452 4463 4490
f 4717 4741 4773
f 4717 4704 4741
f 4717 4679 4704
f 4904 4854 4888
f 4815 4814 4854
f 4856 4815 4854
f 4856 4854 4904
f 4815 4773 4814
f 4765 4773 4815
f 4765 4717 4773
f 4345 4372 4334
f 4384 4372 4345
f 4313 4334 4299
f 4334 4291 4299
f 4256 4208 4291
f 4254 4291 4208
f 4299 4291 4270
f 4270 4291 4254
f 4466 4450 4406
f 4466 4492 4450
f 4427 4406 4371
f 4427 4466 4406
f 4524 4492 4466
f 4561 4524 4500
f 4500 4524 4466
f 4324 4319 4355
f 4271 4319 4324
f 4286 4319 4271
f 4271 4238 4286
f 4244 4286 4238
f 4364 4370 4413
f 4355 4364 4324
f 4318 4364 4389
f 4324 4364 4318
f 4389 4364 4413
f 4189 4256 4244
f 4189 4208 4256
f 4244 4238 4184
f 4189 4244 4184
f 4452 4413 4463
f 4389 4413 4452
f 4925 4904 4942
f 4913 4856 4904
f 4913 4904 4925
f 4958 4976 4977
f 4977 4976 5088
f 4976 5047 5088
f 4937 4958 4977
f 4937 4942 4958
f 4925 4942 4937
f 5156 5325 5171
f 5171 5325 5322
f 5325 5475 5322
f 5475 5491 5322
f 5080 4977 5088
f 4918 4934 5080
f 4934 4977 5080
f 4870 4918 4963
f 4870 4963 4951
f 4835 4862 4918
f 4862 4934 4918
f 4870 4835 4918
f 4884 4870 4951
f 4951 4929 4884
f 4923 4929 4955
f 4865 4929 4923
f 4884 4929 4865
f 4826 4840 4823
f 4829 4840 4826
f 4826 4823 4803
f 4803 4823 4793
f 4832 4804 4865
f 4832 4829 4794
f 4759 4832 4794
f 4759 4804 4832
f 4804 4884 4865
f 4807 4829 4826
f 4794 4829 4807
f 6205 6263 6238
f 5156 5171 5102
f 6060 5996 6095
f 5954 5996 6060
f 6060 6095 6145
f 6099 6060 6145
f 5649 5557 5635
f 5649 5635 5777
f 5777 5954 5881
f 5761 5777 5881
f 5649 5777 5761
f 5881 5954 5991
f 5954 6060 5991
f 5522 5432 5557
f 5522 5557 5649
f 5399 5288 5432
f 5399 5432 5522
f 5321 5288 5399
f 5176 5184 5288
f 5184 5258 5288
f 5176 5288 5321
f 5258 5198 5262
f 5184 5197 5258
f 5197 5198 5258
f 5198 5247 5262
f 5567 5619 5631
f 5567 5631 5566
f 5566 5631 5556
f 5631 5614 5556
f 5576 5615 5619
f 5576 5619 5579
f 5579 5619 5567
f 5576 5554 5615
f 5554 5568 5615
f 5563 5578 5568
f 5514 5563 5568
f 5554 5514 5568
f 5523 5560 5578
f 5563 5523 5578
f 4280 4262 4304
f 4243 4262 4280
f 4243 4220 4262
f 4230 4262 4220
f 4230 4220 4188
f 4188 4206 4230
f 4188 4163 4206
f 4151 4163 4188
f 4151 4122 4163
f 4122 4136 4163
f 4082 4111 4136
f 4136 4111 4160
f 4122 4082 4136
f 4111 4125 4160
f 4071 4089 4125
f 4071 4125 4111
f 4050 4086 4074
f 4060 4086 4050
f 4012 4060 4050
f 4051 4060 4012
f 3978 4051 4012
f 3978 4012 3950
f 3978 3950 3901
f 3983 3978 3901
f 3983 4056 3978
f 4061 4056 4021
f 4045 4061 4021
f 4097 4061 4045
f 4021 4056 3983
f 4068 4097 4045
f 4154 4140 4062
f 4062 4140 4096
f 4062 4096 4035
f 4096 4068 4035
f 4068 4045 4015
f 4035 4068 4015
f 4275 4258 4276
f 4179 4258 4186
f 4232 4258 4179
f 4276 4258 4232
f 4085 4154 4062
f 4099 4154 4085
f 4157 4154 4099
f 4124 4186 4157
f 4124 4157 4099
f 4179 4186 4124
f 4280 4276 4243
f 4243 4276 4232
f 4071 4054 4089
f 4037 4031 4089
f 4089 4031 4095
f 4054 4037 4089
f 4042 4009 4046
f 4074 4046 4050
f 4050 4046 4009
f 3808 3912 3896
f 3808 3867 3912
f 3808 3814 3867
f 3867 3814 3859
f 3867 3859 3914
f 3859 3844 3914
f 3914 3844 3905
f 3914 3905 3955
f 3955 4009 3914
f 4050 4009 3987
f 3987 4009 3955
f 4037 3985 4031
f 3974 3985 4037
f 3942 3949 3985
f 3985 3949 3957
f 3974 3942 3985
f 3927 3941 3957
f 3949 3927 3957
f 3892 3896 3941
f 3892 3941 3927
f 3774 3896 3845
f 3845 3896 3892
f 3774 3808 3896
f 5394 5373 5354
f 5394 5437 5373
f 5342 5357 5354
f 5394 5354 5387
f 5387 5354 5357
f 5342 5307 5331
f 5331 5307 5339
f 5342 5331 5357
f 5485 5489 5394
f 5489 5437 5394
f 5489 5517 5556
f 5485 5517 5489
f 5556 5517 5566
f 5339 5335 5351
f 5351 5335 5393
f 5384 5339 5351
f 5331 5339 5384
f 5403 5411 5472
f 5411 5474 5472
f 5472 5474 5523
f 5409 5403 5472
f 5393 5403 5409
f 5351 5393 5400
f 5400 5393 5462
f 5462 5393 5439
f 5393 5409 5439
f 5164 5261 5160
f 5222 5261 5164
f 5198 5211 5247
f 5160 5211 5163
f 5163 5211 5175
f 5175 5211 5198
f 5135 5160 5163
f 5084 5160 5072
f 5084 5164 5160
f 5072 5160 5135
f 5171 5322 5222
f 5125 5222 5164
f 5171 5222 5125
f 4748 4769 4728
f 4760 4793 4769
f 4760 4769 4748
f 4760 4803 4793
f 4728 4715 4683
f 4675 4728 4683
f 4701 4728 4675
f 4748 4728 4701
f 4683 4715 4677
f 4647 4677 4626
f 4683 4677 4647
f 4599 4561 4535
f 4550 4599 4535
f 4626 4599 4550
f 4567 4626 4550
f 4605 4626 4567
f 4647 4626 4605
f 4535 4561 4500
f 4612 4583 4631
f 4612 4631 4671
f 4671 4631 4679
f 4566 4583 4612
f 4566 4534 4583
f 4671 4679 4717
f 4519 4483 4534
f 4519 4534 4566
f 4464 4429 4483
f 4429 4452 4483
f 4464 4483 4519
f 4429 4389 4452
f 4671 4717 4713
f 4713 4717 4765
f 4816 4815 4856
f 4816 4765 4815
f 4857 4816 4856
f 4857 4856 4913
f 4739 4765 4777
f 4739 4713 4765
f 4777 4765 4816
f 4313 4299 4283
f 4283 4299 4270
f 4254 4208 4196
f 4189 4120 4208
f 4145 4208 4120
f 4196 4208 4145
f 4221 4254 4196
f 4270 4254 4221
f 4247 4270 4221
f 4283 4270 4247
f 4500 4466 4427
f 4447 4427 4399
f 4399 4427 4371
f 4469 4500 4427
f 4447 4469 4427
f 4535 4500 4469
f 4318 4271 4324
f 4250 4271 4318
f 4233 4238 4271
f 4233 4271 4250
f 4199 4238 4233
f 4184 4238 4199
f 4263 4250 4318
f 4301 4263 4318
f 4301 4318 4354
f 4354 4318 4389
f 4354 4389 4429
f 4184 4137 4189
f 4189 4137 4120
f 4199 4139 4184
f 4184 4139 4114
f 4114 4137 4184
f 4937 4913 4925
f 4857 4913 4882
f 4882 4913 4937
f 4934 4937 4977
f 4934 4882 4937
f 5171 5125 5097
f 5073 5171 5097
f 5102 5171 5073
f 4934 4849 4882
f 4862 4849 4934
f 4804 4785 4870
f 4785 4835 4870
f 4804 4870 4884
f 4764 4835 4785
f 4764 4812 4835
f 4835 4812 4862
f 4812 4849 4862
f 4807 4826 4803
f 4807 4803 4760
f 4725 4804 4759
f 4725 4719 4804
f 4719 4764 4804
f 4804 4764 4785
f 4753 4759 4794
f 4753 4794 4807
f 4694 4628 4759
f 4628 4676 4759
f 4759 4676 4725
f 4694 4759 4753
f 4807 4760 4753
f 5102 5073 5059
f 5991 6060 6099
f 5991 6099 6058
f 5629 5649 5761
f 5522 5649 5629
f 5874 5761 5881
f 5874 5881 5991
f 5751 5761 5874
f 5751 5629 5761
f 5937 5991 6058
f 5874 5991 5937
f 5478 5522 5629
f 5478 5399 5522
f 5321 5399 5478
f 5442 5321 5478
f 5266 5221 5321
f 5221 5176 5321
f 5266 5321 5442
f 5118 5154 5176
f 5166 5118 5176
f 5166 5176 5221
f 5176 5154 5184
f 5184 5158 5197
f 5154 5158 5184
f 5197 5175 5198
f 5158 5175 5197
f 5495 5579 5567
f 5495 5567 5516
f 5559 5567 5566
f 5559 5516 5567
f 5559 5566 5506
f 5506 5566 5517
f 5486 5554 5576
f 5486 5576 5579
f 5495 5486 5579
f 5486 5487 5554
f 5554 5487 5514
f 5514 5523 5563
f 5514 5472 5523
f 5487 5472 5514
f 4243 4232 4212
f 4212 4220 4243
f 4212 4178 4220
f 4188 4220 4178
f 4188 4178 4151
f 4151 4135 4108
f 4108 4122 4151
f 4151 4178 4135
f 4108 4077 4122
f 4077 4082 4122
f 4018 4082 4077
f 4004 4082 4018
f 4082 4071 4111
f 4004 4071 4082
f 4004 4054 4071
f 4050 3987 4012
f 4012 3987 3963
f 4012 3963 3950
f 3950 3963 3933
f 3950 3933 3879
f 3901 3950 3879
f 3936 3983 3901
f 3936 3901 3894
f 3850 3901 3785
f 3901 3879 3785
f 3894 3901 3850
f 4021 3983 3979
f 3979 3983 3936
f 3996 4021 3979
f 4045 4021 3996
f 4015 4045 3996
f 4085 4062 4022
f 4022 4062 3986
f 4062 4035 3989
f 4062 3989 3986
f 4035 4015 3977
f 3989 4035 3977
f 3977 4015 3965
f 4015 3996 3965
f 4135 4179 4124
f 4135 4178 4179
f 4179 4178 4212
f 4212 4232 4179
f 4099 4085 4022
f 4124 4099 4052
f 4099 4022 4052
f 4080 4124 4052
f 4135 4124 4080
f 4004 3993 4054
f 3993 4037 4054
f 3993 3974 4037
f 3774 3728 3808
f 3728 3727 3808
f 3727 3767 3808
f 3767 3814 3808
f 3814 3844 3859
f 3770 3792 3814
f 3792 3799 3814
f 3814 3799 3844
f 3767 3770 3814
f 3822 3844 3799
f 3872 3844 3822
f 3872 3905 3844
f 3939 3955 3905
f 3939 3905 3872
f 3939 3987 3955
f 3963 3987 3939
f 3925 3942 3974
f 3925 3974 3993
f 3925 3890 3942
f 3942 3902 3949
f 3890 3902 3942
f 3902 3927 3949
f 3902 3892 3927
f 3886 3892 3890
f 3890 3892 3902
f 3870 3845 3892
f 3870 3892 3886
f 3796 3774 3845
f 3737 3728 3774
f 3737 3774 3796
f 3796 3845 3842
f 3842 3845 3870
f 5394 5387 5438
f 5394 5438 5485
f 5391 5357 5378
f 5378 5357 5331
f 5391 5387 5357
f 5391 5438 5387
f 5378 5331 5384
f 5506 5517 5485
f 5485 5438 5506
f 5384 5351 5395
f 5351 5400 5401
f 5395 5351 5401
f 5384 5395 5433
f 5431 5384 5433
f 5378 5384 5431
f 5409 5472 5487
f 5439 5409 5487
f 5401 5400 5444
f 5444 5400 5462
f 5462 5439 5487
f 5486 5462 5487
f 5444 5462 5486
f 5125 5164 5084
f 5135 5163 5150
f 5150 5163 5175
f 5150 5175 5158
f 5135 5150 5136
f 5101 5135 5136
f 5050 5072 5135
f 5050 5135 5101
f 5063 5084 5072
f 5090 5125 5084
f 5063 5090 5084
f 5038 5063 5072
f 5038 5072 5050
f 5097 5125 5090
f 4716 4748 4701
f 4716 4760 4748
f 4753 4760 4716
f 4675 4683 4665
f 4665 4683 4647
f 4620 4675 4665
f 4646 4675 4620
f 4646 4701 4675
f 4716 4701 4685
f 4685 4701 4646
f 4665 4647 4622
f 4622 4647 4605
f 4550 4535 4513
f 4513 4535 4469
f 4567 4550 4513
f 4548 4567 4513
f 4570 4567 4548
f 4605 4567 4570
f 4597 4622 4605
f 4597 4605 4570
f 4593 4566 4612
f 4637 4593 4612
f 4637 4612 4671
f 4637 4671 4693
f 4693 4671 4713
f 4557 4519 4566
f 4557 4566 4593
f 4498 4519 4557
f 4498 4464 4519
f 4434 4464 4498
f 4434 4397 4464
f 4397 4429 4464
f 4397 4354 4429
f 4693 4713 4739
f 4777 4816 4828
f 4828 4816 4857
f 4828 4857 4882
f 4745 4693 4739
f 4745 4739 4777
f 4791 4777 4828
f 4745 4777 4791
f 4260 4283 4247
f 4221 4196 4173
f 4153 4196 4145
f 4173 4196 4153
f 4145 4120 4078
f 4120 4088 4034
f 4078 4120 4034
f 4120 4137 4088
f 4103 4145 4078
f 4153 4145 4103
f 4180 4221 4173
f 4247 4221 4213
f 4213 4221 4180
f 4216 4247 4213
f 4260 4247 4216
f 4412 4447 4399
f 4478 4447 4459
f 4478 4513 4447
f 4513 4469 4447
f 4459 4447 4412
f 4412 4399 4352
f 4214 4204 4250
f 4250 4204 4233
f 4263 4214 4250
f 4233 4204 4199
f 4159 4139 4199
f 4199 4204 4159
f 4231 4214 4263
f 4231 4263 4301
f 4331 4301 4354
f 4273 4301 4331
f 4273 4231 4301
f 4331 4354 4397
f 4114 4088 4137
f 4063 4139 4102
f 4102 4139 4159
f 4114 4139 4063
f 4063 4064 4114
f 4114 4064 4088
f 4849 4828 4882
f 5073 5097 5056
f 5056 5097 5060
f 5097 5090 5060
f 5059 5073 5056
f 4812 4791 4849
f 4791 4828 4849
f 4707 4737 4764
f 4737 4761 4764
f 4764 4761 4812
f 4719 4707 4764
f 4812 4761 4791
f 4725 4689 4719
f 4676 4689 4725
f 4689 4707 4719
f 4716 4694 4753
f 4685 4694 4716
f 4634 4628 4694
f 4634 4694 4685
f 4564 4628 4634
f 4573 4608 4628
f 4608 4676 4628
f 4573 4628 4564
f 4608 4639 4676
f 4676 4639 4689
f 5059 5056 5028
f 5025 5059 5028
f 5937 6058 6011
f 6011 6058 6094
f 5548 5478 5629
f 5662 5629 5751
f 5548 5629 5662
f 5751 5874 5937
f 5836 5751 5937
f 5730 5751 5836
f 5662 5751 5730
f 6011 5836 5937
f 5442 5478 5548
f 5266 5442 5466
f 5466 5442 5548
f 5185 5221 5266
f 5230 5185 5266
f 5230 5266 5306
f 5306 5266 5386
f 5266 5466 5386
f 5185 5166 5221
f 5118 5101 5136
f 5118 5136 5154
f 5134 5098 5118
f 5134 5118 5166
f 5098 5101 5118
f 5154 5150 5158
f 5136 5150 5154
f 5185 5134 5166
f 5495 5431 5486
f 5495 5516 5454
f 5454 5431 5495
f 5454 5516 5461
f 5506 5516 5559
f 5506 5461 5516
f 5438 5461 5506
f 5431 5433 5486
f 5486 5428 5444
f 5433 5428 5486
f 4108 4135 4090
f 4135 4080 4090
f 4066 4077 4108
f 4108 4090 4066
f 4066 4013 4077
f 4018 4077 4013
f 4018 3946 4004
f 4018 4013 3962
f 3962 3946 4018
f 3946 3940 4004
f 3940 3993 4004
f 3939 3933 3963
f 3879 3933 3873
f 3933 3891 3873
f 3939 3891 3933
f 3879 3873 3817
f 3785 3879 3817
f 3899 3936 3894
f 3953 3979 3936
f 3953 3936 3899
f 3899 3894 3850
f 3869 3899 3850
f 3869 3850 3820
f 3850 3785 3800
f 3820 3850 3800
f 3785 3817 3752
f 3785 3752 3695
f 3688 3785 3695
f 3800 3785 3750
f 3750 3785 3688
f 3996 3979 3953
f 3965 3996 3953
f 3931 4022 3986
f 3988 4022 3931
f 4052 4022 3988
f 3931 3986 3911
f 3986 3989 3911
f 3989 3977 3924
f 3911 3989 3924
f 3977 3965 3937
f 3924 3977 3937
f 3937 3965 3917
f 3965 3953 3917
f 4080 4052 4024
f 4024 4052 3988
f 4040 4080 4024
f 4090 4080 4040
f 3940 3925 3993
f 3670 3728 3737
f 3670 3661 3728
f 3661 3727 3728
f 3577 3727 3661
f 3577 3617 3727
f 3727 3617 3691
f 3727 3691 3734
f 3727 3734 3767
f 3734 3770 3767
f 3734 3753 3770
f 3770 3753 3792
f 3792 3788 3799
f 3784 3788 3792
f 3784 3792 3753
f 3822 3799 3788
f 3841 3872 3822
f 3841 3822 3779
f 3779 3822 3788
f 3872 3891 3939
f 3841 3891 3872
f 3863 3925 3940
f 3863 3881 3925
f 3881 3890 3925
f 3866 3870 3890
f 3890 3870 3886
f 3881 3866 3890
f 3842 3870 3866
f 3765 3796 3804
f 3804 3796 3842
f 3765 3737 3796
f 3678 3670 3737
f 3678 3737 3719
f 3719 3737 3765
f 3860 3842 3866
f 3821 3804 3842
f 3821 3842 3860
f 5391 5461 5438
f 5454 5461 5391
f 5391 5378 5454
f 5454 5378 5431
f 5395 5401 5428
f 5433 5395 5428
f 5428 5401 5444
f 5050 5101 5098
f 5089 5050 5098
f 5039 5050 5089
f 5039 5038 5050
f 5018 5063 5038
f 5060 5090 5063
f 5018 5060 5063
f 5008 5018 5038
f 5008 5038 5039
f 4620 4665 4622
f 4597 4646 4620
f 4620 4622 4597
f 4646 4634 4685
f 4597 4634 4646
f 4548 4513 4503
f 4503 4513 4478
f 4503 4527 4548
f 4548 4527 4570
f 4597 4570 4527
f 4597 4527 4520
f 4520 4521 4597
f 4521 4634 4597
f 4606 4557 4593
f 4606 4593 4637
f 4606 4637 4664
f 4664 4637 4693
f 4664 4693 4711
f 4711 4693 4745
f 4546 4557 4606
f 4546 4498 4557
f 4487 4434 4498
f 4487 4498 4546
f 4362 4397 4434
f 4395 4362 4434
f 4395 4434 4456
f 4456 4434 4487
f 4362 4331 4397
f 4711 4745 4761
f 4761 4745 4791
f 4242 4260 4216
f 4180 4173 4141
f 4173 4153 4133
f 4141 4173 4133
f 4133 4153 4103
f 4103 4078 4079
f 4078 4034 3999
f 4029 4078 3999
f 4079 4078 4029
f 4088 4064 4038
f 4034 4088 4038
f 4034 4038 3994
f 4034 3994 3960
f 3999 4034 3960
f 4100 4103 4079
f 4105 4103 4100
f 4106 4103 4105
f 4133 4103 4106
f 4170 4180 4141
f 4170 4213 4180
f 4216 4213 4170
f 4185 4216 4165
f 4165 4216 4170
f 4242 4216 4185
f 4387 4412 4352
f 4459 4412 4387
f 4503 4478 4472
f 4472 4478 4459
f 4401 4459 4387
f 4401 4436 4459
f 4459 4436 4472
f 4158 4144 4214
f 4158 4214 4231
f 4214 4144 4204
f 4159 4204 4144
f 4159 4144 4102
f 4182 4231 4273
f 4182 4158 4231
f 4317 4331 4362
f 4317 4273 4331
f 4210 4182 4273
f 4268 4273 4317
f 4210 4273 4268
f 4036 4063 4102
f 4014 4020 4063
f 4063 4020 4064
f 4036 4014 4063
f 4102 4091 4036
f 4102 4144 4091
f 4038 4064 4020
f 5056 5018 5028
f 5056 5060 5018
f 4689 4680 4707
f 4680 4711 4707
f 4707 4711 4737
f 4737 4711 4761
f 4639 4680 4689
f 4521 4564 4634
f 4573 4564 4455
f 4455 4564 4521
f 4455 4465 4573
f 4530 4536 4573
f 4573 4536 4580
f 4573 4580 4608
f 4465 4530 4573
f 4580 4590 4608
f 4608 4590 4639
f 4610 4649 4639
f 4639 4649 4680
f 4590 4610 4639
f 5003 5025 5028
f 5003 5028 4988
f 4988 5028 5001
f 5028 5018 5001
f 5015 5025 5003
f 5830 5836 6011
f 5873 5830 6011
f 5606 5466 5548
f 5606 5548 5662
f 5606 5662 5730
f 5830 5730 5836
f 5724 5606 5730
f 5724 5730 5830
f 5500 5466 5606
f 5386 5466 5500
f 5168 5120 5185
f 5120 5134 5185
f 5168 5185 5230
f 5278 5230 5306
f 5224 5168 5230
f 5224 5230 5278
f 5278 5306 5451
f 5451 5306 5386
f 5451 5386 5500
f 5120 5089 5134
f 5089 5098 5134
f 4066 4090 4040
f 4011 4013 4066
f 4066 4040 4011
f 3973 4013 4011
f 3962 4013 3944
f 3944 4013 3973
f 3915 3946 3962
f 3865 3946 3915
f 3865 3882 3946
f 3882 3940 3946
f 3944 3915 3962
f 3882 3863 3940
f 3873 3891 3841
f 3817 3873 3841
f 3817 3841 3779
f 3817 3779 3752
f 3917 3953 3899
f 3917 3899 3869
f 3832 3869 3820
f 3888 3917 3869
f 3888 3869 3832
f 3832 3820 3786
f 3820 3800 3761
f 3786 3820 3761
f 3761 3800 3750
f 3752 3779 3717
f 3683 3752 3717
f 3695 3752 3683
f 3688 3695 3638
f 3695 3683 3631
f 3638 3695 3631
f 3688 3638 3606
f 3644 3688 3606
f 3690 3716 3688
f 3716 3750 3688
f 3690 3688 3644
f 3761 3750 3716
f 3931 3911 3839
f 3864 3931 3839
f 3918 3988 3931
f 3918 3931 3864
f 3972 3988 3918
f 3972 4024 3988
f 3911 3855 3834
f 3911 3924 3855
f 3839 3911 3834
f 3924 3888 3855
f 3924 3937 3888
f 3937 3917 3888
f 4040 4024 3972
f 4011 4040 3972
f 3616 3573 3670
f 3616 3670 3678
f 3573 3661 3670
f 3573 3577 3661
f 3492 3577 3539
f 3492 3494 3577
f 3494 3561 3577
f 3577 3561 3617
f 3539 3577 3573
f 3561 3615 3617
f 3617 3615 3632
f 3632 3653 3617
f 3617 3653 3691
f 3691 3707 3734
f 3691 3653 3681
f 3691 3681 3707
f 3707 3709 3734
f 3734 3709 3753
f 3784 3753 3742
f 3742 3753 3709
f 3779 3788 3763
f 3784 3763 3788
f 3742 3763 3784
f 3779 3763 3717
f 3794 3863 3882
f 3778 3858 3863
f 3858 3881 3863
f 3794 3778 3863
f 3858 3866 3881
f 3860 3866 3858
f 3719 3765 3766
f 3766 3765 3804
f 3766 3804 3821
f 3616 3678 3664
f 3664 3678 3719
f 3680 3664 3719
f 3680 3719 3724
f 3724 3719 3766
f 3858 3821 3860
f 3778 3766 3821
f 3778 3821 3858
f 5074 5039 5089
f 5074 5089 5120
f 5032 5039 5074
f 5032 5008 5039
f 5001 5018 5008
f 4997 5001 5008
f 4997 5008 5032
f 4486 4527 4503
f 4486 4503 4472
f 4520 4527 4486
f 4458 4521 4520
f 4458 4520 4486
f 4455 4521 4433
f 4458 4433 4521
f 4598 4606 4649
f 4649 4606 4664
f 4598 4546 4606
f 4680 4649 4664
f 4680 4664 4711
f 4502 4487 4546
f 4502 4546 4571
f 4571 4546 4598
f 4456 4487 4502
f 4388 4362 4395
f 4346 4362 4388
f 4346 4317 4362
f 4388 4395 4432
f 4432 4395 4456
f 4489 4432 4456
f 4489 4456 4502
f 4272 4242 4185
f 4110 4170 4141
f 4110 4141 4105
f 4141 4133 4106
f 4141 4106 4105
f 4100 4079 4057
f 4057 4079 4029
f 4029 3999 3966
f 3966 3999 3921
f 3999 3960 3921
f 4057 4029 4026
f 4026 4029 3992
f 3992 4029 3966
f 4038 4020 3994
f 3994 4020 3981
f 3994 3981 3935
f 3960 3994 3935
f 3921 3960 3884
f 3960 3935 3884
f 4073 4100 4057
f 4105 4100 4073
f 4110 4105 4073
f 4165 4170 4110
f 4185 4165 4132
f 4205 4272 4185
f 4205 4185 4123
f 4123 4185 4132
f 4132 4165 4110
f 4486 4472 4458
f 4458 4472 4436
f 4401 4358 4415
f 4415 4436 4401
f 4458 4436 4415
f 4182 4087 4158
f 4087 4104 4158
f 4104 4144 4158
f 4104 4091 4144
f 4118 4182 4210
f 4118 4087 4182
f 4302 4268 4317
f 4302 4317 4346
f 4169 4210 4236
f 4236 4210 4268
f 4118 4210 4169
f 4236 4268 4302
f 4017 3970 4036
f 4017 4036 4053
f 4036 4091 4053
f 4036 3991 4014
f 3970 3991 4036
f 4014 3991 3971
f 3971 3981 4014
f 4014 3981 4020
f 4053 4091 4104
f 4386 4455 4348
f 4386 4465 4455
f 4348 4455 4433
f 4402 4419 4465
f 4465 4419 4473
f 4465 4473 4530
f 4386 4402 4465
f 4473 4489 4530
f 4530 4489 4536
f 4536 4502 4555
f 4536 4555 4580
f 4489 4502 4536
f 4580 4555 4590
f 4555 4571 4590
f 4590 4571 4610
f 4571 4598 4610
f 4610 4598 4649
f 4985 5003 4988
f 5000 5003 4985
f 5015 5003 5000
f 4985 4988 4990
f 4988 5001 4989
f 4990 4988 4989
f 4989 5001 4997
f 5013 5015 5000
f 5724 5830 5873
f 5451 5500 5535
f 5202 5168 5224
f 5153 5168 5202
f 5129 5120 5168
f 5153 5129 5168
f 5257 5278 5451
f 5257 5224 5278
f 5257 5202 5224
f 5425 5451 5502
f 5257 5451 5425
f 4011 3972 3973
f 3944 3973 3945
f 3973 3972 3945
f 3945 3904 3944
f 3944 3904 3876
f 3876 3915 3944
f 3876 3865 3915
f 3837 3882 3865
f 3837 3865 3828
f 3876 3828 3865
f 3794 3882 3837
f 3793 3832 3786
f 3855 3888 3832
f 3855 3832 3793
f 3793 3786 3738
f 3786 3761 3733
f 3738 3786 3733
f 3733 3761 3716
f 3683 3717 3689
f 3742 3709 3717
f 3717 3709 3702
f 3717 3702 3689
f 3717 3763 3742
f 3683 3689 3655
f 3683 3655 3626
f 3631 3683 3626
f 3638 3631 3556
f 3606 3638 3556
f 3631 3626 3568
f 3556 3631 3568
f 3598 3644 3606
f 3598 3606 3516
f 3516 3606 3556
f 3645 3690 3644
f 3645 3644 3598
f 3686 3690 3645
f 3708 3690 3686
f 3708 3733 3690
f 3733 3716 3690
f 3864 3839 3790
f 3739 3839 3771
f 3839 3834 3771
f 3790 3839 3739
f 3852 3864 3790
f 3852 3918 3864
f 3895 3918 3852
f 3972 3918 3895
f 3916 3972 3895
f 3945 3972 3916
f 3834 3855 3803
f 3803 3855 3793
f 3834 3803 3771
f 3585 3559 3616
f 3559 3573 3616
f 3627 3616 3664
f 3585 3616 3627
f 3559 3539 3573
f 3437 3447 3492
f 3437 3492 3509
f 3509 3492 3539
f 3447 3494 3492
f 3509 3539 3559
f 3493 3561 3494
f 3494 3460 3493
f 3447 3429 3494
f 3429 3460 3494
f 3561 3514 3555
f 3555 3569 3561
f 3561 3569 3615
f 3493 3514 3561
f 3615 3628 3632
f 3569 3594 3615
f 3615 3594 3628
f 3628 3653 3632
f 3660 3653 3628
f 3660 3681 3653
f 3707 3702 3709
f 3698 3702 3707
f 3698 3707 3681
f 3698 3681 3660
f 3805 3794 3837
f 3748 3730 3794
f 3730 3746 3794
f 3794 3746 3778
f 3805 3748 3794
f 3746 3745 3778
f 3745 3766 3778
f 3724 3766 3745
f 3627 3664 3680
f 3650 3627 3680
f 3720 3680 3724
f 3650 3680 3720
f 3720 3724 3725
f 3724 3745 3725
f 5033 5032 5070
f 5033 4997 5032
f 5005 4989 4997
f 5005 4997 5033
f 4415 4392 4458
f 4392 4433 4458
f 4348 4433 4392
f 4555 4502 4571
f 4376 4346 4388
f 4376 4388 4414
f 4414 4388 4432
f 4337 4302 4346
f 4337 4346 4376
f 4414 4432 4444
f 4444 4432 4489
f 4444 4489 4473
f 4287 4272 4205
f 4072 4110 4073
f 4132 4110 4081
f 4081 4110 4072
f 4039 4057 4026
f 4073 4057 4039
f 3966 3921 3913
f 3932 3966 3913
f 3992 3966 3932
f 3921 3884 3836
f 3871 3921 3836
f 3913 3921 3871
f 4007 4026 3992
f 4039 4026 4007
f 4007 3992 3958
f 3958 3992 3932
f 3935 3981 3948
f 3971 3948 3981
f 3884 3935 3861
f 3935 3948 3910
f 3935 3910 3861
f 3884 3861 3789
f 3836 3884 3789
f 4072 4073 4019
f 4019 4073 4039
f 4123 4132 4081
f 4092 4205 4123
f 4167 4205 4092
f 4248 4205 4167
f 4248 4287 4205
f 4043 4123 4081
f 4092 4123 4043
f 4358 4323 4392
f 4358 4392 4415
f 4087 4017 4053
f 4006 4017 4087
f 4087 4053 4104
f 4041 4087 4118
f 4041 4006 4087
f 4113 4118 4169
f 4059 4118 4113
f 4059 4041 4118
f 4285 4236 4302
f 4321 4302 4337
f 4285 4302 4321
f 4146 4169 4166
f 4166 4169 4211
f 4211 4169 4236
f 4146 4113 4169
f 4245 4236 4285
f 4211 4236 4245
f 3952 3970 4017
f 4006 3952 4017
f 3906 3898 3970
f 3952 3906 3970
f 3970 3956 3991
f 3970 3898 3956
f 3971 3991 3956
f 3926 3948 3971
f 3971 3956 3926
f 4310 4344 4386
f 4348 4310 4386
f 4344 4402 4386
f 4348 4392 4323
f 4348 4323 4229
f 4252 4348 4229
f 4252 4310 4348
f 4344 4349 4402
f 4349 4360 4402
f 4402 4360 4419
f 4419 4376 4414
f 4419 4414 4444
f 4419 4444 4473
f 4360 4376 4419
f 5004 5000 4985
f 5004 4985 5010
f 5010 4985 4990
f 5013 5000 5004
f 5010 4990 5030
f 5030 4990 5005
f 4990 4989 5005
f 5021 5013 5004
f 5024 5013 5021
f 5190 5153 5202
f 5190 5202 5257
f 5122 5153 5190
f 5190 5257 5254
f 5324 5257 5425
f 5254 5257 5324
f 5324 5425 5414
f 3916 3904 3945
f 3876 3904 3856
f 3856 3904 3877
f 3877 3904 3916
f 3815 3828 3876
f 3856 3815 3876
f 3837 3828 3805
f 3805 3828 3780
f 3780 3828 3815
f 3735 3793 3738
f 3803 3793 3735
f 3735 3738 3696
f 3738 3733 3708
f 3696 3738 3708
f 3689 3702 3672
f 3689 3672 3655
f 3698 3672 3702
f 3655 3672 3625
f 3655 3625 3622
f 3626 3655 3622
f 3626 3622 3592
f 3568 3626 3592
f 3483 3556 3568
f 3430 3556 3483
f 3516 3556 3430
f 3483 3568 3475
f 3568 3592 3537
f 3568 3537 3475
f 3546 3598 3516
f 3600 3645 3598
f 3600 3598 3546
f 3496 3546 3516
f 3496 3516 3464
f 3464 3516 3430
f 3646 3645 3600
f 3646 3686 3645
f 3696 3708 3686
f 3696 3686 3646
f 3802 3852 3790
f 3744 3802 3790
f 3744 3790 3706
f 3790 3739 3706
f 3706 3739 3669
f 3739 3677 3669
f 3739 3771 3677
f 3771 3803 3735
f 3771 3735 3677
f 3895 3852 3849
f 3849 3852 3802
f 3877 3895 3849
f 3916 3895 3877
f 3564 3585 3607
f 3607 3585 3627
f 3557 3559 3585
f 3564 3557 3585
f 3521 3509 3559
f 3521 3559 3557
f 3607 3627 3650
f 3351 3330 3437
f 3351 3437 3463
f 3330 3384 3437
f 3384 3447 3437
f 3463 3437 3509
f 3356 3429 3447
f 3384 3356 3447
f 3463 3509 3521
f 3460 3462 3493
f 3493 3462 3514
f 3413 3419 3460
f 3429 3413 3460
f 3460 3419 3462
f 3353 3413 3429
f 3356 3353 3429
f 3462 3476 3514
f 3514 3476 3506
f 3514 3506 3533
f 3514 3533 3555
f 3555 3533 3569
f 3569 3543 3594
f 3533 3543 3569
f 3628 3622 3625
f 3612 3622 3628
f 3612 3628 3594
f 3628 3625 3660
f 3612 3594 3572
f 3572 3594 3543
f 3660 3672 3698
f 3660 3625 3672
f 3780 3748 3805
f 3704 3748 3780
f 3674 3730 3748
f 3674 3748 3704
f 3651 3720 3730
f 3674 3651 3730
f 3730 3720 3746
f 3720 3725 3746
f 3746 3725 3745
f 3602 3650 3651
f 3651 3650 3720
f 3602 3607 3650
f 5058 5033 5070
f 5030 5033 5058
f 5030 5005 5033
f 5058 5070 5085
f 4360 4337 4376
f 4321 4337 4360
f 4072 4019 4048
f 4081 4072 4048
f 4081 4048 4043
f 4019 4039 4007
f 3932 3913 3874
f 3874 3913 3871
f 3958 3932 3887
f 3887 3932 3874
f 3827 3836 3783
f 3783 3836 3768
f 3836 3789 3768
f 3871 3836 3827
f 3874 3871 3846
f 3846 3871 3827
f 4019 4007 3967
f 3967 4007 3958
f 3967 3958 3887
f 3926 3910 3948
f 3789 3861 3797
f 3861 3910 3880
f 3880 3819 3861
f 3861 3819 3797
f 3880 3910 3926
f 3768 3789 3693
f 3789 3797 3747
f 3789 3747 3712
f 3693 3789 3712
f 4048 4019 3982
f 3982 4019 3967
f 4167 4092 4109
f 4109 4092 4065
f 4065 4092 4028
f 4092 4043 4008
f 4028 4092 4008
f 4171 4167 4109
f 4222 4167 4171
f 4222 4248 4167
f 4282 4248 4222
f 4008 4043 3959
f 4043 4002 3959
f 4043 4048 4002
f 3903 3952 4006
f 3969 3903 4006
f 3969 4006 4041
f 4003 3969 4041
f 4003 4041 4059
f 4084 4059 4113
f 4084 4113 4127
f 4127 4113 4146
f 4047 4003 4059
f 4047 4059 4084
f 4253 4245 4285
f 4253 4285 4311
f 4311 4285 4321
f 4311 4321 4349
f 4349 4321 4360
f 4149 4127 4146
f 4149 4146 4166
f 4149 4166 4198
f 4198 4166 4211
f 4198 4211 4253
f 4253 4211 4245
f 3903 3875 3952
f 3875 3906 3952
f 3835 3898 3906
f 3875 3835 3906
f 3830 3898 3835
f 3926 3956 3898
f 3926 3898 3880
f 3880 3898 3830
f 4249 4310 4252
f 4249 4295 4310
f 4310 4295 4344
f 4344 4311 4349
f 4295 4311 4344
f 4252 4229 4172
f 4217 4229 4277
f 4217 4207 4229
f 4172 4229 4207
f 4172 4249 4252
f 5026 5004 5010
f 5021 5004 5026
f 5010 5030 5031
f 5042 5010 5031
f 5026 5010 5042
f 5031 5030 5058
f 5024 5021 5045
f 5045 5021 5046
f 5021 5026 5046
f 5244 5190 5254
f 5096 5085 5122
f 5096 5122 5138
f 5244 5254 5317
f 5317 5254 5324
f 3856 3877 3843
f 3856 3843 3824
f 3824 3815 3856
f 3877 3849 3843
f 3781 3815 3824
f 3781 3764 3815
f 3780 3815 3764
f 3780 3764 3723
f 3723 3704 3780
f 3735 3696 3657
f 3677 3735 3657
f 3657 3696 3646
f 3592 3622 3612
f 3592 3612 3572
f 3592 3572 3537
f 3483 3475 3367
f 3355 3483 3367
f 3430 3483 3355
f 3373 3430 3355
f 3421 3430 3373
f 3464 3430 3421
f 3475 3491 3388
f 3475 3537 3491
f 3367 3475 3388
f 3537 3572 3542
f 3537 3542 3535
f 3491 3537 3535
f 3567 3546 3518
f 3567 3600 3546
f 3518 3546 3496
f 3601 3600 3567
f 3646 3600 3601
f 3470 3496 3464
f 3470 3518 3496
f 3470 3464 3421
f 3597 3646 3601
f 3657 3646 3597
f 3811 3802 3757
f 3811 3849 3802
f 3757 3802 3744
f 3713 3744 3706
f 3713 3757 3744
f 3713 3706 3652
f 3642 3706 3669
f 3652 3706 3642
f 3642 3669 3595
f 3669 3677 3595
f 3677 3657 3591
f 3595 3677 3591
f 3843 3849 3811
f 3558 3557 3564
f 3558 3564 3602
f 3602 3564 3607
f 3551 3557 3558
f 3551 3521 3557
f 3463 3521 3498
f 3498 3521 3551
f 3266 3330 3351
f 3266 3351 3292
f 3292 3351 3369
f 3369 3351 3414
f 3351 3463 3414
f 3266 3190 3330
f 3307 3384 3330
f 3190 3307 3330
f 3414 3463 3453
f 3453 3463 3498
f 3307 3356 3384
f 3356 3344 3353
f 3307 3299 3356
f 3299 3316 3356
f 3356 3316 3344
f 3462 3469 3476
f 3456 3469 3462
f 3456 3462 3419
f 3413 3411 3419
f 3353 3405 3413
f 3405 3411 3413
f 3456 3419 3411
f 3344 3354 3353
f 3353 3354 3405
f 3499 3506 3476
f 3499 3476 3469
f 3499 3533 3506
f 3533 3542 3543
f 3535 3533 3499
f 3535 3542 3533
f 3572 3543 3542
f 3604 3704 3654
f 3674 3704 3604
f 3654 3704 3723
f 3590 3674 3604
f 3590 3651 3674
f 3590 3580 3651
f 3580 3602 3651
f 3580 3558 3602
f 5096 5058 5085
f 5069 5031 5058
f 5069 5058 5096
f 4002 4048 3982
f 3840 3874 3846
f 3887 3874 3840
f 3967 3887 3919
f 3919 3887 3840
f 3846 3827 3810
f 3810 3827 3783
f 3776 3783 3740
f 3740 3783 3732
f 3783 3768 3732
f 3810 3783 3776
f 3732 3768 3693
f 3840 3846 3810
f 3982 3967 3919
f 3797 3819 3756
f 3797 3756 3747
f 3830 3819 3880
f 3830 3791 3819
f 3819 3791 3756
f 3732 3693 3673
f 3673 3693 3619
f 3693 3668 3619
f 3693 3712 3668
f 3712 3747 3699
f 3747 3756 3699
f 3712 3699 3662
f 3712 3662 3668
f 4002 3982 3922
f 3922 3982 3919
f 4155 4171 4109
f 4155 4109 4112
f 4112 4109 4075
f 4075 4109 4065
f 4075 4065 4049
f 4049 4065 3997
f 4065 4028 3997
f 3997 4028 3976
f 4028 4008 3976
f 3976 4008 3929
f 4008 3959 3929
f 4202 4171 4155
f 4202 4222 4171
f 4222 4246 4282
f 4202 4246 4222
f 4277 4282 4246
f 3959 4002 3922
f 3959 3922 3853
f 3929 3959 3853
f 3903 3807 3875
f 3885 3903 3969
f 3826 3807 3903
f 3885 3826 3903
f 3947 3969 4003
f 3947 3885 3969
f 3975 3954 4003
f 3975 4003 4016
f 4016 4003 4047
f 3954 3947 4003
f 4070 4047 4084
f 4033 4016 4047
f 4033 4047 4070
f 4198 4253 4249
f 4295 4253 4311
f 4249 4253 4295
f 4249 4181 4198
f 3807 3835 3875
f 3807 3759 3835
f 3835 3798 3830
f 3759 3798 3835
f 3798 3791 3830
f 4172 4181 4249
f 4076 4152 4172
f 4117 4076 4172
f 4172 4174 4117
f 4172 4207 4174
f 4172 4152 4181
f 4277 4246 4217
f 4202 4176 4217
f 4176 4174 4217
f 4217 4174 4207
f 4217 4246 4202
f 5046 5026 5042
f 5042 5031 5069
f 5046 5042 5078
f 5078 5042 5079
f 5042 5069 5079
f 5045 5046 5092
f 5092 5046 5078
f 5103 5069 5096
f 5103 5096 5138
f 5103 5138 5169
f 3824 3843 3811
f 3824 3811 3781
f 3749 3764 3781
f 3781 3811 3757
f 3781 3757 3749
f 3723 3764 3729
f 3729 3764 3749
f 3694 3723 3729
f 3654 3723 3694
f 3591 3657 3597
f 3355 3367 3305
f 3367 3317 3234
f 3367 3388 3317
f 3305 3367 3234
f 3355 3305 3295
f 3319 3355 3295
f 3347 3373 3355
f 3347 3355 3319
f 3382 3373 3347
f 3382 3421 3373
f 3431 3470 3421
f 3431 3421 3386
f 3386 3421 3382
f 3491 3535 3499
f 3491 3499 3469
f 3491 3469 3432
f 3388 3491 3432
f 3388 3432 3392
f 3388 3392 3350
f 3388 3350 3315
f 3317 3388 3315
f 3517 3567 3518
f 3597 3601 3567
f 3597 3567 3517
f 3517 3518 3470
f 3466 3517 3470
f 3466 3470 3431
f 3591 3597 3517
f 3722 3757 3713
f 3749 3757 3722
f 3652 3684 3713
f 3713 3684 3722
f 3652 3642 3587
f 3623 3652 3587
f 3623 3684 3652
f 3587 3642 3570
f 3642 3595 3570
f 3595 3591 3500
f 3507 3595 3500
f 3570 3595 3507
f 3500 3591 3517
f 3538 3525 3558
f 3538 3558 3580
f 3525 3551 3558
f 3525 3498 3551
f 3453 3498 3482
f 3482 3498 3525
f 3188 3190 3266
f 3219 3188 3266
f 3219 3266 3261
f 3261 3266 3292
f 3287 3261 3292
f 3287 3292 3300
f 3300 3292 3366
f 3292 3369 3366
f 3369 3414 3404
f 3369 3404 3380
f 3366 3369 3380
f 3404 3414 3453
f 3095 3102 3190
f 3095 3190 3188
f 3102 3307 3190
f 3263 3299 3307
f 3307 3199 3263
f 3102 3199 3307
f 3440 3404 3453
f 3440 3453 3482
f 3316 3320 3344
f 3344 3320 3345
f 3344 3345 3354
f 3263 3233 3299
f 3299 3279 3316
f 3233 3279 3299
f 3279 3320 3316
f 3456 3432 3469
f 3411 3432 3456
f 3405 3359 3411
f 3392 3411 3359
f 3392 3432 3411
f 3354 3359 3405
f 3354 3350 3359
f 3345 3350 3354
f 3574 3604 3654
f 3523 3590 3604
f 3523 3604 3574
f 3574 3654 3605
f 3654 3656 3605
f 3654 3694 3656
f 3523 3505 3590
f 3505 3536 3590
f 3536 3580 3590
f 3536 3538 3580
f 5079 5069 5103
f 3831 3919 3840
f 3831 3840 3772
f 3772 3840 3787
f 3840 3810 3787
f 3922 3919 3831
f 3787 3810 3776
f 3787 3776 3740
f 3772 3787 3740
f 3740 3732 3697
f 3740 3697 3676
f 3772 3740 3676
f 3697 3732 3673
f 3756 3700 3699
f 3754 3700 3756
f 3756 3791 3754
f 3754 3791 3798
f 3697 3673 3659
f 3659 3673 3633
f 3673 3619 3633
f 3668 3571 3619
f 3619 3571 3526
f 3581 3619 3526
f 3633 3619 3581
f 3662 3599 3668
f 3668 3599 3571
f 3662 3699 3666
f 3699 3700 3666
f 3662 3666 3609
f 3609 3599 3662
f 3853 3922 3812
f 3922 3831 3812
f 4155 4117 4176
f 4155 4176 4202
f 4112 4117 4155
f 4075 4117 4112
f 4075 4067 4117
f 4049 4067 4075
f 4049 3997 4001
f 4001 4025 4049
f 4049 4025 4067
f 4001 3997 3995
f 3976 3929 3909
f 3934 3976 3909
f 3909 3929 3854
f 3807 3705 3759
f 3758 3705 3807
f 3826 3758 3807
f 3816 3826 3885
f 3851 3816 3885
f 3851 3885 3900
f 3900 3885 3947
f 3751 3758 3826
f 3816 3751 3826
f 3900 3947 3954
f 3928 3954 3975
f 3964 3928 3975
f 4005 3975 4016
f 3964 3975 4005
f 3928 3900 3954
f 4005 4016 4033
f 4027 4005 4033
f 3705 3710 3759
f 3759 3754 3798
f 3759 3721 3754
f 3759 3710 3721
f 4025 3984 4076
f 4025 4076 4067
f 4067 4076 4117
f 3984 3998 4076
f 4117 4174 4176
f 5108 5092 5078
f 5108 5078 5100
f 5100 5078 5079
f 5100 5079 5103
f 5132 5103 5169
f 5100 5103 5132
f 3729 3749 3722
f 3729 3722 3694
f 3694 3684 3656
f 3694 3722 3684
f 3257 3305 3234
f 3295 3305 3257
f 3265 3317 3315
f 3234 3317 3265
f 3101 3234 3104
f 3104 3234 3265
f 3133 3234 3101
f 3234 3200 3257
f 3133 3200 3234
f 3319 3295 3283
f 3256 3295 3257
f 3283 3295 3256
f 3318 3319 3283
f 3318 3347 3319
f 3371 3347 3318
f 3371 3382 3347
f 3377 3382 3371
f 3386 3382 3377
f 3425 3431 3386
f 3425 3466 3431
f 3425 3386 3377
f 3392 3359 3350
f 3313 3350 3345
f 3315 3350 3313
f 3265 3315 3249
f 3249 3315 3313
f 3500 3517 3466
f 3500 3466 3425
f 3656 3684 3623
f 3495 3587 3504
f 3587 3570 3504
f 3623 3587 3544
f 3544 3587 3495
f 3605 3623 3544
f 3605 3656 3623
f 3570 3507 3504
f 3507 3500 3435
f 3500 3425 3435
f 3441 3507 3435
f 3504 3507 3441
f 3536 3512 3538
f 3512 3525 3538
f 3482 3525 3512
f 3440 3482 3484
f 3484 3482 3512
f 3095 3188 3154
f 3154 3188 3219
f 3204 3154 3219
f 3204 3219 3246
f 3246 3219 3261
f 3246 3261 3287
f 3243 3246 3287
f 3287 3300 3303
f 3303 3243 3287
f 3300 3366 3375
f 3346 3300 3375
f 3303 3300 3346
f 3366 3380 3375
f 3402 3404 3440
f 3383 3404 3402
f 3383 3380 3404
f 3375 3380 3383
f 3046 3095 3093
f 3093 3095 3136
f 2991 3013 3095
f 3013 3102 3095
f 3136 3095 3154
f 2991 3095 3046
f 3105 3199 3102
f 3063 3105 3102
f 3043 3063 3102
f 3018 3043 3102
f 3013 3018 3102
f 3263 3221 3233
f 3199 3221 3263
f 3155 3221 3199
f 3105 3155 3199
f 3445 3440 3484
f 3400 3402 3440
f 3400 3440 3445
f 3313 3345 3320
f 3313 3320 3279
f 3231 3279 3233
f 3221 3231 3233
f 3313 3279 3231
f 3529 3574 3605
f 3529 3502 3574
f 3502 3523 3574
f 3439 3443 3523
f 3439 3523 3502
f 3523 3443 3505
f 3605 3544 3529
f 3445 3505 3443
f 3445 3484 3505
f 3505 3484 3536
f 3484 3512 3536
f 3812 3831 3773
f 3831 3772 3773
f 3773 3772 3715
f 3715 3772 3676
f 3676 3697 3659
f 3676 3659 3643
f 3663 3639 3700
f 3663 3700 3721
f 3721 3700 3754
f 3666 3700 3639
f 3659 3633 3610
f 3643 3659 3610
f 3610 3633 3581
f 3571 3599 3510
f 3571 3510 3486
f 3526 3571 3486
f 3581 3526 3528
f 3528 3526 3477
f 3477 3526 3459
f 3526 3486 3459
f 3549 3581 3528
f 3549 3610 3581
f 3522 3510 3599
f 3522 3599 3609
f 3666 3639 3609
f 3609 3566 3522
f 3609 3639 3566
f 3812 3773 3715
f 4001 3995 4025
f 3995 3984 4025
f 3968 3984 3995
f 3934 3909 3893
f 3893 3909 3862
f 3862 3909 3854
f 3893 3908 3934
f 3934 3908 3951
f 3862 3854 3825
f 3825 3854 3801
f 3648 3624 3705
f 3648 3705 3687
f 3663 3710 3705
f 3687 3705 3758
f 3624 3663 3705
f 3751 3687 3758
f 3795 3816 3851
f 3760 3751 3816
f 3795 3760 3816
f 3847 3851 3900
f 3847 3795 3851
f 3878 3900 3928
f 3878 3847 3900
f 3679 3687 3751
f 3701 3679 3751
f 3701 3751 3760
f 3897 3878 3928
f 3897 3928 3930
f 3930 3928 3964
f 3938 3930 3964
f 3938 3964 4000
f 4000 3964 4005
f 4000 4005 4027
f 3721 3710 3663
f 3907 3998 3984
f 3923 3907 3984
f 3923 3984 3968
f 3907 3920 3998
f 3998 3920 4000
f 5108 5100 5132
f 3218 3257 3200
f 3256 3257 3218
f 3144 3265 3249
f 3104 3265 3144
f 3011 3101 3104
f 3079 3133 3101
f 3079 3101 3011
f 3011 3104 2952
f 2952 3104 3053
f 3104 3144 3053
f 3073 3133 3079
f 3153 3133 3073
f 3153 3174 3133
f 3174 3200 3133
f 3218 3200 3174
f 3274 3318 3283
f 3274 3283 3215
f 3215 3283 3256
f 3215 3256 3218
f 3334 3318 3274
f 3334 3371 3318
f 3377 3371 3334
f 3360 3425 3377
f 3360 3377 3334
f 3435 3425 3360
f 3249 3313 3231
f 3144 3249 3176
f 3249 3231 3176
f 3481 3495 3438
f 3438 3495 3444
f 3495 3504 3444
f 3481 3544 3495
f 3444 3504 3441
f 3488 3544 3481
f 3529 3544 3488
f 3441 3435 3381
f 3381 3435 3360
f 3441 3381 3385
f 3444 3441 3385
f 3136 3154 3141
f 3141 3154 3151
f 3151 3154 3204
f 3187 3151 3204
f 3243 3204 3246
f 3187 3204 3243
f 3235 3187 3243
f 3235 3243 3303
f 3282 3235 3303
f 3303 3374 3282
f 3303 3346 3374
f 3375 3383 3402
f 3375 3402 3400
f 3346 3375 3400
f 3374 3346 3400
f 3004 2991 3046
f 3004 3046 3051
f 3051 3046 3093
f 3093 3136 3141
f 3086 3093 3141
f 3051 3093 3086
f 2895 2991 3004
f 2898 3013 2991
f 2898 2991 2895
f 2898 2945 3013
f 3013 2945 3018
f 3097 3108 3105
f 3105 3108 3111
f 3105 3111 3155
f 3097 3105 3063
f 2996 3049 3063
f 3063 3049 3097
f 3043 2996 3063
f 3018 2975 3043
f 2975 2996 3043
f 2945 2975 3018
f 3140 3221 3155
f 3171 3221 3140
f 3180 3221 3171
f 3180 3231 3221
f 3140 3155 3111
f 3374 3400 3445
f 3374 3445 3443
f 3176 3231 3180
f 3468 3502 3529
f 3529 3488 3468
f 3468 3439 3502
f 3368 3439 3372
f 3368 3443 3439
f 3403 3439 3468
f 3372 3439 3403
f 3374 3443 3368
f 3643 3610 3588
f 3618 3643 3588
f 3663 3608 3639
f 3624 3608 3663
f 3639 3608 3566
f 3588 3610 3549
f 3461 3510 3422
f 3522 3422 3510
f 3486 3510 3461
f 3486 3461 3459
f 3511 3528 3477
f 3549 3528 3511
f 3511 3477 3472
f 3472 3477 3389
f 3477 3459 3396
f 3477 3396 3389
f 3396 3459 3393
f 3459 3410 3393
f 3459 3461 3410
f 3588 3549 3530
f 3530 3549 3511
f 3522 3566 3487
f 3487 3450 3522
f 3522 3450 3422
f 3566 3532 3487
f 3566 3608 3532
f 3968 3951 3923
f 3893 3868 3908
f 3862 3868 3893
f 3862 3833 3868
f 3825 3833 3862
f 3923 3951 3908
f 3923 3908 3883
f 3883 3908 3868
f 3806 3833 3825
f 3648 3584 3624
f 3679 3648 3687
f 3614 3648 3679
f 3614 3584 3648
f 3584 3548 3624
f 3548 3608 3624
f 3714 3760 3795
f 3755 3714 3795
f 3755 3795 3809
f 3809 3795 3847
f 3714 3701 3760
f 3829 3809 3847
f 3829 3847 3878
f 3857 3829 3878
f 3857 3878 3897
f 3658 3679 3701
f 3614 3679 3658
f 3665 3658 3701
f 3714 3665 3701
f 3938 3897 3930
f 3889 3897 3938
f 3889 3857 3897
f 3920 3938 4000
f 3920 3889 3938
f 3818 3920 3907
f 3883 3907 3923
f 3883 3823 3907
f 3823 3818 3907
f 3848 3889 3920
f 3818 3848 3920
f 3153 3218 3174
f 3211 3218 3153
f 3211 3215 3218
f 3144 3176 3132
f 3144 3132 3047
f 3053 3144 3047
f 2988 3011 2931
f 2931 3011 2952
f 3073 3079 3011
f 2988 3073 3011
f 2931 2952 2851
f 2851 2952 2878
f 2878 2952 3053
f 3053 3047 3019
f 3053 3019 2959
f 3053 2959 2890
f 2878 3053 2890
f 3106 3153 3073
f 3050 3106 3073
f 3050 3073 2988
f 3158 3153 3106
f 3158 3175 3153
f 3175 3211 3153
f 3232 3274 3215
f 3220 3274 3232
f 3296 3274 3220
f 3296 3334 3274
f 3232 3215 3220
f 3220 3215 3211
f 3360 3334 3296
f 3293 3360 3296
f 3381 3360 3293
f 3171 3176 3180
f 3132 3176 3171
f 3449 3481 3438
f 3449 3488 3481
f 3449 3438 3408
f 3408 3438 3420
f 3438 3444 3420
f 3420 3444 3385
f 3468 3488 3449
f 3310 3381 3293
f 3385 3381 3310
f 3420 3385 3331
f 3385 3310 3308
f 3331 3385 3308
f 3141 3151 3187
f 3156 3141 3187
f 3086 3141 3156
f 3178 3187 3235
f 3156 3187 3178
f 3178 3235 3186
f 3186 3235 3282
f 3193 3186 3282
f 3193 3282 3289
f 3289 3282 3368
f 3282 3374 3368
f 2984 2895 3004
f 3038 3004 3051
f 2984 3004 3038
f 3038 3051 3048
f 3048 3051 3086
f 3048 3086 3090
f 3090 3086 3134
f 3134 3086 3156
f 2873 2895 2887
f 2887 2895 2984
f 2838 2898 2895
f 2838 2895 2873
f 2752 2687 2898
f 2752 2898 2838
f 2687 2777 2898
f 2777 2837 2898
f 2837 2945 2898
f 2846 2855 2945
f 2945 2855 2912
f 2945 2912 2975
f 2837 2846 2945
f 3097 3049 3081
f 3097 3081 3108
f 3140 3111 3108
f 3081 3140 3108
f 2975 2927 2996
f 2951 2996 2927
f 2995 2996 2951
f 2995 3049 2996
f 3042 3081 3049
f 3042 3049 2995
f 2912 2927 2975
f 3140 3132 3171
f 3081 3132 3140
f 3403 3468 3449
f 3372 3289 3368
f 3372 3403 3335
f 3272 3372 3335
f 3247 3372 3272
f 3247 3289 3372
f 3403 3365 3335
f 3403 3449 3408
f 3403 3408 3365
f 3578 3588 3530
f 3618 3588 3578
f 3611 3618 3578
f 3548 3532 3608
f 3461 3422 3410
f 3358 3322 3422
f 3422 3450 3358
f 3410 3422 3352
f 3352 3422 3288
f 3422 3322 3288
f 3530 3511 3472
f 3508 3530 3472
f 3423 3472 3389
f 3446 3472 3423
f 3508 3472 3446
f 3423 3389 3343
f 3343 3389 3348
f 3389 3396 3348
f 3348 3396 3342
f 3396 3393 3342
f 3393 3410 3352
f 3393 3352 3321
f 3342 3393 3321
f 3578 3530 3508
f 3436 3450 3487
f 3487 3479 3436
f 3487 3532 3479
f 3436 3358 3450
f 3497 3532 3548
f 3497 3479 3532
f 3883 3868 3838
f 3838 3868 3833
f 3838 3833 3806
f 3838 3823 3883
f 3806 3775 3838
f 3806 3762 3775
f 3515 3548 3584
f 3554 3515 3584
f 3554 3584 3614
f 3560 3554 3614
f 3613 3560 3614
f 3613 3614 3658
f 3515 3465 3548
f 3497 3548 3465
f 3675 3665 3714
f 3711 3714 3755
f 3711 3675 3714
f 3741 3711 3755
f 3741 3755 3782
f 3782 3755 3809
f 3782 3809 3829
f 3813 3829 3857
f 3813 3782 3829
f 3848 3813 3857
f 3848 3857 3889
f 3613 3658 3665
f 3637 3613 3665
f 3641 3665 3675
f 3641 3637 3665
f 3726 3777 3818
f 3731 3726 3818
f 3731 3818 3823
f 3818 3777 3848
f 3775 3731 3823
f 3775 3823 3838
f 3777 3813 3848
f 3181 3220 3211
f 3181 3211 3175
f 3047 3132 3081
f 3047 3081 3042
f 3047 3042 3019
f 2893 2988 2931
f 2980 3050 2988
f 2980 2988 2934
f 2934 2988 2893
f 2893 2931 2828
f 2828 2931 2851
f 2785 2851 2817
f 2828 2851 2785
f 2851 2878 2817
f 2817 2878 2890
f 3019 3042 2995
f 2995 2959 3019
f 2905 2959 2951
f 2951 2959 2995
f 2890 2959 2905
f 2817 2890 2783
f 2890 2905 2847
f 2783 2890 2847
f 3100 3106 3050
f 3100 3158 3106
f 3030 3050 2980
f 3030 3100 3050
f 3164 3175 3158
f 3164 3158 3100
f 3181 3175 3164
f 3293 3296 3220
f 3293 3220 3230
f 3230 3220 3181
f 3250 3293 3230
f 3310 3293 3250
f 3349 3365 3408
f 3408 3420 3349
f 3349 3420 3331
f 3308 3310 3258
f 3258 3310 3250
f 3349 3331 3294
f 3331 3308 3267
f 3278 3331 3267
f 3294 3331 3278
f 3267 3308 3258
f 3134 3156 3178
f 3186 3134 3178
f 3103 3186 3193
f 3103 3134 3186
f 3082 3103 3193
f 3082 3193 3145
f 3193 3289 3247
f 3145 3193 3247
f 3001 2984 3048
f 3048 2984 3038
f 2887 2984 3001
f 3022 3001 3048
f 3103 3048 3090
f 3022 3048 3103
f 3103 3090 3134
f 2872 2838 2873
f 2872 2873 2887
f 2872 2887 2941
f 2941 2887 3001
f 2775 2838 2820
f 2820 2838 2872
f 2775 2752 2838
f 2671 2614 2752
f 2614 2687 2752
f 2671 2752 2775
f 2583 2640 2687
f 2548 2583 2687
f 2687 2640 2777
f 2614 2548 2687
f 2640 2762 2777
f 2777 2762 2837
f 2762 2801 2837
f 2837 2801 2846
f 2787 2846 2801
f 2830 2846 2787
f 2830 2855 2846
f 2860 2912 2855
f 2860 2855 2830
f 2860 2914 2912
f 2912 2914 2927
f 2951 2927 2914
f 2905 2951 2914
f 3311 3276 3335
f 3335 3365 3311
f 3272 3335 3276
f 3247 3272 3160
f 3272 3276 3208
f 3160 3272 3208
f 3145 3247 3160
f 3311 3365 3349
f 3611 3578 3545
f 3545 3578 3508
f 3575 3611 3545
f 3358 3323 3322
f 3358 3398 3338
f 3436 3398 3358
f 3358 3338 3323
f 3244 3322 3323
f 3244 3251 3322
f 3288 3322 3251
f 3321 3352 3288
f 3321 3288 3254
f 3254 3288 3223
f 3288 3251 3223
f 3473 3545 3508
f 3473 3508 3446
f 3390 3423 3343
f 3446 3423 3390
f 3473 3446 3416
f 3416 3446 3390
f 3390 3343 3333
f 3333 3343 3332
f 3343 3348 3332
f 3348 3342 3314
f 3332 3348 3314
f 3342 3321 3314
f 3314 3321 3301
f 3301 3321 3285
f 3285 3321 3254
f 3479 3452 3436
f 3436 3452 3398
f 3497 3452 3479
f 3465 3452 3497
f 3775 3762 3718
f 3718 3731 3775
f 3718 3762 3743
f 3451 3465 3515
f 3563 3560 3613
f 3563 3503 3560
f 3637 3563 3613
f 3424 3452 3465
f 3424 3465 3415
f 3451 3415 3465
f 3671 3641 3675
f 3671 3675 3711
f 3703 3671 3711
f 3703 3711 3741
f 3769 3741 3782
f 3736 3741 3769
f 3736 3703 3741
f 3769 3782 3813
f 3777 3769 3813
f 3603 3576 3637
f 3603 3637 3630
f 3630 3637 3635
f 3635 3637 3641
f 3576 3563 3637
f 3635 3641 3671
f 3726 3685 3736
f 3726 3736 3777
f 3682 3685 3726
f 3731 3682 3726
f 3777 3736 3769
f 3620 3682 3731
f 3620 3731 3649
f 3718 3649 3731
f 3192 3181 3164
f 3192 3230 3181
f 2861 2893 2826
f 2826 2893 2828
f 2861 2934 2893
f 2922 2980 2934
f 2956 2980 2922
f 2956 3030 2980
f 2922 2934 2861
f 2751 2828 2785
f 2765 2828 2751
f 2826 2828 2765
f 2712 2785 2739
f 2739 2785 2817
f 2751 2785 2712
f 2697 2817 2783
f 2739 2817 2697
f 2905 2914 2860
f 2847 2905 2860
f 2697 2783 2700
f 2783 2847 2799
f 2700 2783 2799
f 2847 2860 2799
f 3164 3100 3083
f 3083 3100 3030
f 3083 3030 3010
f 3010 3030 2956
f 3137 3164 3083
f 3137 3192 3164
f 3250 3230 3192
f 3196 3250 3192
f 3258 3250 3196
f 3311 3349 3294
f 3267 3258 3197
f 3197 3258 3196
f 3311 3294 3262
f 3241 3294 3278
f 3262 3294 3241
f 3217 3267 3197
f 3278 3267 3217
f 3241 3278 3217
f 3022 3103 3082
f 2973 3082 3057
f 2973 3022 3082
f 3057 3082 3145
f 3057 3145 3160
f 2987 3001 3022
f 2941 3001 2987
f 2964 2987 3022
f 2973 2964 3022
f 2820 2872 2849
f 2908 2872 2941
f 2849 2872 2908
f 2908 2941 2964
f 2964 2941 2987
f 2671 2775 2760
f 2760 2775 2779
f 2775 2820 2779
f 2768 2779 2820
f 2768 2820 2849
f 2591 2671 2669
f 2669 2671 2704
f 2671 2760 2704
f 2547 2614 2671
f 2591 2547 2671
f 2450 2548 2614
f 2547 2450 2614
f 2583 2518 2640
f 2548 2447 2583
f 2447 2518 2583
f 2640 2619 2699
f 2699 2762 2640
f 2541 2619 2640
f 2541 2640 2518
f 2450 2317 2548
f 2548 2354 2447
f 2317 2354 2548
f 2699 2787 2762
f 2762 2787 2801
f 2799 2830 2787
f 2799 2787 2725
f 2699 2725 2787
f 2799 2860 2830
f 3262 3276 3311
f 3208 3276 3189
f 3189 3276 3262
f 3059 3057 3160
f 3059 3160 3128
f 3128 3160 3208
f 3189 3128 3208
f 3524 3545 3473
f 3524 3575 3545
f 3541 3575 3524
f 3583 3575 3541
f 3323 3238 3244
f 3323 3338 3268
f 3323 3268 3238
f 3424 3398 3452
f 3398 3387 3338
f 3424 3387 3398
f 3340 3297 3338
f 3338 3387 3340
f 3338 3297 3268
f 3173 3251 3244
f 3173 3244 3168
f 3244 3238 3168
f 3223 3251 3173
f 3285 3254 3259
f 3254 3223 3202
f 3207 3254 3202
f 3239 3254 3207
f 3259 3254 3239
f 3223 3173 3148
f 3202 3223 3148
f 3433 3473 3416
f 3467 3473 3433
f 3524 3473 3467
f 3416 3390 3333
f 3433 3416 3391
f 3327 3416 3333
f 3391 3416 3327
f 3280 3314 3284
f 3314 3301 3284
f 3284 3301 3285
f 3284 3285 3259
f 3718 3621 3649
f 3692 3621 3718
f 3718 3743 3692
f 3395 3415 3451
f 3485 3503 3563
f 3534 3485 3563
f 3534 3563 3576
f 3485 3457 3503
f 3415 3387 3424
f 3361 3387 3415
f 3395 3361 3415
f 3667 3635 3671
f 3667 3671 3703
f 3685 3667 3703
f 3685 3703 3736
f 3562 3576 3603
f 3629 3603 3630
f 3579 3603 3629
f 3579 3562 3603
f 3562 3534 3576
f 3629 3630 3635
f 3640 3635 3667
f 3636 3635 3640
f 3629 3635 3636
f 3634 3640 3685
f 3640 3667 3685
f 3634 3685 3682
f 3620 3634 3682
f 3620 3520 3553
f 3620 3553 3634
f 3649 3552 3620
f 3552 3520 3620
f 3621 3552 3649
f 3196 3192 3137
f 2829 2861 2789
f 2789 2861 2826
f 2922 2861 2884
f 2884 2861 2829
f 2789 2826 2765
f 2884 2956 2922
f 3010 2956 2913
f 2913 2956 2884
f 2670 2765 2751
f 2670 2751 2643
f 2751 2712 2643
f 2720 2789 2765
f 2720 2765 2670
f 2650 2712 2739
f 2643 2712 2650
f 2650 2739 2697
f 2557 2697 2700
f 2581 2650 2697
f 2581 2697 2557
f 2700 2625 2557
f 2700 2799 2695
f 2700 2695 2625
f 2799 2725 2695
f 3080 3083 3010
f 3080 3137 3083
f 2938 3010 2913
f 3005 3010 2938
f 3055 3010 3005
f 3055 3080 3010
f 3122 3196 3137
f 3122 3137 3080
f 3197 3196 3122
f 3146 3197 3131
f 3131 3197 3122
f 3217 3197 3146
f 3198 3262 3241
f 3189 3262 3198
f 3170 3241 3217
f 3198 3241 3170
f 3170 3217 3146
f 2856 2973 2955
f 2973 3057 2955
f 2857 2908 2973
f 2908 2964 2973
f 2856 2857 2973
f 2955 3057 2970
f 2970 3057 3059
f 2768 2849 2857
f 2857 2849 2908
f 2713 2704 2760
f 2760 2779 2768
f 2713 2760 2768
f 2702 2713 2768
f 2702 2768 2803
f 2768 2857 2803
f 2488 2547 2591
f 2488 2591 2544
f 2544 2591 2627
f 2627 2591 2669
f 2669 2704 2713
f 2627 2669 2713
f 2451 2547 2488
f 2451 2450 2547
f 2343 2262 2450
f 2343 2450 2451
f 2262 2317 2450
f 2447 2464 2518
f 2541 2518 2464
f 2447 2354 2300
f 2300 2298 2447
f 2298 2334 2447
f 2447 2334 2464
f 2619 2625 2632
f 2619 2632 2699
f 2541 2625 2619
f 2699 2632 2686
f 2686 2725 2699
f 2557 2625 2541
f 2438 2557 2541
f 2438 2541 2464
f 2247 2317 2214
f 2247 2300 2317
f 2300 2354 2317
f 2262 2214 2317
f 2695 2725 2686
f 3189 3198 3117
f 3072 3189 3117
f 3072 3128 3189
f 3059 3128 3072
f 2979 3059 3072
f 2970 3059 2979
f 3541 3524 3478
f 3478 3524 3467
f 3565 3541 3531
f 3531 3541 3478
f 3565 3583 3541
f 3589 3583 3565
f 3238 3268 3195
f 3168 3238 3195
f 3275 3268 3297
f 3275 3228 3268
f 3268 3228 3195
f 3361 3340 3387
f 3361 3297 3340
f 3339 3297 3361
f 3275 3297 3302
f 3302 3297 3339
f 3148 3173 3142
f 3173 3168 3142
f 3142 3168 3126
f 3168 3195 3126
f 3255 3284 3259
f 3255 3259 3226
f 3259 3239 3226
f 3207 3202 3169
f 3202 3148 3169
f 3226 3239 3207
f 3226 3207 3166
f 3166 3207 3169
f 3169 3148 3139
f 3139 3148 3116
f 3148 3142 3116
f 3433 3391 3426
f 3433 3426 3467
f 3467 3426 3478
f 3426 3391 3341
f 3341 3391 3327
f 3280 3284 3255
f 3596 3621 3647
f 3596 3586 3621
f 3586 3547 3621
f 3647 3621 3692
f 3547 3552 3621
f 3378 3329 3395
f 3339 3361 3395
f 3339 3395 3329
f 3448 3457 3485
f 3489 3485 3534
f 3490 3485 3489
f 3480 3485 3490
f 3480 3448 3485
f 3519 3489 3534
f 3519 3534 3562
f 3527 3519 3562
f 3527 3562 3579
f 3593 3579 3629
f 3634 3593 3629
f 3634 3629 3636
f 3550 3527 3579
f 3550 3579 3593
f 3634 3636 3640
f 3553 3593 3634
f 3553 3520 3454
f 3458 3520 3552
f 3454 3520 3458
f 3454 3501 3553
f 3553 3550 3593
f 3553 3501 3550
f 3474 3552 3547
f 3474 3458 3552
f 2786 2829 2789
f 2841 2884 2829
f 2841 2829 2786
f 2786 2789 2742
f 2742 2789 2720
f 2913 2884 2841
f 2938 2913 2858
f 2858 2913 2841
f 2526 2670 2643
f 2624 2720 2670
f 2624 2670 2526
f 2526 2643 2565
f 2650 2565 2643
f 2672 2720 2624
f 2742 2720 2672
f 2536 2565 2650
f 2536 2650 2581
f 2581 2557 2397
f 2397 2557 2438
f 2536 2581 2397
f 2695 2632 2625
f 2695 2686 2632
f 3122 3080 3055
f 2876 2938 2858
f 2940 2938 2876
f 2940 3005 2938
f 3062 3055 3005
f 2999 3062 3005
f 2999 3005 2940
f 3062 3122 3055
f 3131 3122 3062
f 3170 3146 3089
f 3089 3146 3096
f 3146 3131 3096
f 3096 3131 3062
f 3117 3198 3170
f 3117 3170 3089
f 2766 2856 2806
f 2806 2856 2877
f 2856 2955 2877
f 2803 2857 2856
f 2766 2803 2856
f 2877 2955 2970
f 2874 2970 2979
f 2877 2970 2874
f 2627 2713 2702
f 2540 2702 2654
f 2540 2627 2702
f 2702 2803 2766
f 2654 2702 2766
f 2470 2488 2466
f 2470 2377 2488
f 2377 2451 2488
f 2540 2488 2544
f 2466 2488 2540
f 2540 2544 2627
f 2377 2343 2451
f 2275 2343 2377
f 2275 2262 2343
f 2184 2262 2192
f 2184 2214 2262
f 2192 2262 2275
f 2438 2464 2334
f 2300 2269 2298
f 2247 2246 2300
f 2300 2246 2269
f 2229 2298 2269
f 2278 2298 2229
f 2278 2334 2298
f 2438 2334 2278
f 2397 2438 2278
f 2214 2200 2247
f 2247 2200 2246
f 2184 2157 2214
f 2157 2200 2214
f 3036 3117 3089
f 3072 3117 3036
f 2979 3072 3036
f 2979 3036 2968
f 2979 2968 2900
f 2900 2874 2979
f 3513 3540 3478
f 3513 3478 3455
f 3478 3426 3434
f 3455 3478 3434
f 3478 3540 3531
f 3565 3582 3589
f 3565 3540 3582
f 3531 3540 3565
f 3586 3589 3582
f 3596 3589 3586
f 3126 3195 3120
f 3195 3138 3120
f 3195 3165 3138
f 3228 3191 3195
f 3195 3191 3165
f 3264 3275 3302
f 3264 3228 3275
f 3264 3191 3228
f 3329 3302 3339
f 3264 3302 3329
f 3142 3126 3116
f 3116 3126 3109
f 3126 3120 3109
f 3214 3255 3150
f 3150 3255 3166
f 3255 3226 3166
f 3143 3169 3139
f 3166 3169 3143
f 3150 3166 3143
f 3139 3116 3114
f 3143 3139 3114
f 3114 3116 3066
f 3066 3116 3067
f 3116 3109 3087
f 3116 3087 3067
f 3434 3426 3412
f 3412 3426 3341
f 3513 3547 3586
f 3586 3540 3513
f 3586 3582 3540
f 3513 3474 3547
f 3324 3329 3378
f 3370 3324 3378
f 3264 3329 3281
f 3324 3281 3329
f 3427 3407 3448
f 3427 3448 3480
f 3490 3489 3519
f 3471 3480 3490
f 3471 3490 3527
f 3527 3490 3519
f 3471 3427 3480
f 3501 3527 3550
f 3501 3471 3527
f 3291 3397 3454
f 3362 3291 3454
f 3362 3454 3458
f 3454 3442 3501
f 3454 3397 3442
f 3362 3458 3376
f 3474 3376 3458
f 3442 3471 3501
f 3455 3474 3513
f 3455 3417 3474
f 3417 3376 3474
f 2726 2786 2742
f 2813 2841 2786
f 2813 2786 2773
f 2773 2786 2726
f 2858 2841 2813
f 2726 2742 2672
f 2876 2858 2815
f 2815 2858 2813
f 2469 2526 2565
f 2497 2526 2469
f 2549 2624 2526
f 2549 2526 2497
f 2592 2672 2624
f 2592 2624 2549
f 2489 2565 2536
f 2469 2565 2489
f 2646 2672 2592
f 2726 2672 2646
f 2151 2418 2536
f 2418 2489 2536
f 2151 2536 2243
f 2536 2397 2243
f 2243 2397 2278
f 2833 2876 2815
f 2879 2876 2833
f 2879 2940 2876
f 2935 2999 2940
f 2935 2940 2879
f 3096 3062 3039
f 3039 3062 2999
f 2967 3039 2999
f 2967 2999 2935
f 3089 3039 3008
f 3036 3089 3008
f 3089 3096 3039
f 2729 2654 2766
f 2766 2806 2729
f 2729 2806 2804
f 2806 2877 2804
f 2804 2877 2874
f 2804 2874 2776
f 2776 2874 2825
f 2825 2874 2900
f 2534 2466 2540
f 2534 2540 2654
f 2608 2654 2729
f 2534 2654 2608
f 2363 2360 2470
f 2363 2470 2466
f 2360 2377 2470
f 2358 2466 2534
f 2358 2363 2466
f 2302 2275 2377
f 2302 2377 2360
f 2242 2275 2302
f 2192 2275 2242
f 2141 2184 2192
f 2139 2157 2184
f 2225 2192 2242
f 2229 2269 2246
f 2229 2246 2200
f 2174 2229 2200
f 2175 2229 2174
f 2278 2229 2175
f 2243 2278 2175
f 2174 2200 2160
f 2157 2160 2200
f 2133 2157 2139
f 2133 2160 2157
f 3036 3008 2968
f 2968 3008 2936
f 2900 2968 2936
f 2900 2936 2853
f 2853 2825 2900
f 3455 3434 3418
f 3418 3417 3455
f 3418 3434 3412
f 3120 3085 3092
f 3109 3120 3092
f 3120 3138 3085
f 3138 3165 3123
f 3138 3123 3085
f 3177 3165 3191
f 3177 3149 3165
f 3165 3149 3123
f 3177 3191 3212
f 3212 3191 3264
f 3281 3212 3264
f 3109 3092 3087
f 3213 3214 3157
f 3214 3150 3157
f 3150 3143 3114
f 3150 3114 3070
f 3078 3150 3070
f 3157 3150 3078
f 3070 3114 3066
f 3070 3066 3045
f 3045 3066 3016
f 3066 3067 3020
f 3016 3066 3020
f 3067 3056 3020
f 3067 3087 3056
f 3087 3092 3056
f 3418 3412 3417
f 3417 3412 3401
f 3277 3281 3324
f 3370 3304 3324
f 3304 3277 3324
f 3337 3304 3370
f 3337 3370 3379
f 3277 3240 3281
f 3240 3212 3281
f 3428 3409 3427
f 3409 3407 3427
f 3428 3427 3471
f 3399 3357 3407
f 3399 3407 3409
f 3357 3379 3407
f 3442 3428 3471
f 3291 3229 3309
f 3291 3309 3397
f 3273 3206 3291
f 3273 3291 3362
f 3206 3229 3291
f 3363 3406 3397
f 3397 3406 3442
f 3397 3309 3363
f 3376 3312 3362
f 3362 3312 3273
f 3406 3428 3442
f 3364 3376 3417
f 3417 3401 3364
f 2728 2726 2646
f 2728 2773 2726
f 2815 2813 2773
f 2761 2815 2773
f 2761 2773 2728
f 2833 2815 2792
f 2792 2815 2761
f 2433 2497 2469
f 2433 2469 2366
f 2469 2489 2366
f 2487 2549 2497
f 2487 2497 2433
f 2533 2549 2487
f 2592 2549 2533
f 2592 2533 2528
f 2576 2592 2528
f 2592 2605 2646
f 2576 2605 2592
f 2366 2489 2418
f 2631 2646 2605
f 2707 2728 2646
f 2707 2646 2631
f 2151 2243 2175
f 2151 2175 2100
f 2086 2151 2100
f 2189 2418 2151
f 2086 2189 2151
f 2189 2240 2418
f 2240 2366 2418
f 2802 2833 2792
f 2827 2833 2802
f 2827 2879 2833
f 2888 2935 2879
f 2888 2879 2827
f 2888 2967 2935
f 3008 3039 2967
f 2936 2967 2888
f 2936 3008 2967
f 2638 2608 2729
f 2638 2729 2740
f 2729 2804 2740
f 2740 2804 2776
f 2679 2740 2776
f 2690 2679 2776
f 2690 2776 2782
f 2776 2825 2782
f 2782 2825 2853
f 2358 2534 2456
f 2456 2534 2608
f 2514 2608 2638
f 2456 2608 2514
f 2358 2268 2363
f 2268 2309 2363
f 2309 2360 2363
f 2309 2302 2360
f 2261 2358 2456
f 2221 2268 2358
f 2221 2358 2261
f 2309 2242 2302
f 2225 2242 2309
f 2078 2063 2141
f 2268 2225 2309
f 2175 2174 2160
f 2175 2160 2128
f 2100 2175 2128
f 2128 2160 2133
f 2128 2133 2103
f 2853 2936 2888
f 2812 2853 2888
f 2782 2853 2812
f 3023 3085 2961
f 3092 3085 3023
f 3085 3123 3088
f 3085 3088 3032
f 3085 3032 2961
f 3056 3092 3021
f 3092 3023 3021
f 3123 3118 3088
f 3123 3149 3118
f 3152 3149 3177
f 3177 3212 3152
f 3129 3118 3149
f 3129 3149 3152
f 3185 3212 3240
f 3152 3212 3185
f 3184 3237 3213
f 3163 3213 3157
f 3172 3213 3163
f 3184 3213 3172
f 3163 3157 3113
f 3113 3157 3078
f 3078 3070 3045
f 3113 3078 3065
f 3065 3078 3006
f 3078 3045 3006
f 3045 3016 2983
f 3006 3045 2983
f 2983 3016 2963
f 3016 3020 3000
f 3016 3000 2963
f 3020 3056 3017
f 3000 3020 3017
f 3056 3021 3017
f 3260 3222 3277
f 3260 3277 3304
f 3222 3240 3277
f 3290 3260 3304
f 3290 3304 3337
f 3326 3290 3337
f 3357 3337 3379
f 3326 3337 3357
f 3222 3185 3240
f 3394 3409 3428
f 3406 3394 3428
f 3394 3399 3409
f 3336 3357 3399
f 3394 3336 3399
f 3336 3326 3357
f 3229 3182 3248
f 3229 3248 3309
f 3099 3229 3206
f 3099 3182 3229
f 3309 3269 3306
f 3309 3306 3325
f 3309 3325 3363
f 3309 3248 3269
f 3273 3312 3253
f 3253 3205 3273
f 3205 3206 3273
f 3205 3127 3206
f 3127 3099 3206
f 3363 3325 3336
f 3363 3336 3394
f 3363 3394 3406
f 2707 2761 2728
f 2747 2761 2707
f 2792 2761 2747
f 2802 2792 2756
f 2756 2792 2747
f 2328 2433 2366
f 2404 2487 2433
f 2404 2433 2328
f 2328 2366 2240
f 2458 2487 2404
f 2458 2510 2487
f 2510 2533 2487
f 2528 2533 2510
f 2539 2576 2528
f 2539 2528 2490
f 2490 2528 2477
f 2528 2510 2477
f 2585 2605 2576
f 2539 2585 2576
f 2631 2605 2585
f 2598 2631 2585
f 2628 2631 2598
f 2667 2631 2628
f 2667 2707 2631
f 2706 2747 2707
f 2706 2707 2667
f 2004 2086 2100
f 2004 2100 2022
f 2100 2128 2099
f 2100 2099 2022
f 2004 2189 2086
f 2106 2240 2189
f 2106 2189 2004
f 2137 2240 2106
f 2276 2328 2240
f 2240 2222 2276
f 2168 2222 2240
f 2168 2240 2137
f 2772 2802 2756
f 2772 2827 2802
f 2812 2888 2827
f 2812 2827 2772
f 2535 2638 2601
f 2638 2679 2601
f 2514 2638 2535
f 2638 2740 2679
f 2601 2679 2690
f 2690 2782 2735
f 2690 2735 2644
f 2601 2690 2644
f 2782 2812 2735
f 2323 2456 2514
f 2261 2456 2323
f 2323 2514 2407
f 2407 2514 2535
f 2172 2221 2261
f 2172 2261 2216
f 2216 2261 2323
f 2140 2221 2172
f 1968 2078 2027
f 2027 2078 2068
f 1968 2001 2078
f 2078 2001 2063
f 2068 2078 2122
f 2001 2013 2063
f 2013 2044 2063
f 2099 2128 2103
f 2099 2103 2067
f 2735 2812 2772
f 3021 3023 2981
f 2981 3023 2961
f 2904 2961 2932
f 2961 2972 2932
f 2961 3032 2972
f 2981 2961 2904
f 3118 3098 3088
f 3088 3098 3054
f 3088 3054 3032
f 2978 2972 3032
f 3032 3054 2978
f 3021 2981 2993
f 3017 3021 2993
f 3129 3098 3118
f 3115 3107 3152
f 3152 3185 3115
f 3152 3107 3129
f 3107 3098 3129
f 3167 3115 3185
f 3167 3185 3222
f 3224 3184 3135
f 3135 3184 3172
f 3227 3237 3184
f 3224 3227 3184
f 3163 3113 3125
f 3172 3163 3125
f 3135 3172 3130
f 3172 3125 3130
f 3125 3113 3094
f 3094 3113 3065
f 3069 3094 3065
f 3069 3065 3040
f 3065 3006 3003
f 3040 3065 3003
f 3003 3006 2974
f 3006 2946 2974
f 3006 2983 2946
f 2983 2963 2925
f 2946 2983 2925
f 2963 3000 2954
f 2963 2954 2901
f 2925 2963 2901
f 3000 3017 2993
f 3000 2993 2954
f 3209 3222 3260
f 3245 3209 3260
f 3245 3260 3290
f 3209 3167 3222
f 3271 3245 3290
f 3271 3290 3298
f 3298 3290 3326
f 3328 3298 3326
f 3328 3326 3336
f 3306 3328 3336
f 3306 3336 3325
f 3182 3162 3210
f 3182 3210 3248
f 3110 3162 3182
f 3099 3110 3182
f 3248 3252 3269
f 3210 3252 3248
f 3027 3110 3099
f 3007 3027 3099
f 3007 3099 3061
f 3127 3061 3099
f 3269 3252 3286
f 3269 3286 3306
f 3306 3286 3328
f 3224 3205 3253
f 3135 3127 3205
f 3224 3135 3205
f 3127 3130 3119
f 3127 3119 3077
f 3077 3061 3127
f 3135 3130 3127
f 2756 2747 2706
f 2718 2756 2706
f 2772 2756 2718
f 2332 2404 2328
f 2276 2332 2328
f 2378 2404 2332
f 2378 2458 2404
f 2477 2458 2419
f 2477 2510 2458
f 2419 2458 2378
f 2507 2539 2490
f 2559 2539 2507
f 2559 2585 2539
f 2507 2490 2449
f 2490 2477 2445
f 2490 2445 2449
f 2445 2477 2419
f 2598 2585 2559
f 2588 2598 2559
f 2588 2628 2598
f 2655 2667 2628
f 2611 2655 2628
f 2611 2628 2588
f 2706 2667 2655
f 2658 2706 2655
f 2718 2706 2658
f 2004 2022 1942
f 1942 1930 2004
f 1966 2004 1930
f 1966 2106 2004
f 1986 2022 2036
f 2022 2099 2036
f 1942 2022 1986
f 2036 2099 2067
f 2039 2106 1966
f 2039 2137 2106
f 2092 2168 2137
f 2092 2137 2039
f 2276 2222 2266
f 2266 2314 2276
f 2276 2314 2332
f 2188 2222 2168
f 2188 2232 2222
f 2232 2266 2222
f 2092 2132 2168
f 2132 2156 2168
f 2156 2188 2168
f 2735 2772 2709
f 2709 2772 2718
f 2407 2535 2482
f 2535 2601 2482
f 2554 2601 2644
f 2482 2601 2554
f 2644 2735 2709
f 2554 2644 2586
f 2644 2709 2653
f 2644 2653 2586
f 2216 2323 2241
f 2323 2407 2241
f 2304 2407 2482
f 2241 2407 2304
f 2110 2172 2149
f 2110 2140 2172
f 2172 2216 2149
f 2149 2216 2241
f 2081 2111 2140
f 2081 2140 2110
f 1832 1906 1968
f 1898 1832 1968
f 1898 1968 1979
f 1979 1968 2027
f 1968 1961 2001
f 1906 1961 1968
f 1999 1979 2027
f 1999 2027 2065
f 2065 2027 2068
f 2065 2068 2111
f 2068 2122 2111
f 2001 1962 2013
f 1961 1962 2001
f 2013 2011 2044
f 1962 1988 2013
f 1988 2011 2013
f 2036 2067 2011
f 2993 2981 2960
f 2960 2981 2904
f 2911 2904 2870
f 2904 2867 2870
f 2904 2932 2869
f 2904 2869 2867
f 2911 2960 2904
f 2932 2929 2869
f 2932 2972 2929
f 2929 2972 2978
f 3074 3054 3098
f 3107 3074 3098
f 2978 3054 3044
f 3044 3054 3074
f 3044 3009 2978
f 2978 3009 2966
f 2978 2966 2929
f 2954 2993 2960
f 3075 3058 3115
f 3075 3115 3124
f 3071 3107 3115
f 3124 3115 3167
f 3115 3058 3071
f 3071 3074 3107
f 3209 3161 3167
f 3161 3124 3167
f 3130 3125 3091
f 3091 3125 3094
f 3091 3119 3130
f 3084 3094 3069
f 3091 3094 3084
f 3069 3040 3068
f 3069 3068 3084
f 3041 3040 3031
f 3031 3040 2994
f 2994 3040 3003
f 3041 3068 3040
f 2994 3003 2977
f 2948 2977 3003
f 2948 3003 2926
f 3003 2974 2926
f 2974 2946 2906
f 2926 2974 2906
f 2946 2925 2891
f 2906 2946 2891
f 2925 2901 2891
f 2901 2954 2911
f 2954 2960 2911
f 2891 2901 2881
f 2901 2911 2881
f 3203 3209 3245
f 3203 3161 3209
f 3236 3203 3245
f 3236 3245 3271
f 3270 3236 3271
f 3286 3271 3298
f 3270 3271 3286
f 3286 3298 3328
f 3162 3183 3210
f 3210 3216 3252
f 3210 3183 3216
f 3216 3242 3252
f 3252 3242 3270
f 3252 3270 3286
f 3007 2930 3027
f 3027 2937 2997
f 2930 2937 3027
f 2939 3007 3061
f 2939 2907 3007
f 3007 2907 2930
f 2939 3061 3031
f 3031 3061 3077
f 3077 3119 3084
f 3091 3084 3119
f 3077 3084 3068
f 3077 3068 3041
f 3041 3031 3077
f 2653 2709 2718
f 2718 2658 2653
f 2314 2378 2332
f 2419 2378 2365
f 2365 2378 2314
f 2386 2419 2365
f 2386 2445 2419
f 2475 2507 2449
f 2513 2559 2507
f 2513 2507 2475
f 2568 2588 2559
f 2568 2559 2523
f 2523 2559 2513
f 2475 2449 2436
f 2436 2449 2416
f 2449 2445 2412
f 2449 2412 2416
f 2412 2445 2386
f 2611 2588 2568
f 2658 2655 2611
f 2606 2658 2611
f 2606 2611 2566
f 2566 2611 2568
f 2653 2658 2606
f 1942 1986 1931
f 1942 1931 1920
f 1920 1930 1942
f 1966 1930 1885
f 1890 1930 1920
f 1885 1930 1890
f 1885 2039 1966
f 2036 2011 1986
f 1986 2011 1988
f 1986 1988 1931
f 1982 2092 2039
f 1885 1982 2039
f 2032 2089 2092
f 1982 2032 2092
f 2089 2132 2092
f 2267 2266 2232
f 2267 2285 2266
f 2285 2294 2266
f 2294 2314 2266
f 2294 2329 2314
f 2329 2365 2314
f 2217 2232 2188
f 2188 2220 2217
f 2142 2171 2188
f 2171 2220 2188
f 2142 2188 2156
f 2256 2267 2232
f 2217 2256 2232
f 2121 2156 2132
f 2121 2132 2089
f 2121 2142 2156
f 2304 2482 2393
f 2482 2554 2393
f 2506 2554 2586
f 2393 2554 2506
f 2506 2586 2527
f 2586 2653 2606
f 2586 2606 2527
f 2131 2241 2179
f 2131 2149 2241
f 2179 2241 2304
f 2179 2304 2253
f 2304 2393 2253
f 2059 2110 2062
f 2062 2110 2149
f 2059 2081 2110
f 2062 2149 2131
f 2049 2019 2081
f 2049 2081 2059
f 2019 2065 2081
f 2081 2065 2111
f 1832 1836 1906
f 1830 1815 1832
f 1830 1832 1898
f 1815 1836 1832
f 1836 1926 1906
f 1906 1926 1961
f 1898 1979 1939
f 1879 1898 1939
f 1862 1898 1879
f 1830 1898 1862
f 1939 1979 1999
f 1926 1962 1961
f 1954 1999 1992
f 1992 1999 2019
f 1999 2065 2019
f 1954 1939 1999
f 1926 1931 1962
f 1931 1988 1962
f 2881 2911 2870
f 2845 2881 2870
f 2845 2870 2822
f 2870 2867 2816
f 2822 2870 2816
f 2816 2867 2819
f 2867 2869 2819
f 2869 2824 2819
f 2869 2929 2854
f 2869 2854 2824
f 2929 2966 2915
f 2929 2915 2854
f 3071 3044 3074
f 3071 3037 3044
f 3044 3037 3009
f 3009 2998 2966
f 3009 3026 2998
f 3037 3026 3009
f 2966 2971 2915
f 2966 2998 2971
f 3075 3028 3029
f 3029 3058 3075
f 3112 3075 3124
f 3112 3064 3075
f 3064 3028 3075
f 3034 3026 3058
f 3058 3026 3071
f 3029 3034 3058
f 3112 3124 3161
f 3071 3026 3037
f 3159 3112 3161
f 3159 3161 3203
f 3031 2969 2939
f 2994 2969 3031
f 2994 2977 2969
f 2969 2977 2948
f 2948 2926 2909
f 2948 2909 2923
f 2948 2923 2969
f 2926 2906 2865
f 2926 2865 2882
f 2926 2882 2909
f 2906 2891 2864
f 2865 2906 2864
f 2891 2881 2845
f 2864 2891 2845
f 3201 3159 3203
f 3201 3203 3236
f 3225 3201 3236
f 3242 3236 3270
f 3225 3236 3242
f 3183 3147 3194
f 3183 3194 3216
f 3216 3194 3225
f 3216 3225 3242
f 2831 2937 2930
f 2831 2930 2823
f 2823 2930 2907
f 2862 2933 2937
f 2831 2862 2937
f 2937 2933 2997
f 2997 2958 3015
f 2997 2933 2958
f 2969 2923 2939
f 2939 2923 2919
f 2939 2919 2907
f 2919 2839 2907
f 2823 2907 2839
f 2329 2386 2365
f 2412 2386 2370
f 2370 2386 2329
f 2480 2513 2475
f 2480 2475 2454
f 2454 2475 2436
f 2523 2513 2480
f 2516 2568 2523
f 2566 2568 2516
f 2516 2523 2480
f 2436 2416 2381
f 2417 2436 2381
f 2454 2436 2417
f 2416 2412 2381
f 2412 2370 2381
f 2527 2606 2566
f 2527 2566 2492
f 2492 2566 2516
f 1920 1931 1890
f 1890 1931 1922
f 1922 1931 1926
f 1885 1890 1816
f 1816 1874 1885
f 1874 1982 1885
f 1878 1890 1922
f 1816 1890 1838
f 1838 1890 1864
f 1878 1864 1890
f 1949 1982 1874
f 1949 2032 1982
f 2018 2089 2032
f 2018 2032 1971
f 1971 2032 1949
f 2018 2053 2089
f 2064 2121 2089
f 2053 2064 2089
f 2281 2267 2256
f 2290 2285 2267
f 2281 2290 2267
f 2285 2329 2294
f 2290 2321 2285
f 2321 2329 2285
f 2321 2370 2329
f 2220 2248 2217
f 2248 2256 2217
f 2171 2218 2220
f 2218 2251 2220
f 2220 2251 2248
f 2075 2142 2121
f 2120 2142 2075
f 2120 2171 2142
f 2120 2148 2171
f 2148 2196 2171
f 2196 2218 2171
f 2248 2279 2256
f 2256 2279 2281
f 2064 2075 2121
f 2253 2393 2272
f 2272 2393 2442
f 2393 2506 2442
f 2442 2506 2527
f 2442 2527 2427
f 2527 2492 2427
f 2062 2131 2069
f 2069 2131 2179
f 2127 2179 2253
f 2069 2179 2127
f 2253 2272 2127
f 2023 2059 2062
f 2023 2049 2059
f 2000 2062 2069
f 1998 2023 2062
f 2000 1998 2062
f 1992 2019 2049
f 1992 2049 2023
f 1836 1878 1926
f 1815 1797 1836
f 1827 1836 1797
f 1827 1878 1836
f 1839 1830 1862
f 1787 1830 1839
f 1830 1790 1815
f 1787 1790 1830
f 1790 1797 1815
f 1878 1922 1926
f 1917 1939 1954
f 1879 1939 1917
f 1823 1879 1895
f 1879 1917 1895
f 1839 1862 1879
f 1823 1839 1879
f 1927 1954 1992
f 1927 1917 1954
f 1927 1992 1970
f 1970 1992 2023
f 2845 2822 2811
f 2864 2845 2811
f 2811 2822 2769
f 2822 2816 2769
f 2816 2759 2769
f 2816 2819 2759
f 2819 2824 2795
f 2759 2819 2795
f 2824 2781 2795
f 2824 2854 2781
f 2781 2854 2852
f 2852 2854 2915
f 2915 2971 2928
f 2915 2928 2852
f 3026 2992 2998
f 2998 2992 2971
f 3034 2992 3026
f 2971 2965 2928
f 2971 2992 2965
f 3028 2985 2989
f 3028 2989 3029
f 3024 3028 3064
f 3024 2985 3028
f 3029 2992 3034
f 2989 2992 3029
f 3121 3112 3159
f 3121 3076 3112
f 3076 3064 3112
f 3076 3024 3064
f 3179 3159 3201
f 2880 2923 2909
f 2909 2882 2880
f 2902 2923 2880
f 2902 2919 2923
f 2844 2882 2865
f 2865 2805 2844
f 2865 2798 2805
f 2865 2864 2798
f 2880 2882 2868
f 2868 2882 2844
f 2864 2811 2798
f 3194 3201 3225
f 3194 3179 3201
f 3147 3179 3194
f 2823 2758 2831
f 2703 2831 2758
f 2774 2862 2831
f 2703 2774 2831
f 2823 2839 2771
f 2771 2758 2823
f 2862 2836 2896
f 2862 2896 2933
f 2774 2836 2862
f 2933 2896 2958
f 2924 2976 2958
f 2958 2896 2924
f 2958 2976 3015
f 3015 2976 3012
f 2902 2840 2919
f 2919 2840 2839
f 2771 2839 2791
f 2835 2839 2840
f 2835 2791 2839
f 2381 2370 2346
f 2346 2370 2321
f 2480 2454 2434
f 2453 2480 2434
f 2453 2516 2480
f 2434 2454 2417
f 2492 2516 2453
f 2417 2381 2398
f 2398 2381 2387
f 2387 2381 2374
f 2381 2346 2374
f 2434 2417 2409
f 2409 2417 2398
f 2401 2492 2453
f 2427 2492 2401
f 1762 1816 1682
f 1682 1816 1784
f 1816 1838 1784
f 1762 1874 1816
f 1891 1949 1874
f 1799 1891 1874
f 1799 1874 1762
f 1827 1864 1878
f 1827 1838 1864
f 1784 1838 1827
f 1891 1971 1949
f 1996 2053 2018
f 1996 2018 1940
f 1940 2018 1971
f 1909 1971 1891
f 1940 1971 1909
f 1996 2064 2053
f 2003 2064 1996
f 2046 2075 2064
f 2046 2064 2003
f 2296 2320 2281
f 2320 2315 2281
f 2281 2315 2290
f 2281 2279 2296
f 2315 2321 2290
f 2346 2321 2315
f 2251 2274 2248
f 2274 2279 2248
f 2265 2251 2218
f 2250 2265 2218
f 2196 2250 2218
f 2282 2274 2251
f 2265 2282 2251
f 2085 2075 2045
f 2045 2075 2046
f 2085 2120 2075
f 2113 2148 2120
f 2113 2120 2085
f 2124 2148 2113
f 2124 2196 2148
f 2124 2209 2196
f 2209 2259 2196
f 2259 2250 2196
f 2299 2279 2274
f 2299 2303 2279
f 2312 2279 2303
f 2296 2279 2312
f 2272 2442 2427
f 2272 2427 2295
f 2215 2272 2295
f 2127 2272 2159
f 2159 2272 2215
f 2295 2427 2401
f 1991 2069 2037
f 2000 2069 1991
f 2069 2127 2097
f 2069 2097 2037
f 2097 2127 2159
f 1970 2023 1998
f 1943 1952 2000
f 1952 1998 2000
f 1943 2000 1991
f 1952 1970 1998
f 1742 1797 1790
f 1827 1797 1757
f 1757 1797 1742
f 1784 1827 1757
f 1765 1787 1839
f 1793 1765 1839
f 1793 1839 1823
f 1765 1733 1787
f 1733 1759 1787
f 1787 1759 1790
f 1759 1742 1790
f 1895 1917 1927
f 1772 1793 1823
f 1772 1823 1801
f 1801 1823 1822
f 1822 1823 1870
f 1823 1895 1870
f 1915 1895 1927
f 1870 1895 1915
f 1915 1927 1970
f 1915 1970 1952
f 2798 2811 2723
f 2811 2769 2723
f 2769 2759 2724
f 2723 2769 2724
f 2724 2759 2738
f 2759 2748 2738
f 2759 2795 2770
f 2759 2770 2748
f 2795 2781 2770
f 2770 2781 2748
f 2781 2852 2780
f 2781 2780 2746
f 2748 2781 2746
f 2852 2809 2780
f 2852 2850 2809
f 2852 2892 2850
f 2852 2928 2892
f 2957 2892 2928
f 2957 2928 2965
f 2989 2965 2992
f 2957 2965 2989
f 2989 2985 2950
f 2985 2949 2950
f 2962 2949 2985
f 3024 2962 2985
f 2950 2957 2989
f 2990 2962 3024
f 3033 2990 3024
f 3033 3024 3076
f 3060 3033 3076
f 2868 2848 2880
f 2880 2848 2840
f 2880 2840 2902
f 2810 2844 2805
f 2810 2848 2844
f 2868 2844 2848
f 2805 2798 2744
f 2767 2805 2744
f 2810 2805 2767
f 2798 2723 2696
f 2744 2798 2696
f 2758 2678 2703
f 2637 2774 2703
f 2703 2577 2637
f 2703 2678 2634
f 2634 2577 2703
f 2714 2784 2774
f 2637 2714 2774
f 2774 2784 2836
f 2836 2821 2871
f 2836 2871 2896
f 2836 2784 2821
f 2896 2871 2924
f 2924 2885 2942
f 2924 2942 2976
f 2924 2871 2885
f 2976 2982 3012
f 2942 2982 2976
f 3012 2982 3014
f 3012 3014 3035
f 2835 2840 2848
f 2810 2791 2835
f 2810 2767 2791
f 2835 2848 2810
f 2346 2315 2337
f 2364 2346 2337
f 2374 2346 2364
f 2400 2434 2409
f 2453 2434 2400
f 2372 2401 2453
f 2372 2453 2400
f 2395 2398 2387
f 2409 2398 2395
f 2387 2374 2384
f 2394 2387 2384
f 2395 2387 2394
f 2384 2374 2364
f 2400 2409 2389
f 2389 2409 2395
f 2292 2401 2372
f 2295 2401 2292
f 1707 1762 1682
f 1799 1762 1707
f 1667 1682 1684
f 1682 1706 1684
f 1635 1682 1667
f 1707 1682 1662
f 1662 1682 1635
f 1682 1734 1706
f 1682 1784 1734
f 1734 1784 1757
f 1831 1891 1799
f 1831 1909 1891
f 1707 1831 1799
f 1925 1996 1865
f 1925 2003 1996
f 1996 1940 1865
f 1855 1940 1909
f 1865 1940 1855
f 1855 1909 1831
f 1938 1995 2003
f 2003 1995 2046
f 1938 2003 1925
f 2015 2046 1995
f 2015 2045 2046
f 2312 2320 2296
f 2312 2339 2320
f 2348 2320 2339
f 2337 2320 2348
f 2337 2315 2320
f 2282 2299 2274
f 2250 2286 2265
f 2286 2297 2265
f 2297 2282 2265
f 2259 2289 2250
f 2250 2289 2286
f 2330 2282 2297
f 2330 2299 2282
f 2082 2085 2045
f 2082 2113 2085
f 2014 2055 2045
f 2014 2045 2015
f 2055 2082 2045
f 2102 2113 2082
f 2102 2124 2113
f 2126 2124 2102
f 2165 2209 2124
f 2126 2165 2124
f 2193 2209 2165
f 2227 2287 2209
f 2209 2287 2259
f 2193 2227 2209
f 2313 2289 2259
f 2259 2349 2313
f 2287 2353 2259
f 2259 2353 2349
f 2326 2303 2299
f 2326 2299 2330
f 2312 2303 2326
f 2326 2339 2312
f 2215 2295 2203
f 2203 2295 2292
f 2150 2215 2203
f 2150 2159 2215
f 2091 2097 2159
f 2091 2159 2150
f 1932 1943 1991
f 1932 1991 1980
f 1991 2037 1980
f 2024 2037 2091
f 2037 2097 2091
f 1980 2037 2024
f 1894 1943 1932
f 1943 1904 1952
f 1894 1904 1943
f 1904 1915 1952
f 1727 1742 1726
f 1727 1757 1742
f 1726 1742 1759
f 1734 1757 1727
f 1704 1733 1765
f 1740 1765 1793
f 1704 1765 1740
f 1772 1740 1793
f 1685 1695 1733
f 1704 1685 1733
f 1695 1726 1733
f 1733 1726 1759
f 1716 1740 1772
f 1772 1801 1777
f 1752 1772 1777
f 1716 1772 1752
f 1806 1822 1856
f 1856 1822 1870
f 1856 1870 1904
f 1870 1915 1904
f 2696 2723 2626
f 2723 2613 2626
f 2723 2662 2613
f 2723 2724 2662
f 2724 2691 2662
f 2724 2738 2691
f 2748 2746 2738
f 2738 2746 2733
f 2738 2733 2691
f 2746 2780 2715
f 2780 2809 2749
f 2780 2749 2715
f 2746 2715 2733
f 2850 2834 2809
f 2809 2834 2797
f 2809 2797 2749
f 2850 2863 2834
f 2892 2866 2850
f 2866 2863 2850
f 2921 2892 2957
f 2921 2894 2892
f 2892 2894 2866
f 2950 2943 2957
f 2957 2943 2921
f 2950 2949 2943
f 2916 2943 2949
f 2949 2917 2916
f 2962 2917 2949
f 2920 2917 2962
f 2944 2920 2962
f 2944 2962 2990
f 3002 2990 3033
f 2953 2990 3002
f 2953 2944 2990
f 3025 3033 3060
f 3025 3002 3033
f 3052 3025 3060
f 2634 2678 2595
f 2494 2637 2577
f 2637 2594 2714
f 2494 2594 2637
f 2494 2577 2491
f 2595 2577 2634
f 2595 2537 2577
f 2491 2577 2537
f 2677 2764 2714
f 2714 2764 2784
f 2594 2677 2714
f 2784 2764 2821
f 2821 2808 2842
f 2821 2842 2871
f 2821 2764 2808
f 2842 2885 2871
f 2843 2859 2885
f 2842 2843 2885
f 2885 2859 2899
f 2885 2899 2942
f 2942 2947 2982
f 2942 2899 2947
f 2947 2986 2982
f 2982 2986 3014
f 3052 3014 3025
f 3035 3014 3052
f 3014 2986 3025
f 2364 2337 2348
f 2364 2348 2380
f 2384 2364 2380
f 2372 2400 2373
f 2400 2389 2373
f 2319 2372 2373
f 2292 2372 2319
f 2389 2395 2391
f 2391 2395 2394
f 2394 2384 2402
f 2402 2384 2380
f 2391 2394 2385
f 2394 2402 2408
f 2385 2394 2408
f 2373 2389 2391
f 2203 2292 2237
f 2292 2319 2237
f 1687 1707 1662
f 1687 1831 1707
f 1663 1667 1697
f 1697 1667 1684
f 1637 1635 1667
f 1637 1667 1663
f 1684 1706 1697
f 1706 1734 1727
f 1697 1706 1727
f 1596 1635 1637
f 1662 1635 1564
f 1564 1635 1596
f 1590 1662 1564
f 1590 1687 1662
f 1687 1855 1831
f 1938 1925 1840
f 1840 1925 1865
f 1781 1865 1855
f 1840 1865 1792
f 1792 1865 1781
f 1781 1855 1687
f 1837 1938 1840
f 1868 1911 1938
f 1911 1959 1938
f 1959 1995 1938
f 1868 1938 1837
f 2015 1995 1983
f 1983 1995 1959
f 1994 2015 1983
f 2014 2015 1994
f 2359 2339 2326
f 2375 2339 2359
f 2348 2339 2375
f 2380 2348 2375
f 2289 2336 2286
f 2336 2310 2286
f 2286 2310 2297
f 2330 2297 2338
f 2297 2310 2338
f 2344 2336 2289
f 2313 2344 2289
f 2338 2362 2330
f 2362 2352 2330
f 2330 2352 2368
f 2330 2359 2326
f 2368 2359 2330
f 2076 2102 2082
f 2076 2082 2055
f 1977 2035 2014
f 2035 2047 2014
f 2047 2055 2014
f 1977 2014 1994
f 2076 2055 2047
f 2117 2102 2080
f 2080 2102 2076
f 2102 2134 2126
f 2117 2134 2102
f 2134 2152 2126
f 2152 2165 2126
f 2152 2170 2165
f 2170 2193 2165
f 2185 2204 2193
f 2204 2227 2193
f 2185 2193 2170
f 2219 2227 2204
f 2264 2227 2219
f 2264 2287 2227
f 2264 2318 2287
f 2318 2396 2287
f 2396 2353 2287
f 2349 2369 2313
f 2369 2344 2313
f 2353 2430 2349
f 2430 2420 2349
f 2349 2420 2382
f 2349 2382 2369
f 2396 2500 2353
f 2500 2460 2353
f 2460 2430 2353
f 2150 2203 2112
f 2155 2203 2237
f 2112 2203 2155
f 2077 2150 2112
f 2091 2150 2077
f 2024 2091 2077
f 1903 1888 1932
f 1888 1894 1932
f 1932 1980 1964
f 1903 1932 1964
f 1980 2024 1964
f 1964 2024 2007
f 2007 2024 2077
f 1843 1856 1894
f 1856 1904 1894
f 1843 1894 1888
f 1727 1726 1697
f 1697 1726 1695
f 1638 1631 1704
f 1638 1704 1740
f 1631 1685 1704
f 1638 1740 1716
f 1631 1649 1685
f 1649 1695 1685
f 1697 1695 1663
f 1663 1695 1649
f 1666 1716 1720
f 1720 1716 1752
f 1666 1638 1716
f 1752 1777 1760
f 1760 1777 1806
f 1720 1752 1760
f 1806 1856 1843
f 1794 1806 1843
f 1760 1806 1794
f 2626 2613 2575
f 2575 2613 2483
f 2613 2610 2483
f 2613 2662 2610
f 2662 2691 2660
f 2662 2660 2610
f 2733 2684 2691
f 2660 2691 2684
f 2733 2715 2684
f 2684 2715 2683
f 2715 2675 2683
f 2715 2749 2675
f 2721 2675 2749
f 2749 2797 2721
f 2863 2832 2834
f 2834 2832 2797
f 2797 2788 2721
f 2797 2832 2788
f 2883 2832 2863
f 2889 2883 2863
f 2889 2863 2866
f 2889 2866 2894
f 2916 2894 2921
f 2916 2921 2943
f 2889 2894 2917
f 2916 2917 2894
f 2920 2883 2917
f 2889 2917 2883
f 2897 2903 2920
f 2903 2883 2920
f 2897 2920 2944
f 2918 2897 2944
f 2918 2944 2953
f 2986 3002 3025
f 2953 3002 2986
f 2910 2918 2953
f 2947 2910 2953
f 2947 2953 2986
f 2471 2594 2494
f 2471 2494 2341
f 2491 2429 2494
f 2341 2494 2429
f 2593 2677 2594
f 2471 2593 2594
f 2413 2429 2491
f 2491 2443 2413
f 2537 2443 2491
f 2537 2545 2504
f 2504 2443 2537
f 2593 2681 2677
f 2677 2737 2764
f 2677 2681 2737
f 2737 2796 2764
f 2808 2764 2796
f 2796 2818 2808
f 2808 2818 2842
f 2818 2843 2842
f 2818 2814 2843
f 2859 2875 2899
f 2899 2910 2947
f 2899 2875 2910
f 2380 2375 2405
f 2402 2380 2405
f 2319 2373 2356
f 2373 2391 2356
f 2319 2356 2305
f 2237 2319 2305
f 2356 2391 2385
f 2421 2408 2402
f 2421 2402 2405
f 2356 2385 2357
f 2357 2385 2392
f 2385 2408 2392
f 2392 2408 2423
f 2423 2408 2421
f 2237 2305 2257
f 2237 2257 2207
f 2181 2237 2207
f 2155 2237 2181
f 1698 1781 1687
f 1698 1687 1590
f 1649 1629 1663
f 1637 1663 1629
f 1596 1637 1629
f 1523 1596 1629
f 1564 1596 1523
f 1519 1564 1513
f 1513 1564 1523
f 1519 1590 1564
f 1698 1590 1540
f 1540 1590 1519
f 1769 1837 1840
f 1769 1840 1792
f 1792 1781 1698
f 1769 1792 1698
f 1795 1837 1737
f 1737 1837 1769
f 1795 1868 1837
f 1819 1868 1795
f 1819 1871 1868
f 1871 1911 1868
f 1929 1959 1911
f 1892 1929 1911
f 1892 1911 1871
f 1929 1960 1959
f 1960 1983 1959
f 1977 1994 1983
f 1977 1983 1956
f 1956 1983 1960
f 2375 2359 2414
f 2414 2359 2368
f 2405 2375 2414
f 2344 2410 2336
f 2355 2310 2336
f 2355 2336 2388
f 2367 2388 2336
f 2367 2336 2410
f 2338 2310 2355
f 2355 2388 2338
f 2388 2362 2338
f 2369 2410 2344
f 2390 2352 2362
f 2390 2362 2388
f 2368 2352 2390
f 2414 2368 2390
f 2080 2076 2047
f 1953 1977 1956
f 1978 1977 1953
f 1978 2008 1977
f 2008 2035 1977
f 2095 2080 2035
f 2043 2095 2035
f 2035 2080 2047
f 2008 2043 2035
f 2095 2135 2117
f 2095 2117 2080
f 2135 2134 2117
f 2158 2153 2134
f 2135 2158 2134
f 2134 2153 2152
f 2166 2152 2153
f 2166 2170 2152
f 2166 2185 2170
f 2178 2185 2166
f 2177 2185 2178
f 2183 2185 2177
f 2183 2197 2185
f 2197 2204 2185
f 2197 2219 2204
f 2264 2219 2208
f 2208 2219 2197
f 2235 2264 2208
f 2271 2311 2264
f 2264 2311 2318
f 2271 2264 2235
f 2467 2396 2318
f 2311 2467 2318
f 2467 2499 2396
f 2396 2499 2500
f 2369 2382 2426
f 2426 2410 2369
f 2460 2484 2430
f 2484 2478 2430
f 2478 2461 2430
f 2430 2461 2420
f 2426 2420 2468
f 2468 2420 2461
f 2426 2382 2420
f 2552 2500 2499
f 2552 2538 2500
f 2500 2538 2496
f 2500 2496 2460
f 2496 2484 2460
f 2031 2077 2112
f 2031 2112 2038
f 2112 2155 2094
f 2038 2112 2094
f 2094 2155 2109
f 2109 2155 2129
f 2155 2181 2129
f 2031 2007 2077
f 1899 1903 1950
f 1903 1964 1950
f 1860 1903 1861
f 1860 1888 1903
f 1861 1903 1899
f 1860 1843 1888
f 1964 2007 1950
f 1950 2007 2031
f 1794 1843 1810
f 1810 1843 1860
f 1594 1537 1638
f 1594 1638 1666
f 1537 1555 1638
f 1555 1631 1638
f 1631 1562 1649
f 1555 1562 1631
f 1562 1629 1649
f 1648 1666 1720
f 1594 1666 1648
f 1679 1720 1712
f 1679 1648 1720
f 1712 1720 1760
f 1712 1760 1756
f 1756 1760 1794
f 1756 1794 1776
f 1776 1794 1810
f 2525 2575 2483
f 2452 2483 2342
f 2483 2425 2342
f 2483 2610 2563
f 2483 2563 2498
f 2483 2498 2425
f 2525 2483 2452
f 2660 2648 2610
f 2610 2648 2609
f 2610 2609 2563
f 2660 2684 2648
f 2684 2683 2648
f 2648 2683 2635
f 2635 2683 2675
f 2641 2675 2721
f 2635 2675 2641
f 2721 2788 2736
f 2721 2736 2668
f 2721 2668 2616
f 2641 2721 2616
f 2918 2886 2897
f 2910 2886 2918
f 2875 2886 2910
f 2341 2345 2471
f 2471 2345 2403
f 2403 2593 2471
f 2341 2291 2345
f 2341 2273 2291
f 2351 2277 2341
f 2429 2351 2341
f 2341 2277 2273
f 2413 2351 2429
f 2556 2708 2593
f 2593 2708 2681
f 2403 2556 2593
f 2413 2443 2350
f 2413 2350 2351
f 2504 2331 2443
f 2443 2331 2350
f 2545 2546 2503
f 2545 2503 2504
f 2504 2424 2331
f 2503 2424 2504
f 2737 2681 2719
f 2681 2708 2719
f 2719 2734 2737
f 2737 2734 2757
f 2737 2757 2796
f 2796 2793 2818
f 2757 2793 2796
f 2793 2814 2818
f 2793 2778 2814
f 2778 2800 2814
f 2421 2405 2435
f 2405 2414 2435
f 2357 2305 2356
f 2307 2305 2357
f 2257 2305 2307
f 2421 2435 2457
f 2423 2421 2457
f 2357 2392 2371
f 2371 2307 2357
f 2392 2423 2411
f 2371 2392 2411
f 2423 2457 2441
f 2411 2423 2441
f 2190 2257 2239
f 2257 2307 2239
f 2190 2207 2257
f 2181 2207 2145
f 2145 2207 2190
f 2129 2181 2145
f 1688 1769 1698
f 1540 1688 1698
f 1523 1629 1562
f 1523 1562 1489
f 1490 1523 1489
f 1513 1523 1490
f 1540 1519 1476
f 1476 1519 1459
f 1519 1513 1459
f 1459 1513 1490
f 1506 1540 1476
f 1618 1688 1540
f 1506 1618 1540
f 1737 1769 1688
f 1640 1795 1737
f 1751 1819 1795
f 1751 1795 1640
f 1618 1737 1688
f 1640 1737 1618
f 1817 1853 1819
f 1779 1817 1819
f 1779 1819 1751
f 1853 1871 1819
f 1853 1892 1871
f 1928 1956 1929
f 1928 1929 1905
f 1956 1960 1929
f 1905 1929 1892
f 1876 1905 1892
f 1876 1892 1853
f 1953 1956 1928
f 2414 2390 2439
f 2414 2439 2476
f 2473 2414 2476
f 2435 2414 2473
f 2415 2367 2410
f 2415 2410 2437
f 2437 2410 2459
f 2459 2410 2448
f 2479 2448 2410
f 2426 2479 2410
f 2390 2388 2422
f 2422 2388 2439
f 2439 2388 2432
f 2367 2432 2388
f 2415 2432 2367
f 2439 2390 2422
f 1978 1953 1958
f 1936 1953 1928
f 1958 1953 1936
f 2017 2008 1978
f 1984 1978 1958
f 2016 1978 1984
f 2016 2017 1978
f 2017 2043 2008
f 2136 2135 2095
f 2079 2136 2095
f 2079 2095 2043
f 2072 2079 2043
f 2072 2043 2042
f 2042 2043 2017
f 2136 2164 2135
f 2164 2158 2135
f 2164 2186 2158
f 2186 2177 2158
f 2158 2177 2178
f 2158 2178 2166
f 2158 2166 2153
f 2186 2183 2177
f 2186 2194 2183
f 2183 2194 2197
f 2194 2208 2197
f 2210 2235 2208
f 2210 2208 2194
f 2210 2238 2235
f 2271 2235 2238
f 2249 2271 2238
f 2301 2271 2244
f 2301 2322 2271
f 2271 2322 2311
f 2244 2271 2249
f 2444 2467 2311
f 2322 2444 2311
f 2444 2551 2467
f 2551 2543 2467
f 2467 2543 2499
f 2543 2580 2499
f 2580 2579 2499
f 2499 2579 2552
f 2468 2479 2426
f 2484 2509 2478
f 2496 2529 2484
f 2529 2509 2484
f 2508 2478 2509
f 2508 2461 2478
f 2468 2461 2508
f 2508 2502 2468
f 2468 2502 2479
f 2552 2584 2538
f 2587 2584 2552
f 2552 2579 2587
f 2538 2529 2496
f 2584 2569 2538
f 2538 2569 2529
f 1965 2031 2038
f 1950 2031 1965
f 1965 2038 1987
f 2038 2094 2028
f 1987 2038 2028
f 2094 2109 2060
f 2028 2094 2060
f 2060 2109 2056
f 2109 2129 2090
f 2056 2109 2090
f 2129 2145 2096
f 2074 2129 2096
f 2074 2090 2129
f 1875 1899 1916
f 1899 1965 1916
f 1899 1950 1965
f 1846 1861 1899
f 1846 1899 1875
f 1810 1860 1861
f 1810 1861 1846
f 1803 1810 1846
f 1803 1776 1810
f 1504 1537 1594
f 1504 1594 1576
f 1576 1594 1648
f 1504 1449 1537
f 1537 1480 1507
f 1421 1480 1537
f 1537 1507 1555
f 1449 1421 1537
f 1507 1489 1555
f 1489 1562 1555
f 1628 1648 1679
f 1576 1648 1628
f 1628 1679 1664
f 1664 1679 1692
f 1692 1679 1712
f 1719 1712 1730
f 1730 1712 1756
f 1709 1712 1719
f 1692 1712 1709
f 1730 1756 1743
f 1743 1756 1776
f 1743 1776 1767
f 1767 1776 1803
f 2546 2525 2481
f 2481 2525 2452
f 2481 2452 2324
f 2452 2342 2324
f 2342 2425 2347
f 2342 2347 2308
f 2342 2308 2270
f 2230 2342 2270
f 2324 2342 2230
f 2425 2498 2428
f 2425 2428 2347
f 2563 2562 2498
f 2609 2604 2563
f 2563 2604 2562
f 2562 2550 2498
f 2498 2550 2501
f 2498 2501 2428
f 2609 2648 2623
f 2648 2635 2623
f 2609 2623 2604
f 2623 2635 2604
f 2604 2635 2578
f 2635 2641 2578
f 2641 2616 2578
f 2668 2736 2701
f 2616 2668 2599
f 2668 2639 2599
f 2668 2701 2639
f 2578 2616 2530
f 2530 2616 2522
f 2616 2599 2522
f 2291 2293 2345
f 2345 2293 2403
f 2316 2556 2403
f 2263 2316 2403
f 2263 2403 2293
f 2245 2291 2273
f 2245 2293 2291
f 2273 2233 2245
f 2273 2258 2233
f 2277 2258 2273
f 2350 2277 2351
f 2350 2331 2277
f 2277 2331 2252
f 2277 2252 2255
f 2277 2255 2258
f 2440 2556 2316
f 2531 2618 2556
f 2556 2618 2651
f 2556 2651 2708
f 2440 2531 2556
f 2708 2694 2722
f 2708 2722 2719
f 2708 2651 2694
f 2252 2331 2306
f 2331 2424 2306
f 2503 2546 2481
f 2503 2481 2424
f 2424 2481 2324
f 2424 2324 2306
f 2719 2722 2734
f 2757 2734 2743
f 2734 2722 2743
f 2757 2753 2793
f 2743 2753 2757
f 2753 2778 2793
f 2741 2750 2778
f 2753 2741 2778
f 2778 2750 2800
f 2800 2763 2807
f 2750 2763 2800
f 2457 2435 2473
f 2327 2307 2371
f 2239 2307 2327
f 2472 2457 2485
f 2457 2473 2485
f 2441 2457 2472
f 2327 2371 2399
f 2371 2411 2399
f 2411 2441 2399
f 2399 2441 2455
f 2455 2441 2472
f 2190 2239 2169
f 2190 2169 2130
f 2145 2190 2130
f 2169 2239 2224
f 2224 2239 2327
f 2104 2145 2130
f 2096 2145 2104
f 1475 1490 1489
f 1507 1475 1489
f 1459 1490 1438
f 1438 1490 1475
f 1454 1506 1476
f 1454 1476 1409
f 1476 1459 1409
f 1459 1438 1372
f 1409 1459 1372
f 1495 1506 1454
f 1640 1618 1506
f 1640 1506 1495
f 1640 1661 1751
f 1566 1661 1640
f 1566 1640 1495
f 1741 1779 1751
f 1696 1741 1751
f 1583 1751 1661
f 1636 1751 1583
f 1636 1696 1751
f 1847 1853 1817
f 1791 1817 1779
f 1818 1817 1791
f 1818 1847 1817
f 1847 1876 1853
f 1746 1779 1741
f 1791 1779 1746
f 1914 1936 1928
f 1914 1928 1902
f 1902 1928 1905
f 1902 1905 1876
f 1889 1902 1876
f 1867 1876 1847
f 1889 1876 1867
f 2439 2432 2446
f 2439 2446 2474
f 2476 2439 2474
f 2473 2476 2517
f 2476 2474 2521
f 2517 2476 2521
f 2519 2473 2517
f 2485 2473 2519
f 2437 2446 2415
f 2446 2432 2415
f 2459 2446 2437
f 2474 2446 2459
f 2474 2459 2495
f 2459 2448 2495
f 2495 2448 2479
f 2515 2479 2502
f 2495 2479 2515
f 1967 1984 1958
f 1967 1958 1934
f 1934 1958 1936
f 1934 1936 1914
f 2042 2017 2016
f 2016 1984 2021
f 2021 1984 1993
f 1993 1984 1967
f 2051 2042 2016
f 2051 2016 2021
f 2161 2187 2136
f 2187 2164 2136
f 2079 2125 2136
f 2125 2161 2136
f 2072 2107 2079
f 2107 2125 2079
f 2105 2107 2072
f 2066 2072 2042
f 2105 2072 2066
f 2051 2066 2042
f 2164 2195 2186
f 2187 2195 2164
f 2195 2205 2186
f 2186 2210 2194
f 2205 2210 2186
f 2211 2238 2210
f 2211 2210 2205
f 2236 2249 2238
f 2211 2236 2238
f 2244 2249 2236
f 2280 2301 2244
f 2325 2335 2301
f 2283 2325 2301
f 2301 2335 2322
f 2283 2301 2280
f 2260 2244 2236
f 2260 2280 2244
f 2361 2322 2335
f 2431 2322 2361
f 2431 2444 2322
f 2431 2522 2444
f 2522 2551 2444
f 2599 2639 2551
f 2639 2603 2551
f 2551 2603 2543
f 2599 2551 2522
f 2603 2580 2543
f 2603 2642 2580
f 2642 2621 2580
f 2580 2621 2600
f 2600 2579 2580
f 2587 2579 2612
f 2612 2579 2600
f 2508 2509 2542
f 2542 2509 2560
f 2560 2509 2529
f 2560 2529 2573
f 2573 2529 2569
f 2524 2502 2508
f 2524 2508 2555
f 2555 2508 2542
f 2515 2502 2524
f 2602 2584 2620
f 2620 2584 2607
f 2587 2607 2584
f 2602 2569 2584
f 2612 2622 2587
f 2622 2607 2587
f 2573 2569 2602
f 1947 1965 1987
f 1916 1965 1947
f 1947 1987 1972
f 1987 2028 1972
f 1997 2028 2060
f 1972 2028 1997
f 1997 2060 2056
f 2056 2090 2041
f 2005 2056 2041
f 1997 2056 2005
f 2041 2090 2074
f 2050 2074 2096
f 2050 2096 2070
f 2070 2096 2104
f 2025 2041 2074
f 2025 2074 2050
f 1833 1846 1875
f 1833 1875 1844
f 1844 1875 1886
f 1886 1875 1916
f 1886 1916 1913
f 1916 1947 1913
f 1803 1846 1833
f 1767 1803 1802
f 1802 1803 1833
f 1379 1408 1504
f 1379 1504 1509
f 1408 1449 1504
f 1509 1504 1576
f 1509 1576 1585
f 1585 1576 1628
f 1381 1412 1449
f 1412 1421 1449
f 1408 1381 1449
f 1480 1475 1507
f 1421 1413 1480
f 1413 1431 1480
f 1431 1475 1480
f 1412 1389 1421
f 1389 1413 1421
f 1585 1628 1625
f 1625 1628 1653
f 1653 1628 1664
f 1653 1664 1671
f 1671 1664 1692
f 1671 1692 1683
f 1683 1692 1715
f 1692 1709 1715
f 1715 1709 1719
f 1719 1730 1715
f 1715 1730 1743
f 1715 1743 1735
f 1735 1743 1767
f 1735 1767 1773
f 1773 1767 1802
f 2306 2324 2254
f 2254 2324 2230
f 2428 2379 2347
f 2379 2340 2347
f 2347 2340 2325
f 2347 2325 2308
f 2308 2325 2283
f 2270 2308 2283
f 2230 2270 2226
f 2270 2283 2260
f 2270 2260 2226
f 2254 2230 2187
f 2230 2226 2195
f 2230 2195 2187
f 2501 2486 2428
f 2428 2486 2406
f 2428 2406 2379
f 2562 2604 2578
f 2562 2578 2550
f 2578 2530 2550
f 2501 2550 2530
f 2501 2530 2511
f 2511 2486 2501
f 2701 2732 2689
f 2701 2689 2639
f 2639 2659 2603
f 2639 2689 2659
f 2511 2530 2522
f 2511 2522 2486
f 2486 2522 2431
f 2263 2293 2245
f 2316 2288 2440
f 2263 2223 2316
f 2234 2316 2223
f 2234 2288 2316
f 2245 2213 2263
f 2213 2223 2263
f 2233 2212 2245
f 2245 2212 2213
f 2233 2258 2228
f 2233 2228 2202
f 2202 2212 2233
f 2228 2258 2255
f 2228 2252 2201
f 2201 2252 2199
f 2252 2306 2254
f 2254 2199 2252
f 2228 2255 2252
f 2465 2531 2440
f 2288 2465 2440
f 2465 2520 2531
f 2570 2596 2531
f 2531 2596 2618
f 2531 2520 2570
f 2665 2618 2630
f 2651 2618 2665
f 2618 2596 2630
f 2694 2651 2673
f 2651 2665 2673
f 2694 2685 2722
f 2673 2685 2694
f 2685 2730 2722
f 2722 2730 2743
f 2743 2730 2753
f 2730 2741 2753
f 2741 2698 2750
f 2730 2705 2741
f 2705 2698 2741
f 2698 2711 2750
f 2750 2711 2763
f 2717 2755 2763
f 2711 2717 2763
f 2763 2755 2790
f 2763 2790 2807
f 2327 2399 2383
f 2284 2327 2383
f 2224 2327 2284
f 2455 2472 2493
f 2472 2485 2505
f 2472 2505 2493
f 2505 2485 2519
f 2383 2399 2455
f 2455 2493 2463
f 2383 2455 2463
f 2108 2169 2163
f 2169 2224 2163
f 2130 2169 2108
f 2104 2130 2093
f 2093 2130 2108
f 2163 2224 2198
f 2224 2284 2198
f 2070 2104 2093
f 1438 1475 1431
f 1372 1438 1395
f 1395 1438 1431
f 1374 1495 1454
f 1374 1454 1370
f 1370 1454 1409
f 1370 1409 1372
f 1268 1372 1310
f 1372 1350 1310
f 1372 1395 1350
f 1311 1370 1372
f 1268 1311 1372
f 1477 1495 1374
f 1477 1566 1495
f 1583 1661 1566
f 1583 1566 1467
f 1467 1566 1477
f 1696 1746 1741
f 1722 1746 1696
f 1677 1722 1696
f 1677 1696 1613
f 1613 1696 1636
f 1447 1583 1467
f 1517 1583 1447
f 1517 1578 1583
f 1578 1636 1583
f 1613 1636 1578
f 1845 1867 1847
f 1845 1847 1818
f 1808 1818 1791
f 1764 1808 1791
f 1764 1791 1746
f 1808 1845 1818
f 1722 1764 1746
f 1910 1934 1914
f 1889 1914 1902
f 1910 1914 1889
f 1882 1910 1889
f 1882 1889 1867
f 1882 1867 1845
f 2521 2474 2495
f 2519 2517 2553
f 2517 2521 2567
f 2553 2517 2567
f 2521 2495 2515
f 2521 2515 2561
f 2521 2561 2582
f 2567 2521 2582
f 2519 2553 2574
f 2532 2519 2574
f 2505 2519 2532
f 2561 2515 2524
f 1967 1934 1944
f 1967 1944 1976
f 1967 1976 1993
f 1944 1934 1910
f 1993 2026 2021
f 2026 2048 2021
f 2021 2048 2051
f 2020 2026 1993
f 1993 1976 2020
f 2087 2066 2051
f 2083 2087 2051
f 2083 2051 2048
f 2176 2161 2143
f 2143 2161 2125
f 2199 2187 2161
f 2176 2199 2161
f 2254 2187 2199
f 2143 2125 2107
f 2143 2107 2105
f 2118 2144 2105
f 2087 2118 2105
f 2087 2105 2066
f 2144 2143 2105
f 2226 2205 2195
f 2226 2211 2205
f 2226 2236 2211
f 2226 2260 2236
f 2283 2280 2260
f 2340 2361 2325
f 2325 2361 2335
f 2406 2431 2361
f 2340 2406 2361
f 2486 2431 2406
f 2659 2642 2603
f 2657 2642 2674
f 2674 2642 2664
f 2659 2680 2642
f 2664 2642 2680
f 2657 2621 2642
f 2633 2600 2621
f 2633 2621 2657
f 2612 2600 2633
f 2633 2622 2612
f 2560 2564 2542
f 2572 2542 2564
f 2555 2542 2572
f 2573 2564 2560
f 2597 2573 2602
f 2597 2564 2573
f 2561 2524 2555
f 2561 2555 2572
f 2597 2602 2620
f 2620 2607 2636
f 2652 2620 2636
f 2597 2620 2652
f 2636 2607 2622
f 2649 2622 2633
f 2636 2622 2649
f 1933 1947 1972
f 1913 1947 1933
f 1933 1972 1951
f 1951 1972 1997
f 1957 1997 2005
f 1951 1997 1957
f 1989 2041 2025
f 2005 2041 1989
f 1957 2005 1989
f 2050 2070 2033
f 2010 2050 2033
f 2025 2050 2010
f 2070 2093 2058
f 2033 2070 2058
f 1989 2025 1973
f 1973 2025 2010
f 1802 1833 1844
f 1812 1844 1850
f 1802 1844 1812
f 1850 1844 1886
f 1886 1913 1881
f 1850 1886 1881
f 1881 1913 1896
f 1896 1913 1933
f 1773 1802 1812
f 1351 1379 1444
f 1227 1379 1351
f 1264 1319 1379
f 1319 1408 1379
f 1227 1264 1379
f 1444 1379 1509
f 1327 1381 1408
f 1269 1327 1408
f 1319 1269 1408
f 1444 1509 1524
f 1524 1509 1551
f 1509 1585 1551
f 1551 1585 1604
f 1585 1625 1612
f 1621 1585 1612
f 1604 1585 1621
f 1381 1345 1389
f 1381 1389 1412
f 1381 1336 1345
f 1327 1320 1381
f 1320 1336 1381
f 1390 1431 1413
f 1361 1390 1413
f 1389 1361 1413
f 1395 1431 1390
f 1345 1361 1389
f 1612 1625 1647
f 1647 1625 1654
f 1654 1625 1653
f 1654 1653 1671
f 1654 1671 1683
f 1645 1654 1683
f 1645 1683 1676
f 1676 1683 1708
f 1683 1715 1708
f 1708 1715 1735
f 1708 1735 1750
f 1750 1735 1773
f 1788 1773 1812
f 1750 1773 1788
f 2379 2406 2340
f 2732 2731 2689
f 2689 2688 2659
f 2689 2731 2688
f 2688 2680 2659
f 2231 2333 2288
f 2231 2288 2206
f 2234 2206 2288
f 2333 2465 2288
f 2182 2223 2213
f 2191 2234 2223
f 2182 2191 2223
f 2191 2206 2234
f 2182 2213 2180
f 2180 2213 2212
f 2180 2212 2202
f 2202 2228 2201
f 2180 2202 2173
f 2202 2201 2173
f 2201 2199 2176
f 2173 2201 2176
f 2465 2462 2520
f 2333 2462 2465
f 2462 2512 2520
f 2570 2520 2558
f 2520 2512 2558
f 2558 2571 2570
f 2570 2571 2590
f 2570 2590 2596
f 2596 2590 2630
f 2665 2685 2673
f 2665 2661 2685
f 2630 2661 2665
f 2630 2645 2661
f 2630 2617 2645
f 2590 2617 2630
f 2685 2661 2682
f 2685 2682 2730
f 2682 2705 2730
f 2698 2629 2711
f 2666 2698 2705
f 2666 2629 2698
f 2682 2666 2705
f 2629 2652 2711
f 2711 2652 2717
f 2652 2663 2717
f 2717 2663 2676
f 2717 2676 2693
f 2717 2693 2727
f 2717 2727 2755
f 2755 2745 2754
f 2755 2754 2794
f 2790 2755 2794
f 2755 2727 2745
f 2284 2383 2376
f 2376 2383 2463
f 2284 2376 2333
f 2231 2284 2333
f 2198 2284 2231
f 2463 2493 2512
f 2493 2505 2532
f 2493 2532 2512
f 2462 2463 2512
f 2376 2463 2462
f 2093 2108 2084
f 2084 2108 2088
f 2088 2108 2119
f 2119 2108 2163
f 2163 2198 2154
f 2119 2163 2154
f 2058 2093 2084
f 2154 2198 2162
f 2162 2198 2231
f 1395 1390 1350
f 1374 1370 1311
f 1293 1374 1311
f 1293 1410 1374
f 1410 1477 1374
f 1210 1268 1240
f 1240 1268 1263
f 1263 1268 1288
f 1268 1310 1288
f 1293 1311 1268
f 1210 1293 1268
f 1310 1345 1336
f 1298 1310 1336
f 1288 1310 1298
f 1310 1350 1345
f 1345 1350 1361
f 1350 1390 1361
f 1467 1477 1410
f 1447 1467 1410
f 1702 1722 1677
f 1702 1745 1722
f 1745 1764 1722
f 1639 1677 1613
f 1639 1702 1677
f 1544 1613 1578
f 1571 1613 1544
f 1571 1639 1613
f 1380 1451 1447
f 1380 1447 1357
f 1447 1410 1293
f 1357 1447 1293
f 1451 1517 1447
f 1544 1578 1517
f 1500 1544 1517
f 1500 1517 1468
f 1468 1517 1451
f 1866 1882 1845
f 1835 1845 1808
f 1866 1845 1835
f 1821 1835 1808
f 1821 1808 1786
f 1786 1808 1764
f 1745 1786 1764
f 1921 1944 1910
f 1921 1910 1882
f 1901 1921 1882
f 1901 1882 1866
f 2553 2567 2589
f 2574 2553 2589
f 2567 2582 2615
f 2589 2567 2615
f 2561 2572 2629
f 2582 2561 2629
f 2615 2582 2629
f 2532 2574 2571
f 2590 2574 2617
f 2574 2589 2617
f 2571 2574 2590
f 2558 2532 2571
f 2512 2532 2558
f 1963 1976 1944
f 1963 1944 1921
f 1990 2020 1976
f 1990 1976 1963
f 2052 2048 2026
f 2052 2026 2020
f 2073 2083 2048
f 2073 2048 2052
f 2030 2040 2020
f 2030 2020 2012
f 2020 2054 2052
f 1990 2012 2020
f 2020 2040 2054
f 2114 2118 2087
f 2114 2087 2083
f 2115 2114 2083
f 2115 2083 2101
f 2073 2101 2083
f 2173 2176 2143
f 2173 2143 2144
f 2147 2144 2118
f 2147 2118 2114
f 2173 2144 2180
f 2180 2144 2147
f 2657 2656 2633
f 2674 2656 2657
f 2693 2674 2664
f 2676 2656 2674
f 2676 2674 2693
f 2693 2664 2692
f 2692 2664 2680
f 2692 2680 2716
f 2716 2680 2710
f 2688 2710 2680
f 2663 2633 2656
f 2649 2633 2663
f 2572 2564 2597
f 2629 2572 2597
f 2629 2597 2652
f 2652 2636 2663
f 2663 2636 2649
f 1918 1933 1951
f 1896 1933 1918
f 1918 1951 1957
f 1918 1957 1912
f 1946 1957 1989
f 1912 1957 1946
f 1946 1989 1973
f 2010 2033 2002
f 2029 2006 2033
f 2029 2033 2058
f 2002 2033 2006
f 1975 2010 2002
f 1973 2010 1975
f 2029 2058 2034
f 2034 2058 2057
f 2058 2084 2057
f 1937 1973 1941
f 1941 1973 1975
f 1937 1946 1973
f 1820 1812 1850
f 1788 1812 1820
f 1850 1881 1854
f 1850 1854 1820
f 1872 1881 1896
f 1854 1881 1872
f 1859 1896 1880
f 1859 1872 1896
f 1880 1896 1918
f 1318 1351 1430
f 1430 1351 1442
f 1351 1444 1442
f 1250 1227 1351
f 1318 1250 1351
f 1493 1444 1524
f 1442 1444 1493
f 1250 1175 1227
f 1175 1152 1227
f 1227 1152 1182
f 1182 1200 1227
f 1227 1200 1264
f 1200 1195 1264
f 1264 1195 1253
f 1264 1253 1319
f 1253 1269 1319
f 1327 1287 1320
f 1269 1275 1327
f 1275 1287 1327
f 1269 1254 1275
f 1253 1244 1269
f 1244 1254 1269
f 1493 1524 1534
f 1524 1550 1534
f 1524 1551 1580
f 1524 1580 1550
f 1551 1588 1580
f 1551 1604 1588
f 1588 1604 1614
f 1604 1621 1614
f 1621 1612 1647
f 1614 1621 1645
f 1645 1621 1643
f 1621 1647 1643
f 1298 1336 1320
f 1320 1288 1298
f 1287 1288 1320
f 1643 1647 1654
f 1643 1654 1645
f 1645 1676 1660
f 1626 1645 1660
f 1609 1645 1626
f 1609 1614 1645
f 1660 1676 1691
f 1676 1708 1691
f 1691 1708 1732
f 1732 1708 1750
f 1766 1750 1788
f 1732 1750 1766
f 1766 1788 1796
f 1796 1788 1820
f 2745 2710 2731
f 2745 2731 2754
f 2731 2710 2688
f 2162 2231 2206
f 2333 2376 2462
f 2167 2162 2206
f 2167 2206 2191
f 2146 2191 2182
f 2146 2182 2147
f 2182 2180 2147
f 2146 2167 2191
f 2661 2647 2682
f 2645 2647 2661
f 2617 2647 2645
f 2617 2589 2647
f 2647 2666 2682
f 2615 2629 2666
f 2647 2615 2666
f 2663 2656 2676
f 2693 2692 2716
f 2727 2693 2716
f 2727 2716 2745
f 2716 2710 2745
f 2057 2084 2088
f 2098 2071 2088
f 2088 2071 2061
f 2057 2088 2061
f 2088 2119 2098
f 2119 2154 2123
f 2098 2119 2123
f 2154 2162 2123
f 2116 2162 2138
f 2116 2123 2162
f 2167 2138 2162
f 1229 1293 1210
f 1300 1293 1229
f 1357 1293 1300
f 1160 1210 1169
f 1210 1218 1169
f 1210 1240 1218
f 1160 1229 1210
f 1218 1240 1236
f 1240 1263 1236
f 1254 1263 1275
f 1275 1263 1287
f 1236 1263 1254
f 1263 1288 1287
f 1702 1739 1745
f 1686 1702 1639
f 1686 1739 1702
f 1739 1771 1745
f 1771 1786 1745
f 1624 1686 1639
f 1624 1639 1571
f 1539 1544 1500
f 1539 1571 1544
f 1575 1624 1571
f 1575 1571 1539
f 1427 1451 1380
f 1384 1427 1380
f 1380 1357 1300
f 1380 1300 1271
f 1347 1380 1271
f 1384 1380 1347
f 1427 1468 1451
f 1436 1500 1468
f 1436 1487 1500
f 1487 1539 1500
f 1436 1468 1427
f 1887 1901 1866
f 1858 1887 1866
f 1866 1835 1858
f 1821 1858 1835
f 1821 1786 1809
f 1809 1842 1821
f 1842 1858 1821
f 1809 1786 1771
f 1935 1963 1921
f 1935 1921 1901
f 1919 1935 1901
f 1919 1901 1887
f 2647 2589 2615
f 1990 1963 1985
f 1985 1963 1969
f 1969 1963 1935
f 1985 2012 1990
f 2054 2061 2052
f 2061 2071 2052
f 2052 2071 2073
f 2073 2098 2101
f 2073 2071 2098
f 2030 2057 2040
f 2030 2012 2034
f 2034 2057 2030
f 2054 2040 2057
f 2009 2034 2012
f 2009 2012 1985
f 2057 2061 2054
f 2146 2147 2114
f 2115 2146 2114
f 2115 2101 2116
f 2116 2138 2115
f 2115 2138 2146
f 2098 2123 2101
f 2116 2101 2123
f 1880 1918 1912
f 1880 1912 1877
f 1912 1946 1908
f 1912 1908 1877
f 1908 1946 1937
f 1975 2002 1974
f 2002 2006 1974
f 2009 2006 2029
f 2029 2034 2009
f 1981 2006 2009
f 1974 2006 1981
f 1948 1975 1974
f 1941 1975 1948
f 1907 1937 1941
f 1908 1937 1907
f 1907 1941 1900
f 1900 1941 1924
f 1924 1941 1948
f 1820 1841 1811
f 1796 1820 1811
f 1820 1854 1841
f 1841 1854 1872
f 1841 1872 1859
f 1829 1859 1848
f 1848 1859 1880
f 1824 1841 1859
f 1824 1859 1829
f 1857 1880 1877
f 1848 1880 1857
f 1290 1318 1366
f 1318 1417 1366
f 1318 1430 1417
f 1213 1217 1318
f 1217 1250 1318
f 1213 1318 1290
f 1417 1430 1469
f 1430 1442 1474
f 1469 1430 1474
f 1217 1167 1250
f 1167 1175 1250
f 1493 1534 1541
f 1122 1175 1167
f 1122 1117 1175
f 1175 1117 1152
f 1152 1120 1150
f 1116 1120 1152
f 1117 1116 1152
f 1152 1150 1182
f 1150 1157 1182
f 1182 1157 1200
f 1157 1166 1200
f 1200 1166 1195
f 1166 1184 1195
f 1195 1184 1204
f 1195 1204 1253
f 1204 1244 1253
f 1220 1236 1254
f 1244 1220 1254
f 1204 1220 1244
f 1541 1534 1557
f 1557 1534 1550
f 1557 1550 1574
f 1550 1580 1574
f 1574 1580 1592
f 1592 1580 1609
f 1609 1580 1600
f 1580 1588 1600
f 1600 1588 1614
f 1600 1614 1609
f 1646 1660 1675
f 1675 1660 1691
f 1626 1660 1646
f 1598 1609 1626
f 1598 1626 1611
f 1611 1626 1646
f 1598 1592 1609
f 1713 1691 1732
f 1675 1691 1713
f 1713 1732 1753
f 1732 1766 1753
f 1766 1796 1780
f 1753 1766 1780
f 1780 1796 1811
f 2146 2138 2167
f 1203 1229 1160
f 1271 1229 1203
f 1271 1300 1229
f 1113 1160 1114
f 1114 1160 1143
f 1160 1169 1143
f 1113 1159 1160
f 1159 1203 1160
f 1169 1220 1204
f 1169 1204 1184
f 1166 1169 1184
f 1143 1169 1166
f 1169 1218 1220
f 1220 1218 1236
f 1785 1771 1739
f 1729 1785 1739
f 1729 1739 1686
f 1678 1729 1686
f 1678 1686 1624
f 1785 1809 1771
f 1615 1624 1575
f 1615 1678 1624
f 1542 1575 1539
f 1542 1539 1503
f 1503 1539 1487
f 1542 1615 1575
f 1406 1427 1384
f 1406 1436 1427
f 1377 1406 1384
f 1377 1384 1347
f 1347 1271 1273
f 1273 1271 1203
f 1325 1377 1347
f 1325 1347 1295
f 1295 1347 1273
f 1460 1487 1436
f 1416 1460 1436
f 1416 1436 1406
f 1460 1503 1487
f 1893 1887 1858
f 1919 1887 1893
f 1842 1873 1858
f 1873 1893 1858
f 1834 1842 1809
f 1834 1809 1785
f 1869 1873 1842
f 1834 1869 1842
f 1955 1969 1935
f 1919 1955 1935
f 1923 1945 1919
f 1919 1893 1923
f 1919 1945 1955
f 1985 1981 2009
f 1985 1969 1981
f 1955 1981 1969
f 1857 1877 1851
f 1877 1908 1883
f 1877 1883 1852
f 1851 1877 1852
f 1883 1908 1907
f 1948 1974 1945
f 1974 1981 1955
f 1945 1974 1955
f 1923 1948 1945
f 1924 1948 1923
f 1883 1907 1884
f 1884 1907 1900
f 1900 1924 1897
f 1900 1897 1869
f 1863 1900 1869
f 1884 1900 1863
f 1923 1897 1924
f 1811 1841 1824
f 1780 1811 1789
f 1789 1811 1800
f 1800 1811 1824
f 1807 1829 1814
f 1814 1829 1848
f 1824 1829 1807
f 1814 1848 1825
f 1848 1857 1825
f 1800 1824 1807
f 1825 1857 1851
f 1183 1290 1286
f 1286 1290 1359
f 1359 1290 1366
f 1183 1213 1290
f 1366 1417 1422
f 1404 1366 1422
f 1359 1366 1404
f 1422 1417 1448
f 1417 1461 1448
f 1417 1469 1461
f 1092 1151 1213
f 1183 1092 1213
f 1213 1151 1217
f 1156 1167 1217
f 1151 1156 1217
f 1461 1469 1492
f 1492 1469 1502
f 1156 1122 1167
f 1541 1557 1547
f 1077 1117 1122
f 1115 1122 1156
f 1115 1073 1122
f 1073 1077 1122
f 1083 1116 1117
f 1083 1117 1087
f 1087 1117 1077
f 1120 1138 1150
f 1095 1120 1116
f 1095 1112 1120
f 1120 1112 1114
f 1120 1114 1138
f 1150 1138 1157
f 1083 1095 1116
f 1138 1166 1157
f 1138 1143 1166
f 1547 1557 1572
f 1557 1574 1572
f 1574 1592 1598
f 1572 1574 1598
f 1641 1646 1675
f 1611 1646 1641
f 1641 1675 1681
f 1675 1713 1711
f 1681 1675 1711
f 1572 1598 1611
f 1577 1572 1611
f 1577 1611 1616
f 1616 1611 1641
f 1711 1713 1736
f 1736 1713 1753
f 1754 1753 1780
f 1736 1753 1754
f 1754 1780 1770
f 1780 1789 1770
f 1192 1273 1203
f 1192 1203 1159
f 1126 1159 1113
f 1076 1126 1113
f 1076 1113 1048
f 1113 1114 1112
f 1095 1113 1112
f 1048 1113 1095
f 1114 1143 1138
f 1126 1192 1159
f 1826 1834 1785
f 1804 1826 1785
f 1804 1785 1761
f 1761 1785 1729
f 1725 1729 1678
f 1761 1729 1725
f 1710 1725 1678
f 1655 1710 1678
f 1655 1678 1615
f 1599 1655 1615
f 1599 1615 1542
f 1511 1599 1542
f 1511 1542 1473
f 1542 1503 1473
f 1473 1503 1460
f 1377 1416 1406
f 1354 1393 1377
f 1354 1377 1325
f 1393 1416 1377
f 1295 1273 1231
f 1231 1273 1192
f 1282 1325 1295
f 1323 1354 1325
f 1282 1323 1325
f 1282 1295 1243
f 1295 1231 1212
f 1243 1295 1212
f 1434 1460 1416
f 1434 1473 1460
f 1393 1434 1416
f 1923 1893 1897
f 1897 1893 1873
f 1869 1897 1873
f 1863 1869 1834
f 1826 1863 1834
f 1825 1851 1828
f 1828 1851 1852
f 1849 1852 1883
f 1883 1884 1849
f 1813 1852 1849
f 1828 1852 1813
f 1849 1884 1863
f 1849 1863 1826
f 1770 1789 1775
f 1775 1789 1800
f 1775 1800 1778
f 1800 1807 1778
f 1778 1807 1782
f 1807 1814 1782
f 1782 1814 1798
f 1814 1825 1798
f 1825 1828 1805
f 1798 1825 1805
f 1174 1183 1286
f 1106 1092 1183
f 1106 1183 1174
f 1283 1286 1349
f 1286 1376 1349
f 1164 1286 1283
f 1164 1174 1286
f 1286 1359 1376
f 1376 1359 1415
f 1359 1404 1415
f 1404 1422 1450
f 1450 1422 1466
f 1422 1448 1466
f 1415 1404 1450
f 1448 1461 1466
f 1466 1461 1492
f 1092 1086 1151
f 1106 1060 1092
f 1060 1086 1092
f 1086 1115 1151
f 1151 1115 1156
f 1466 1492 1494
f 1492 1502 1520
f 1494 1492 1520
f 1520 1502 1528
f 1554 1547 1572
f 1064 1087 1077
f 1062 1064 1077
f 1062 1077 1073
f 1075 1073 1115
f 1086 1075 1115
f 1075 1062 1073
f 1087 1095 1083
f 1064 1095 1087
f 1048 1095 1064
f 1554 1572 1577
f 1616 1641 1642
f 1642 1641 1681
f 1665 1681 1699
f 1681 1711 1699
f 1642 1681 1665
f 1699 1711 1724
f 1711 1736 1724
f 1581 1577 1616
f 1567 1577 1581
f 1546 1554 1577
f 1546 1577 1567
f 1610 1616 1642
f 1581 1616 1610
f 1724 1736 1754
f 1754 1770 1755
f 1723 1754 1755
f 1724 1754 1723
f 1755 1770 1775
f 1231 1192 1161
f 1161 1192 1126
f 1125 1126 1082
f 1125 1161 1126
f 1082 1126 1076
f 1034 1076 1048
f 1052 1082 1076
f 1052 1076 1034
f 1034 1048 1033
f 1038 1048 1064
f 1033 1048 1038
f 1849 1826 1804
f 1763 1804 1761
f 1763 1813 1804
f 1813 1849 1804
f 1763 1761 1725
f 1710 1763 1725
f 1670 1718 1710
f 1718 1748 1710
f 1670 1710 1655
f 1748 1763 1710
f 1670 1655 1599
f 1603 1670 1599
f 1603 1599 1511
f 1462 1511 1473
f 1561 1511 1496
f 1561 1603 1511
f 1496 1511 1462
f 1462 1473 1424
f 1424 1473 1434
f 1323 1360 1354
f 1360 1393 1354
f 1424 1434 1393
f 1360 1424 1393
f 1188 1231 1161
f 1212 1231 1188
f 1282 1243 1205
f 1205 1242 1282
f 1242 1276 1282
f 1276 1323 1282
f 1276 1328 1323
f 1328 1360 1323
f 1205 1243 1212
f 1131 1205 1212
f 1131 1212 1135
f 1135 1212 1188
f 1805 1828 1813
f 1783 1813 1763
f 1805 1813 1783
f 1755 1775 1758
f 1758 1775 1778
f 1749 1778 1782
f 1758 1778 1749
f 1749 1782 1747
f 1782 1768 1747
f 1782 1798 1768
f 1798 1805 1774
f 1768 1798 1774
f 1774 1805 1783
f 1093 1106 1174
f 1164 1093 1174
f 1046 1060 1106
f 1044 1046 1106
f 1093 1044 1106
f 1265 1283 1346
f 1346 1283 1356
f 1283 1349 1356
f 1144 1283 1265
f 1144 1164 1283
f 1356 1349 1385
f 1349 1376 1398
f 1349 1398 1385
f 1376 1415 1443
f 1398 1376 1443
f 1035 1028 1164
f 1035 1164 1144
f 1028 1093 1164
f 1415 1456 1443
f 1415 1450 1456
f 1450 1466 1481
f 1450 1481 1485
f 1456 1450 1485
f 1481 1466 1494
f 1060 1047 1086
f 1047 1053 1086
f 1086 1053 1075
f 1046 1022 1060
f 1022 1015 1060
f 1015 1047 1060
f 1497 1494 1521
f 1494 1520 1521
f 1497 1481 1494
f 1521 1520 1538
f 1520 1528 1538
f 1528 1546 1538
f 1038 1064 1062
f 1053 1038 1062
f 1053 1062 1075
f 1620 1610 1642
f 1620 1642 1665
f 1633 1665 1650
f 1650 1665 1680
f 1665 1699 1680
f 1633 1620 1665
f 1680 1699 1703
f 1699 1724 1703
f 1703 1724 1723
f 1552 1567 1581
f 1552 1581 1586
f 1586 1581 1610
f 1538 1546 1567
f 1538 1567 1552
f 1586 1610 1620
f 1738 1755 1758
f 1723 1755 1738
f 1703 1723 1694
f 1694 1723 1705
f 1705 1723 1717
f 1723 1738 1717
f 1125 1188 1161
f 1067 1125 1082
f 1135 1188 1125
f 1135 1125 1067
f 1067 1082 1052
f 1007 1034 1033
f 1052 1034 1018
f 1018 1034 1007
f 1052 1018 995
f 995 1067 1052
f 1007 1033 1011
f 1033 1038 1037
f 1011 1033 1037
f 1037 1038 1053
f 1748 1783 1763
f 1656 1670 1603
f 1656 1714 1670
f 1714 1718 1670
f 1744 1748 1718
f 1714 1744 1718
f 1774 1783 1748
f 1744 1774 1748
f 1656 1603 1561
f 1414 1462 1424
f 1453 1462 1414
f 1453 1496 1462
f 1589 1623 1561
f 1589 1561 1501
f 1453 1561 1496
f 1501 1561 1453
f 1623 1656 1561
f 1414 1424 1360
f 1414 1360 1362
f 1362 1360 1328
f 1206 1242 1205
f 1154 1205 1131
f 1154 1206 1205
f 1233 1276 1242
f 1233 1242 1206
f 1289 1276 1233
f 1289 1328 1276
f 1343 1362 1328
f 1343 1328 1289
f 1131 1135 1090
f 1036 1131 1090
f 1107 1131 1036
f 1107 1154 1131
f 1043 1135 1067
f 1090 1135 1043
f 1758 1749 1731
f 1738 1758 1731
f 1731 1749 1721
f 1721 1749 1728
f 1749 1747 1728
f 1747 1768 1744
f 1747 1744 1714
f 1728 1747 1714
f 1768 1774 1744
f 1028 1044 1093
f 1044 1020 1046
f 1020 1022 1046
f 982 989 1044
f 993 982 1044
f 993 1044 1028
f 1044 989 1020
f 1294 1265 1316
f 1316 1265 1346
f 1215 1265 1294
f 1215 1144 1265
f 1365 1346 1386
f 1386 1346 1375
f 1346 1356 1378
f 1346 1378 1375
f 1316 1346 1365
f 1356 1385 1392
f 1378 1356 1392
f 1050 1035 1144
f 1118 1050 1144
f 1118 1144 1215
f 1392 1385 1432
f 1385 1433 1432
f 1385 1398 1433
f 1398 1443 1433
f 1433 1443 1463
f 1443 1456 1463
f 1035 976 1028
f 961 1035 949
f 949 1035 1050
f 961 976 1035
f 978 993 1028
f 976 978 1028
f 1463 1456 1485
f 1485 1481 1497
f 1463 1485 1478
f 1478 1485 1515
f 1485 1505 1515
f 1485 1497 1505
f 1047 1037 1053
f 1015 1037 1047
f 1020 994 1022
f 1022 1004 1015
f 994 1004 1022
f 1011 1037 1015
f 1004 1011 1015
f 1505 1497 1521
f 1505 1521 1515
f 1521 1538 1552
f 1515 1521 1552
f 1591 1579 1620
f 1579 1586 1620
f 1591 1620 1633
f 1591 1633 1602
f 1602 1633 1650
f 1602 1650 1607
f 1607 1650 1651
f 1651 1650 1680
f 1680 1703 1694
f 1680 1694 1673
f 1651 1680 1673
f 1545 1552 1586
f 1515 1552 1545
f 1545 1586 1579
f 1717 1738 1731
f 1694 1705 1690
f 1674 1694 1690
f 1673 1694 1674
f 1690 1705 1693
f 1705 1717 1693
f 1693 1717 1700
f 1717 1731 1700
f 964 1067 995
f 1043 1067 964
f 988 1007 1011
f 991 1018 1007
f 991 1007 988
f 995 1018 991
f 936 995 957
f 995 991 957
f 964 995 936
f 988 1011 1004
f 1623 1669 1656
f 1669 1701 1656
f 1701 1714 1656
f 1728 1714 1701
f 1394 1414 1362
f 1453 1414 1394
f 1429 1453 1394
f 1501 1453 1429
f 1589 1659 1623
f 1595 1589 1501
f 1595 1632 1589
f 1632 1659 1589
f 1659 1669 1623
f 1601 1595 1501
f 1601 1501 1518
f 1437 1501 1429
f 1518 1501 1437
f 1343 1394 1362
f 1226 1233 1206
f 1201 1226 1206
f 1201 1206 1154
f 1180 1201 1154
f 1136 1180 1154
f 1136 1154 1107
f 1262 1289 1233
f 1226 1262 1233
f 1317 1343 1289
f 1262 1317 1289
f 1317 1369 1343
f 1369 1394 1343
f 1036 1090 1016
f 1016 1090 1043
f 1026 1069 1036
f 985 1026 1036
f 985 1036 953
f 1036 1016 953
f 1069 1107 1036
f 1109 1136 1107
f 1109 1107 1069
f 975 1016 1043
f 975 1043 964
f 1700 1731 1721
f 1721 1728 1701
f 1689 1721 1701
f 1700 1721 1689
f 989 994 1020
f 982 968 989
f 960 950 982
f 960 982 993
f 950 968 982
f 969 994 989
f 968 969 989
f 978 960 993
f 1335 1294 1341
f 1294 1316 1341
f 1313 1215 1294
f 1313 1294 1335
f 1341 1316 1367
f 1316 1365 1367
f 1202 1118 1215
f 1202 1215 1278
f 1278 1215 1313
f 1367 1365 1386
f 1367 1386 1418
f 1375 1402 1386
f 1386 1402 1426
f 1418 1386 1426
f 1375 1378 1402
f 1378 1392 1402
f 1402 1392 1432
f 1008 949 1050
f 1008 1050 1118
f 1084 1008 1118
f 1084 1118 1202
f 1426 1432 1465
f 1432 1457 1465
f 1432 1433 1457
f 1426 1402 1432
f 1433 1463 1457
f 1457 1463 1478
f 961 920 976
f 920 947 976
f 947 978 976
f 949 928 961
f 928 920 961
f 932 949 1008
f 909 949 932
f 909 905 949
f 905 928 949
f 947 960 978
f 1457 1478 1465
f 1465 1478 1515
f 1465 1515 1545
f 988 1004 994
f 969 988 994
f 1569 1591 1602
f 1558 1591 1553
f 1558 1579 1591
f 1553 1591 1569
f 1545 1579 1558
f 1549 1569 1602
f 1549 1602 1607
f 1529 1607 1559
f 1559 1607 1584
f 1607 1622 1584
f 1549 1607 1529
f 1607 1651 1622
f 1651 1673 1657
f 1622 1651 1657
f 1657 1673 1674
f 1465 1545 1508
f 1508 1545 1558
f 1674 1690 1672
f 1672 1690 1693
f 1657 1674 1652
f 1652 1674 1672
f 1658 1693 1700
f 1672 1693 1658
f 1658 1700 1668
f 1700 1689 1668
f 906 975 964
f 906 964 915
f 915 964 936
f 957 991 988
f 957 988 969
f 936 957 924
f 936 924 897
f 915 936 897
f 924 957 948
f 948 957 969
f 1689 1701 1669
f 1659 1689 1669
f 1369 1429 1394
f 1368 1429 1369
f 1437 1429 1368
f 1632 1668 1659
f 1668 1689 1659
f 1619 1627 1595
f 1627 1632 1595
f 1601 1619 1595
f 1627 1658 1632
f 1658 1668 1632
f 1587 1601 1518
f 1606 1619 1601
f 1587 1606 1601
f 1543 1587 1518
f 1514 1543 1518
f 1514 1518 1420
f 1420 1518 1437
f 1324 1437 1277
f 1277 1437 1368
f 1420 1437 1324
f 1201 1241 1226
f 1241 1262 1226
f 1214 1241 1201
f 1180 1214 1201
f 1196 1214 1180
f 1136 1196 1180
f 1128 1185 1136
f 1185 1237 1136
f 1237 1196 1136
f 1128 1136 1109
f 1277 1262 1241
f 1277 1317 1262
f 1368 1317 1277
f 1368 1369 1317
f 940 1016 975
f 953 1016 940
f 1026 1080 1069
f 1021 1074 1026
f 1021 1026 985
f 1074 1080 1026
f 1080 1109 1069
f 942 985 953
f 1021 985 942
f 895 942 953
f 895 953 879
f 953 940 879
f 1080 1128 1109
f 940 975 906
f 950 948 968
f 948 969 968
f 918 950 960
f 918 960 947
f 925 948 950
f 918 925 950
f 1313 1335 1371
f 1335 1341 1371
f 1371 1341 1367
f 1329 1278 1313
f 1329 1313 1355
f 1313 1371 1355
f 1371 1367 1418
f 1202 1278 1308
f 1209 1202 1308
f 1084 1202 1209
f 1308 1278 1329
f 1418 1465 1508
f 1418 1426 1465
f 1388 1418 1403
f 1371 1418 1388
f 1418 1508 1488
f 1403 1418 1488
f 1005 1008 1084
f 939 1008 1005
f 889 932 1008
f 939 889 1008
f 1005 1084 1099
f 1099 1084 1211
f 1084 1209 1211
f 918 947 920
f 904 918 920
f 928 904 920
f 905 904 928
f 889 891 932
f 891 909 932
f 878 881 909
f 891 878 909
f 909 881 905
f 881 872 905
f 872 904 905
f 1536 1569 1549
f 1532 1553 1569
f 1536 1532 1569
f 1508 1558 1553
f 1488 1553 1532
f 1488 1508 1553
f 1512 1549 1529
f 1527 1536 1549
f 1512 1527 1549
f 1529 1559 1516
f 1472 1512 1529
f 1472 1529 1479
f 1479 1529 1516
f 1516 1559 1526
f 1559 1584 1560
f 1526 1559 1560
f 1560 1584 1573
f 1573 1584 1597
f 1584 1622 1597
f 1622 1657 1634
f 1622 1634 1617
f 1597 1622 1617
f 1634 1657 1652
f 1652 1672 1644
f 1644 1672 1658
f 1630 1652 1644
f 1634 1652 1630
f 1644 1658 1627
f 906 915 875
f 854 906 875
f 834 906 854
f 898 906 834
f 898 940 906
f 915 897 875
f 900 924 925
f 924 948 925
f 897 924 900
f 866 897 900
f 856 897 866
f 875 897 856
f 1606 1630 1619
f 1630 1644 1619
f 1619 1644 1627
f 1568 1605 1587
f 1605 1608 1587
f 1587 1608 1606
f 1568 1587 1543
f 1634 1606 1608
f 1634 1630 1606
f 1514 1568 1543
f 1425 1514 1420
f 1533 1514 1491
f 1533 1563 1514
f 1563 1568 1514
f 1491 1514 1425
f 1425 1420 1304
f 1304 1420 1324
f 1324 1277 1260
f 1237 1324 1260
f 1304 1324 1237
f 1260 1277 1241
f 1260 1241 1214
f 1237 1214 1196
f 1237 1260 1214
f 1121 1128 1080
f 1121 1185 1128
f 1238 1304 1185
f 1238 1185 1148
f 1148 1185 1121
f 1185 1304 1237
f 879 940 898
f 1074 1121 1080
f 942 996 1021
f 996 1054 1021
f 1054 1074 1021
f 1103 1074 1054
f 1074 1148 1121
f 1103 1148 1074
f 867 942 895
f 935 996 942
f 867 935 942
f 820 895 879
f 827 895 820
f 827 867 895
f 820 879 822
f 879 898 862
f 879 862 822
f 883 918 904
f 883 925 918
f 883 900 925
f 1355 1371 1388
f 1312 1308 1329
f 1312 1329 1337
f 1337 1329 1355
f 1337 1355 1348
f 1348 1355 1403
f 1355 1388 1403
f 1209 1308 1274
f 1274 1308 1312
f 1209 1274 1235
f 1211 1209 1235
f 1364 1403 1396
f 1403 1446 1396
f 1403 1488 1446
f 1348 1403 1364
f 1446 1488 1498
f 1498 1488 1532
f 981 1005 1099
f 929 939 1005
f 981 929 1005
f 863 939 929
f 876 889 939
f 863 876 939
f 851 889 876
f 851 853 889
f 889 853 891
f 1178 1099 1189
f 1141 1099 1178
f 1078 981 1099
f 1078 1099 1141
f 1099 1211 1189
f 1211 1235 1247
f 1211 1247 1266
f 1211 1266 1234
f 1189 1211 1234
f 883 904 872
f 853 878 891
f 853 861 878
f 861 881 878
f 861 872 881
f 872 866 883
f 861 857 872
f 857 866 872
f 1498 1536 1527
f 1498 1532 1536
f 1405 1486 1512
f 1486 1527 1512
f 1405 1512 1472
f 1486 1498 1527
f 1479 1516 1482
f 1482 1516 1526
f 1441 1472 1479
f 1387 1472 1441
f 1387 1405 1472
f 1435 1479 1482
f 1435 1441 1479
f 1526 1560 1530
f 1526 1530 1499
f 1484 1526 1499
f 1482 1526 1484
f 1560 1573 1556
f 1535 1560 1556
f 1530 1560 1535
f 1573 1570 1556
f 1573 1597 1570
f 1597 1617 1582
f 1570 1597 1582
f 1617 1634 1593
f 1634 1608 1605
f 1593 1634 1605
f 1582 1617 1593
f 854 875 828
f 828 875 856
f 787 854 828
f 834 854 787
f 772 834 787
f 862 898 834
f 812 862 834
f 772 812 834
f 866 900 883
f 856 866 857
f 835 856 857
f 828 856 835
f 1563 1593 1568
f 1593 1605 1568
f 1332 1425 1304
f 1411 1483 1425
f 1483 1491 1425
f 1411 1425 1332
f 1525 1533 1491
f 1565 1563 1533
f 1525 1565 1533
f 1483 1525 1491
f 1565 1582 1563
f 1582 1593 1563
f 1238 1332 1304
f 1149 1238 1148
f 1249 1238 1149
f 1249 1332 1238
f 1149 1148 1103
f 1042 1054 996
f 999 1042 996
f 999 996 935
f 1070 1054 1042
f 1070 1103 1054
f 1149 1103 1070
f 894 935 867
f 838 894 867
f 838 867 827
f 923 959 935
f 894 923 935
f 959 999 935
f 820 822 763
f 729 820 763
f 783 820 729
f 783 827 820
f 817 838 827
f 817 827 783
f 763 822 812
f 822 862 812
f 1307 1312 1314
f 1307 1274 1312
f 1314 1312 1337
f 1314 1337 1348
f 1305 1348 1331
f 1331 1348 1364
f 1305 1314 1348
f 1281 1274 1307
f 1235 1274 1281
f 1247 1235 1281
f 1333 1364 1396
f 1331 1364 1333
f 1333 1396 1339
f 1339 1396 1401
f 1396 1446 1440
f 1401 1396 1440
f 1446 1498 1486
f 1440 1446 1486
f 896 981 1000
f 1000 981 1078
f 885 929 981
f 896 885 981
f 885 863 929
f 823 863 885
f 808 802 863
f 802 839 863
f 863 839 876
f 823 808 863
f 839 851 876
f 804 831 851
f 831 853 851
f 804 851 839
f 835 861 853
f 818 835 853
f 818 853 831
f 1178 1189 1219
f 1141 1178 1198
f 1219 1189 1234
f 1177 1141 1198
f 1078 1141 1177
f 1078 1177 1140
f 1100 1078 1140
f 1000 1078 1100
f 1266 1247 1281
f 1257 1234 1266
f 1257 1266 1297
f 1266 1281 1303
f 1305 1266 1303
f 1297 1266 1305
f 1219 1234 1257
f 835 857 861
f 1387 1363 1405
f 1363 1401 1405
f 1405 1401 1440
f 1440 1486 1405
f 1455 1482 1484
f 1435 1482 1455
f 1387 1441 1391
f 1391 1441 1435
f 1344 1387 1391
f 1334 1363 1387
f 1334 1387 1344
f 1358 1435 1383
f 1358 1391 1435
f 1383 1435 1455
f 1530 1535 1510
f 1499 1530 1510
f 1464 1499 1445
f 1445 1499 1458
f 1499 1510 1458
f 1484 1499 1470
f 1470 1499 1464
f 1452 1484 1470
f 1455 1484 1452
f 1556 1548 1531
f 1556 1570 1548
f 1535 1556 1522
f 1522 1556 1531
f 1510 1535 1522
f 1570 1582 1565
f 1548 1570 1565
f 787 828 777
f 803 828 835
f 777 828 803
f 787 777 762
f 731 787 762
f 772 787 731
f 763 812 772
f 763 772 731
f 803 835 818
f 1322 1332 1249
f 1322 1411 1332
f 1419 1411 1322
f 1471 1483 1411
f 1419 1471 1411
f 1471 1531 1483
f 1531 1525 1483
f 1548 1565 1525
f 1531 1548 1525
f 1071 1149 1070
f 1173 1249 1149
f 1173 1149 1071
f 1322 1249 1173
f 999 1070 1042
f 1071 1070 999
f 990 1071 999
f 990 999 959
f 880 919 894
f 880 894 838
f 919 923 894
f 817 880 838
f 923 990 959
f 984 923 919
f 984 1014 923
f 923 1014 990
f 703 763 731
f 674 763 703
f 674 729 763
f 737 783 729
f 687 737 729
f 687 729 674
f 789 817 783
f 737 789 783
f 860 880 817
f 821 860 817
f 821 817 789
f 1281 1307 1314
f 1281 1314 1303
f 1303 1314 1305
f 1297 1305 1331
f 1301 1297 1331
f 1301 1331 1333
f 1285 1333 1339
f 1285 1301 1333
f 1267 1339 1334
f 1339 1363 1334
f 1285 1339 1272
f 1339 1401 1363
f 1272 1339 1267
f 882 896 1000
f 896 825 885
f 794 825 896
f 882 794 896
f 973 1000 1066
f 973 882 1000
f 1066 1000 1100
f 825 823 885
f 779 780 823
f 823 780 808
f 825 779 823
f 780 791 808
f 808 791 802
f 802 804 839
f 791 804 802
f 804 818 831
f 781 818 804
f 791 781 804
f 781 803 818
f 1219 1257 1248
f 1225 1198 1239
f 1177 1198 1225
f 1190 1140 1177
f 1190 1177 1225
f 1100 1140 1168
f 1168 1140 1190
f 1130 1100 1168
f 1066 1100 1130
f 1257 1297 1270
f 1248 1257 1270
f 1270 1297 1301
f 1383 1455 1407
f 1407 1455 1428
f 1455 1452 1428
f 1344 1391 1299
f 1299 1391 1358
f 1292 1344 1299
f 1334 1344 1292
f 1267 1334 1292
f 1280 1358 1340
f 1358 1383 1340
f 1302 1358 1280
f 1299 1358 1302
f 1353 1383 1407
f 1340 1383 1353
f 1458 1510 1419
f 1510 1471 1419
f 1510 1522 1471
f 1439 1464 1445
f 1470 1464 1439
f 1439 1445 1397
f 1445 1458 1400
f 1397 1445 1400
f 1400 1458 1419
f 1452 1470 1439
f 1423 1452 1439
f 1428 1452 1423
f 1522 1531 1471
f 777 803 781
f 777 781 753
f 762 777 753
f 731 762 751
f 751 762 753
f 703 731 670
f 670 731 713
f 731 751 713
f 1207 1322 1173
f 1400 1419 1322
f 1338 1400 1322
f 1338 1322 1207
f 1102 1173 1071
f 1014 1102 1071
f 1014 1071 990
f 1207 1173 1102
f 916 880 860
f 916 919 880
f 916 984 919
f 1058 1014 984
f 956 1058 984
f 956 984 916
f 1058 1102 1014
f 674 703 670
f 623 687 674
f 623 674 630
f 630 674 670
f 687 754 737
f 754 789 737
f 678 720 687
f 720 754 687
f 678 687 651
f 651 687 623
f 754 797 789
f 797 821 789
f 844 887 860
f 887 916 860
f 844 860 821
f 844 821 797
f 1270 1301 1285
f 1255 1285 1272
f 1239 1270 1285
f 1255 1239 1285
f 1216 1267 1256
f 1256 1267 1292
f 1246 1272 1267
f 1216 1246 1267
f 1246 1255 1272
f 813 794 882
f 877 813 882
f 877 882 973
f 775 825 794
f 775 779 825
f 767 775 794
f 813 767 794
f 1031 973 1066
f 934 877 973
f 934 973 1031
f 1066 1130 1129
f 1108 1066 1129
f 1031 1066 1108
f 775 760 779
f 760 766 779
f 779 766 780
f 780 770 791
f 766 770 780
f 770 781 791
f 753 781 770
f 1239 1248 1270
f 1190 1225 1221
f 1225 1239 1221
f 1221 1239 1255
f 1171 1190 1193
f 1193 1190 1221
f 1171 1168 1190
f 1130 1168 1171
f 1129 1130 1170
f 1170 1130 1171
f 1353 1407 1373
f 1407 1428 1382
f 1373 1407 1382
f 1428 1423 1382
f 1228 1292 1299
f 1228 1299 1232
f 1232 1299 1302
f 1228 1256 1292
f 1223 1280 1222
f 1222 1280 1259
f 1280 1291 1259
f 1280 1340 1291
f 1223 1302 1280
f 1291 1340 1326
f 1340 1353 1326
f 1232 1302 1223
f 1309 1353 1330
f 1330 1353 1373
f 1326 1353 1309
f 1423 1439 1399
f 1399 1439 1397
f 1397 1400 1338
f 1352 1397 1338
f 1399 1397 1352
f 1382 1423 1399
f 753 770 751
f 751 770 752
f 713 751 752
f 644 670 713
f 630 670 644
f 644 713 671
f 713 752 723
f 713 723 693
f 671 713 693
f 1296 1207 1134
f 1134 1207 1058
f 1058 1207 1102
f 1284 1338 1207
f 1296 1284 1207
f 1352 1338 1284
f 887 956 916
f 1027 1058 956
f 1027 1134 1058
f 890 1027 956
f 890 956 887
f 582 623 630
f 568 623 524
f 568 617 623
f 617 651 623
f 524 623 582
f 582 630 595
f 595 630 644
f 720 764 754
f 764 792 754
f 792 797 754
f 678 651 617
f 650 678 617
f 698 720 678
f 650 698 678
f 728 720 698
f 728 764 720
f 836 844 797
f 792 836 797
f 836 887 844
f 890 887 836
f 1221 1255 1246
f 1139 1216 1172
f 1172 1216 1228
f 1216 1256 1228
f 1179 1191 1216
f 1191 1208 1216
f 1208 1246 1216
f 1179 1216 1139
f 1208 1221 1246
f 814 813 877
f 814 735 813
f 735 767 813
f 843 814 877
f 843 877 934
f 746 738 775
f 738 760 775
f 767 746 775
f 735 733 767
f 733 746 767
f 987 934 1031
f 987 1031 1059
f 1059 1031 1105
f 1105 1031 1108
f 908 934 987
f 908 843 934
f 1176 1129 1170
f 1158 1129 1176
f 1108 1129 1158
f 1105 1108 1162
f 1108 1158 1162
f 760 747 766
f 738 747 760
f 747 752 766
f 752 770 766
f 1193 1221 1208
f 1170 1171 1193
f 1176 1193 1208
f 1176 1170 1193
f 1373 1382 1342
f 1373 1342 1315
f 1306 1373 1315
f 1330 1373 1306
f 1342 1382 1321
f 1382 1399 1352
f 1382 1352 1321
f 1145 1228 1232
f 1172 1228 1145
f 1145 1232 1133
f 1232 1223 1127
f 1133 1232 1127
f 1127 1223 1132
f 1132 1223 1222
f 1137 1222 1153
f 1153 1222 1197
f 1222 1259 1245
f 1222 1245 1197
f 1132 1222 1137
f 1259 1291 1258
f 1245 1259 1258
f 1258 1291 1252
f 1291 1309 1252
f 1291 1326 1309
f 1252 1309 1279
f 1309 1330 1279
f 1279 1330 1306
f 1321 1352 1284
f 723 752 747
f 644 671 604
f 595 644 604
f 604 671 619
f 671 693 659
f 619 671 659
f 693 723 707
f 723 747 738
f 723 738 727
f 707 723 727
f 693 707 705
f 675 693 705
f 659 693 675
f 1186 1296 1134
f 1321 1284 1296
f 1296 1342 1321
f 1261 1315 1296
f 1315 1342 1296
f 1261 1296 1186
f 1186 1134 1027
f 912 1027 890
f 992 1110 1027
f 1110 1186 1027
f 992 1027 912
f 912 890 833
f 833 890 811
f 811 890 836
f 525 582 595
f 524 582 497
f 497 582 525
f 512 568 524
f 557 587 568
f 587 617 568
f 512 557 568
f 453 524 497
f 456 524 453
f 456 512 524
f 609 650 617
f 609 617 587
f 525 595 553
f 595 604 553
f 778 764 728
f 778 811 764
f 764 811 792
f 811 836 792
f 631 686 650
f 686 698 650
f 631 650 609
f 686 725 698
f 725 728 698
f 773 778 728
f 725 773 728
f 1081 1139 1111
f 1111 1139 1172
f 1119 1147 1139
f 1147 1179 1139
f 1081 1119 1139
f 1111 1172 1145
f 1147 1163 1179
f 1163 1191 1179
f 1155 1162 1191
f 1162 1208 1191
f 1163 1155 1191
f 1162 1176 1208
f 757 735 814
f 759 757 814
f 843 759 814
f 712 735 757
f 735 707 733
f 712 705 735
f 735 705 707
f 732 759 843
f 819 732 843
f 819 843 908
f 733 727 746
f 727 738 746
f 707 727 733
f 987 1059 1010
f 908 987 1010
f 1123 1059 1105
f 1091 1059 1123
f 1010 1059 1091
f 1123 1105 1162
f 819 908 937
f 937 908 1010
f 1162 1158 1176
f 1123 1162 1155
f 1306 1315 1261
f 1251 1306 1261
f 1279 1306 1251
f 1096 1145 1133
f 1111 1145 1096
f 1096 1133 1063
f 1063 1133 1127
f 1032 1127 1068
f 1068 1127 1132
f 1032 1063 1127
f 1068 1132 1098
f 1132 1137 1098
f 1098 1137 1101
f 1137 1153 1101
f 1153 1197 1142
f 1153 1142 1097
f 1101 1153 1097
f 1142 1197 1165
f 1197 1224 1165
f 1197 1245 1224
f 1245 1258 1224
f 1224 1258 1252
f 1252 1230 1187
f 1194 1252 1187
f 1224 1252 1194
f 1252 1279 1230
f 1230 1279 1251
f 579 604 619
f 553 604 579
f 579 619 600
f 619 659 624
f 600 619 624
f 659 675 668
f 647 659 668
f 624 659 647
f 675 705 712
f 709 675 712
f 668 675 697
f 697 675 709
f 1199 1261 1186
f 1110 1199 1186
f 1251 1261 1199
f 884 912 833
f 884 992 912
f 1017 992 884
f 1017 1085 992
f 1085 1110 992
f 1181 1199 1110
f 1085 1181 1110
f 807 884 833
f 807 833 773
f 773 833 778
f 833 811 778
f 525 553 494
f 479 525 494
f 479 497 525
f 446 497 447
f 453 497 446
f 447 497 479
f 550 557 512
f 517 550 512
f 478 517 512
f 478 512 456
f 557 586 587
f 550 586 557
f 586 609 587
f 423 456 453
f 423 453 446
f 416 435 456
f 435 464 456
f 464 478 456
f 416 456 423
f 631 609 586
f 533 553 579
f 494 553 533
f 585 629 631
f 585 631 586
f 629 666 631
f 666 686 631
f 721 744 686
f 686 744 725
f 721 686 666
f 744 773 725
f 744 807 773
f 1057 1081 1111
f 1045 1072 1081
f 1081 1072 1079
f 1079 1119 1081
f 1057 1045 1081
f 1057 1111 1051
f 1051 1111 1096
f 1079 1088 1119
f 1088 1104 1119
f 1104 1147 1119
f 1094 1146 1147
f 1147 1146 1163
f 1104 1094 1147
f 1146 1123 1163
f 1163 1123 1155
f 759 712 757
f 709 712 759
f 732 709 759
f 756 702 732
f 702 701 732
f 701 697 732
f 756 732 819
f 732 697 709
f 810 819 937
f 756 819 810
f 965 1010 1061
f 1061 1010 1091
f 937 1010 965
f 1146 1091 1123
f 1061 1091 1094
f 1094 1091 1146
f 841 810 937
f 841 937 941
f 941 937 965
f 1181 1251 1199
f 1230 1251 1181
f 1019 1096 1063
f 1051 1096 1019
f 1019 1063 971
f 971 1063 1032
f 917 1032 986
f 986 1032 1068
f 971 1032 917
f 986 1068 979
f 1068 1098 1049
f 1068 1049 997
f 979 1068 997
f 1049 1098 1101
f 1101 1097 1055
f 1101 1055 1041
f 1012 1101 1041
f 1049 1101 1025
f 1025 1101 1012
f 1097 1142 1089
f 1142 1165 1089
f 1055 1097 1039
f 1039 1097 1089
f 1065 1165 1124
f 1089 1165 1065
f 1165 1224 1194
f 1165 1194 1124
f 1187 1230 1181
f 1187 1181 1085
f 1124 1194 1187
f 1124 1187 1017
f 1017 1187 1085
f 579 600 575
f 556 579 575
f 533 579 556
f 610 600 624
f 575 600 610
f 637 624 649
f 610 624 637
f 649 624 647
f 701 668 697
f 647 668 665
f 665 668 701
f 672 647 665
f 649 647 672
f 884 903 1017
f 807 903 884
f 970 1017 903
f 1065 1124 1017
f 1065 1017 970
f 721 807 744
f 769 807 721
f 859 903 807
f 769 859 807
f 479 494 457
f 465 494 476
f 476 494 488
f 494 511 488
f 494 533 511
f 457 494 465
f 447 479 457
f 423 446 412
f 412 446 447
f 436 447 457
f 412 447 425
f 425 447 436
f 539 585 550
f 517 539 550
f 550 585 586
f 515 517 478
f 515 539 517
f 484 515 478
f 484 478 464
f 416 423 394
f 394 423 412
f 380 416 394
f 399 421 416
f 421 435 416
f 399 416 380
f 443 464 435
f 421 443 435
f 464 480 484
f 466 464 443
f 466 480 464
f 511 533 537
f 537 533 556
f 555 585 539
f 555 601 585
f 601 629 585
f 679 666 629
f 601 679 629
f 679 721 666
f 769 721 679
f 946 967 1057
f 946 1057 1051
f 1002 1030 1057
f 1030 1045 1057
f 967 1002 1057
f 1009 1045 1030
f 1009 1029 1045
f 1029 1072 1045
f 1013 1024 1072
f 1072 1024 1079
f 1029 1013 1072
f 1024 1056 1079
f 1079 1056 1088
f 946 1051 1019
f 1023 1088 1056
f 1023 1061 1088
f 1088 1061 1104
f 1061 1094 1104
f 742 690 756
f 742 756 810
f 690 702 756
f 672 665 702
f 702 665 701
f 690 672 702
f 841 742 810
f 1023 965 1061
f 941 965 1023
f 841 941 927
f 841 927 868
f 798 841 868
f 730 742 841
f 798 730 841
f 977 941 1024
f 941 1023 1024
f 927 941 977
f 845 917 873
f 873 917 938
f 917 986 938
f 938 986 979
f 979 997 945
f 997 1049 1003
f 1003 1049 1025
f 945 997 972
f 997 1003 972
f 998 1055 1039
f 1041 1055 998
f 1012 1041 962
f 962 1041 922
f 1041 998 922
f 966 1012 962
f 1025 1012 966
f 1003 1025 980
f 980 1025 966
f 1089 1065 1040
f 1039 1089 1040
f 1039 1040 998
f 1040 1065 970
f 556 575 571
f 594 575 610
f 571 575 594
f 537 556 571
f 610 637 640
f 610 640 641
f 603 610 641
f 594 610 603
f 648 637 649
f 640 637 648
f 690 649 672
f 648 649 690
f 859 970 903
f 922 970 859
f 998 1040 970
f 922 998 970
f 724 769 679
f 816 859 769
f 724 816 769
f 816 922 859
f 436 457 445
f 445 457 465
f 458 465 467
f 465 476 467
f 445 465 458
f 467 476 481
f 481 476 488
f 491 488 495
f 481 488 491
f 488 511 514
f 488 514 495
f 514 511 537
f 345 412 365
f 373 412 345
f 394 412 373
f 412 404 365
f 412 425 404
f 434 436 445
f 425 436 428
f 428 436 434
f 409 425 428
f 404 425 409
f 515 555 539
f 500 526 515
f 526 532 515
f 532 555 515
f 500 515 484
f 480 500 484
f 380 394 373
f 341 380 326
f 326 380 373
f 372 399 380
f 372 380 341
f 403 399 372
f 403 421 399
f 427 443 421
f 427 421 403
f 450 466 443
f 427 450 443
f 480 506 500
f 466 487 480
f 487 506 480
f 471 487 466
f 450 471 466
f 537 571 572
f 547 537 572
f 514 537 535
f 535 537 547
f 569 601 555
f 569 555 532
f 601 724 679
f 616 724 601
f 616 601 569
f 830 911 946
f 911 967 946
f 933 955 967
f 955 1002 967
f 933 967 911
f 943 1002 955
f 943 954 1002
f 954 1001 1002
f 1001 1030 1002
f 1009 1030 1001
f 1001 963 1009
f 963 952 1009
f 952 974 1009
f 974 1006 1009
f 1009 1006 1029
f 1006 983 1029
f 1029 983 1013
f 983 977 1013
f 1013 977 1024
f 1024 1023 1056
f 730 684 742
f 684 667 742
f 667 690 742
f 667 648 690
f 927 977 983
f 958 927 983
f 930 927 958
f 868 927 930
f 798 868 858
f 913 868 930
f 858 868 913
f 776 798 858
f 776 700 798
f 700 730 798
f 700 660 730
f 660 662 730
f 662 684 730
f 845 873 826
f 801 845 826
f 782 845 801
f 782 855 845
f 826 873 846
f 846 873 870
f 873 938 870
f 870 938 893
f 938 914 893
f 945 951 907
f 945 972 951
f 972 1003 980
f 972 980 926
f 951 972 926
f 902 966 962
f 902 962 922
f 902 922 816
f 926 966 902
f 980 966 926
f 592 571 594
f 572 571 592
f 592 594 608
f 594 603 608
f 641 640 667
f 667 640 648
f 603 641 662
f 684 641 667
f 662 641 684
f 608 603 662
f 677 816 724
f 677 724 616
f 864 816 677
f 864 902 816
f 434 445 448
f 448 445 458
f 448 458 461
f 461 458 468
f 458 467 468
f 468 467 477
f 467 481 477
f 492 481 491
f 477 481 492
f 491 495 516
f 492 491 510
f 510 491 516
f 495 514 521
f 516 495 521
f 514 529 521
f 514 535 529
f 274 345 319
f 345 365 319
f 325 373 345
f 282 325 345
f 282 345 274
f 365 404 395
f 365 395 382
f 365 382 359
f 346 365 359
f 319 365 330
f 330 365 346
f 326 373 325
f 404 409 395
f 437 434 448
f 428 434 431
f 431 434 437
f 409 428 431
f 414 409 431
f 395 409 405
f 405 409 414
f 506 526 500
f 538 569 526
f 526 569 532
f 538 526 506
f 301 318 341
f 301 341 326
f 347 372 341
f 318 347 341
f 326 325 282
f 275 326 282
f 301 326 275
f 390 403 372
f 362 390 372
f 347 362 372
f 418 427 403
f 390 418 403
f 418 438 427
f 438 450 427
f 438 463 450
f 463 471 450
f 538 506 487
f 528 538 487
f 471 528 487
f 463 502 471
f 502 528 471
f 547 572 584
f 593 572 592
f 584 572 593
f 547 584 562
f 535 547 562
f 529 535 562
f 538 616 569
f 581 616 538
f 677 616 581
f 750 830 726
f 750 842 830
f 842 911 830
f 892 933 911
f 842 892 911
f 888 933 892
f 888 899 933
f 933 899 931
f 931 955 933
f 931 943 955
f 901 921 943
f 901 943 931
f 921 954 943
f 921 910 954
f 910 944 954
f 954 944 1001
f 944 963 1001
f 944 913 963
f 913 952 963
f 952 930 974
f 913 930 952
f 974 958 1006
f 930 958 974
f 958 983 1006
f 776 858 871
f 910 858 913
f 871 858 910
f 910 913 944
f 799 776 871
f 710 776 799
f 669 700 776
f 710 669 776
f 700 621 660
f 628 621 700
f 669 628 700
f 626 633 660
f 620 626 660
f 621 620 660
f 660 633 662
f 633 608 662
f 774 826 806
f 826 846 806
f 801 826 774
f 741 782 801
f 741 801 734
f 734 801 774
f 714 782 741
f 758 782 714
f 758 855 782
f 806 846 849
f 846 870 849
f 849 870 829
f 870 893 829
f 829 893 847
f 893 914 886
f 893 886 847
f 951 926 864
f 907 951 864
f 926 902 864
f 592 608 633
f 626 592 633
f 593 592 626
f 638 739 677
f 638 677 581
f 739 796 677
f 796 864 677
f 441 437 448
f 441 448 462
f 448 461 470
f 462 448 470
f 470 461 473
f 461 468 473
f 468 477 474
f 473 468 474
f 490 477 492
f 474 477 490
f 509 490 492
f 509 492 510
f 510 516 549
f 516 530 549
f 516 521 530
f 509 510 549
f 530 521 543
f 521 529 543
f 588 529 562
f 543 529 588
f 215 232 274
f 215 274 243
f 274 319 292
f 274 292 243
f 232 282 274
f 319 330 307
f 292 319 307
f 232 275 282
f 393 395 402
f 395 405 402
f 382 395 393
f 382 393 386
f 374 382 386
f 369 382 374
f 359 382 369
f 346 359 356
f 359 369 356
f 352 346 356
f 323 346 332
f 332 346 340
f 323 330 346
f 340 346 352
f 307 330 323
f 431 437 441
f 414 431 426
f 426 431 441
f 400 414 424
f 424 414 426
f 405 414 402
f 400 402 414
f 528 581 538
f 286 318 301
f 286 301 275
f 313 318 286
f 328 347 318
f 313 328 318
f 349 362 347
f 328 349 347
f 256 275 232
f 256 286 275
f 392 390 362
f 392 418 390
f 363 392 362
f 349 363 362
f 392 420 418
f 420 444 418
f 444 438 418
f 444 463 438
f 444 486 463
f 486 502 463
f 502 638 528
f 528 638 581
f 486 570 502
f 570 638 502
f 584 593 602
f 621 584 602
f 562 584 621
f 602 593 620
f 593 626 620
f 588 562 628
f 562 621 628
f 663 750 726
f 653 711 750
f 711 771 750
f 771 842 750
f 653 750 663
f 681 726 758
f 663 726 645
f 645 726 681
f 771 795 842
f 795 852 842
f 852 892 842
f 852 888 892
f 848 869 888
f 865 848 888
f 869 899 888
f 865 888 852
f 874 901 899
f 869 874 899
f 899 901 931
f 850 871 901
f 874 850 901
f 901 871 921
f 871 910 921
f 850 799 871
f 790 799 850
f 710 799 790
f 615 669 710
f 632 615 710
f 632 710 715
f 715 710 790
f 588 628 669
f 615 588 669
f 621 602 620
f 734 774 694
f 694 774 765
f 774 806 765
f 765 806 784
f 806 849 784
f 699 741 734
f 683 741 699
f 714 741 683
f 673 734 694
f 699 734 673
f 681 758 714
f 681 714 658
f 658 714 683
f 784 849 829
f 784 829 716
f 716 829 718
f 829 785 718
f 829 847 785
f 847 886 840
f 785 847 840
f 570 696 638
f 696 739 638
f 696 840 739
f 441 462 455
f 439 441 455
f 426 441 439
f 462 470 496
f 455 462 496
f 470 473 505
f 496 470 505
f 505 473 474
f 474 490 509
f 505 474 509
f 505 509 552
f 509 549 552
f 552 549 632
f 549 530 563
f 549 563 615
f 632 549 615
f 530 543 563
f 563 543 588
f 615 563 588
f 204 221 215
f 204 215 178
f 221 232 215
f 207 215 243
f 187 215 207
f 178 215 187
f 226 256 232
f 226 232 221
f 207 243 233
f 243 292 267
f 233 243 267
f 292 307 296
f 292 296 285
f 267 292 285
f 305 307 314
f 307 323 314
f 296 307 305
f 386 393 398
f 398 393 400
f 393 402 400
f 389 386 398
f 374 386 381
f 389 381 386
f 374 381 369
f 369 381 370
f 356 369 370
f 352 356 361
f 361 356 370
f 350 352 361
f 340 352 350
f 314 323 332
f 336 332 339
f 320 332 336
f 340 350 332
f 320 314 332
f 332 350 339
f 424 426 439
f 415 400 424
f 398 400 415
f 433 415 424
f 433 424 459
f 424 439 459
f 256 280 286
f 280 294 286
f 294 313 286
f 313 334 328
f 324 334 313
f 309 324 313
f 294 309 313
f 334 349 328
f 355 363 349
f 334 355 349
f 226 250 256
f 250 270 256
f 270 280 256
f 387 392 363
f 387 411 392
f 411 420 392
f 355 387 363
f 440 444 420
f 411 440 420
f 440 485 444
f 485 486 444
f 485 570 486
f 485 577 570
f 577 696 570
f 599 653 663
f 654 711 653
f 606 654 653
f 605 606 653
f 596 605 653
f 596 653 599
f 692 719 711
f 676 692 711
f 664 676 711
f 654 664 711
f 711 719 771
f 719 745 771
f 745 795 771
f 614 681 658
f 614 645 681
f 755 800 795
f 795 800 852
f 745 755 795
f 800 832 852
f 832 865 852
f 848 837 869
f 793 837 848
f 837 874 869
f 824 865 832
f 837 850 874
f 790 850 837
f 793 790 837
f 793 715 790
f 643 632 715
f 552 632 643
f 643 715 722
f 722 715 793
f 673 694 635
f 694 765 704
f 694 704 642
f 635 694 642
f 765 784 708
f 704 765 708
f 708 784 716
f 683 699 661
f 661 699 673
f 646 683 661
f 658 683 646
f 613 661 673
f 613 673 635
f 614 658 607
f 607 658 646
f 708 716 618
f 716 718 618
f 718 785 696
f 718 696 577
f 618 718 577
f 785 840 696
f 459 439 455
f 459 455 493
f 493 455 496
f 496 552 566
f 493 496 566
f 496 505 552
f 566 552 643
f 188 226 204
f 226 221 204
f 188 204 178
f 157 188 178
f 157 178 151
f 151 178 187
f 198 207 233
f 187 207 198
f 151 187 161
f 154 187 177
f 177 187 198
f 161 187 154
f 218 226 203
f 203 226 188
f 235 250 226
f 218 235 226
f 198 233 217
f 233 267 260
f 233 260 239
f 217 233 239
f 267 285 269
f 260 267 269
f 298 296 305
f 285 296 298
f 269 285 278
f 278 285 295
f 285 298 295
f 298 305 306
f 306 305 320
f 305 314 320
f 389 398 407
f 407 398 415
f 388 370 389
f 388 389 407
f 370 381 389
f 361 370 388
f 378 350 361
f 378 361 388
f 336 350 378
f 339 350 336
f 333 320 336
f 333 336 377
f 336 378 377
f 321 320 333
f 306 320 321
f 407 415 433
f 430 407 433
f 430 433 469
f 469 433 459
f 469 459 493
f 280 299 294
f 270 299 280
f 299 309 294
f 351 355 334
f 324 351 334
f 322 324 309
f 367 360 324
f 324 360 351
f 322 367 324
f 299 322 309
f 351 376 355
f 376 387 355
f 244 250 235
f 244 263 250
f 250 263 270
f 283 299 270
f 263 283 270
f 417 411 387
f 376 417 387
f 417 460 411
f 460 440 411
f 460 485 440
f 460 577 485
f 523 618 577
f 523 577 460
f 573 596 599
f 573 599 564
f 606 627 654
f 627 664 654
f 589 580 606
f 580 590 606
f 606 590 627
f 589 606 605
f 583 589 605
f 583 605 596
f 548 558 596
f 558 583 596
f 573 548 596
f 692 682 719
f 676 655 692
f 692 655 682
f 695 745 719
f 682 695 719
f 636 639 676
f 639 655 676
f 636 676 664
f 627 636 664
f 743 755 745
f 745 706 743
f 685 706 745
f 695 685 745
f 574 614 607
f 717 749 755
f 743 717 755
f 755 768 800
f 749 768 755
f 800 809 832
f 805 809 800
f 768 805 800
f 815 824 832
f 809 815 832
f 788 722 793
f 815 788 824
f 656 643 722
f 566 643 656
f 656 722 736
f 736 722 788
f 578 635 559
f 635 642 559
f 613 635 578
f 642 704 591
f 591 704 708
f 559 642 591
f 591 708 618
f 612 661 613
f 646 661 612
f 607 646 612
f 567 613 546
f 567 612 613
f 546 613 578
f 574 607 576
f 607 612 576
f 591 618 523
f 469 493 545
f 493 566 545
f 545 566 625
f 625 566 656
f 170 190 188
f 170 188 157
f 188 190 203
f 126 141 157
f 126 157 115
f 157 151 115
f 141 170 157
f 125 151 161
f 118 151 125
f 115 151 118
f 195 198 217
f 177 198 195
f 125 161 154
f 125 154 136
f 154 159 150
f 154 177 159
f 136 154 150
f 159 177 185
f 185 177 195
f 211 218 203
f 218 241 235
f 231 241 218
f 211 231 218
f 197 211 203
f 190 197 203
f 241 244 235
f 195 217 206
f 217 239 236
f 217 236 224
f 206 217 224
f 239 260 249
f 260 269 265
f 249 260 265
f 236 239 249
f 265 269 278
f 295 298 306
f 271 265 278
f 271 278 288
f 288 278 295
f 295 316 312
f 288 295 312
f 295 306 316
f 316 306 321
f 401 407 430
f 388 407 401
f 378 388 401
f 377 378 430
f 378 401 430
f 344 321 333
f 344 333 366
f 366 333 377
f 366 377 413
f 413 377 430
f 316 321 344
f 413 430 452
f 430 469 452
f 469 545 527
f 452 469 527
f 315 322 299
f 283 315 299
f 360 376 351
f 348 367 322
f 315 348 322
f 384 367 348
f 384 432 367
f 432 406 367
f 367 406 360
f 406 376 360
f 406 417 376
f 264 263 244
f 241 264 244
f 264 283 263
f 291 283 264
f 291 315 283
f 451 460 417
f 406 451 417
f 451 523 460
f 499 523 451
f 499 591 523
f 540 573 564
f 540 548 573
f 590 611 627
f 611 636 627
f 565 589 583
f 565 561 589
f 561 580 589
f 536 560 580
f 560 590 580
f 561 536 580
f 542 611 590
f 560 542 590
f 558 551 583
f 551 565 583
f 540 520 548
f 520 518 548
f 518 544 548
f 544 558 548
f 558 531 551
f 544 531 558
f 655 680 682
f 680 695 682
f 598 655 639
f 598 634 655
f 655 634 680
f 680 657 695
f 695 657 685
f 611 597 636
f 636 597 622
f 622 639 636
f 622 598 639
f 706 717 743
f 685 652 706
f 652 688 706
f 688 717 706
f 657 652 685
f 717 689 749
f 688 689 717
f 689 748 749
f 749 748 768
f 768 761 805
f 768 740 761
f 748 740 768
f 805 786 809
f 809 786 815
f 761 786 805
f 786 788 815
f 736 788 786
f 691 656 736
f 625 656 691
f 691 736 740
f 761 736 786
f 740 736 761
f 546 578 513
f 513 578 559
f 513 559 472
f 559 591 499
f 472 559 499
f 576 612 567
f 534 567 522
f 522 567 546
f 534 576 567
f 652 545 625
f 527 545 652
f 652 625 689
f 625 691 689
f 169 186 170
f 145 169 170
f 170 186 190
f 145 170 141
f 186 197 190
f 127 145 126
f 98 127 126
f 145 141 126
f 89 126 115
f 98 126 89
f 89 115 80
f 115 106 80
f 115 118 106
f 113 125 136
f 118 125 113
f 106 118 113
f 195 206 199
f 185 195 199
f 116 113 136
f 116 136 135
f 136 150 148
f 147 136 148
f 135 136 147
f 159 176 162
f 150 159 162
f 159 181 176
f 159 185 181
f 148 150 162
f 185 199 202
f 181 185 202
f 210 211 197
f 210 231 211
f 231 259 241
f 259 264 241
f 240 259 231
f 229 240 231
f 229 231 210
f 186 208 197
f 208 210 197
f 206 224 228
f 220 206 228
f 199 206 220
f 237 224 236
f 237 236 262
f 236 257 262
f 236 249 257
f 228 224 237
f 257 249 271
f 249 265 271
f 257 271 262
f 262 271 284
f 271 288 284
f 288 312 302
f 284 288 302
f 316 344 354
f 312 316 354
f 302 312 343
f 312 354 343
f 354 344 366
f 354 366 397
f 397 366 413
f 397 413 442
f 413 452 442
f 452 527 498
f 452 498 507
f 442 452 507
f 527 652 598
f 498 527 598
f 337 315 291
f 337 348 315
f 337 384 348
f 358 419 384
f 419 432 384
f 358 384 337
f 499 451 432
f 472 499 432
f 419 472 432
f 432 451 406
f 311 310 291
f 310 337 291
f 507 597 611
f 542 507 611
f 554 541 565
f 565 541 561
f 551 554 565
f 541 536 561
f 536 542 560
f 475 542 536
f 475 536 541
f 475 507 542
f 519 554 551
f 519 551 531
f 501 504 520
f 504 518 520
f 518 489 508
f 503 489 518
f 504 503 518
f 518 508 544
f 508 531 544
f 508 519 531
f 634 657 680
f 598 657 634
f 598 652 657
f 597 598 622
f 498 598 597
f 498 597 507
f 652 689 688
f 689 691 748
f 691 740 748
f 163 169 143
f 163 183 169
f 169 183 186
f 143 169 145
f 205 208 186
f 183 205 186
f 127 143 145
f 102 120 127
f 120 143 127
f 102 127 98
f 79 102 98
f 79 98 68
f 68 98 89
f 80 106 88
f 64 80 88
f 106 113 99
f 88 106 99
f 99 113 116
f 202 199 220
f 116 135 122
f 109 116 122
f 99 116 109
f 122 135 139
f 139 135 140
f 135 147 140
f 147 148 168
f 148 167 168
f 148 162 167
f 146 147 160
f 160 147 168
f 146 140 147
f 176 196 192
f 173 176 192
f 162 176 173
f 176 181 196
f 167 162 173
f 196 181 202
f 196 202 225
f 225 202 220
f 208 229 210
f 268 259 240
f 229 253 240
f 253 268 240
f 223 253 229
f 223 229 208
f 205 223 208
f 234 228 248
f 228 237 248
f 220 228 234
f 225 220 238
f 238 220 234
f 248 237 262
f 262 284 273
f 248 262 273
f 284 302 303
f 273 284 303
f 303 302 343
f 343 354 397
f 338 343 383
f 343 397 383
f 338 303 343
f 383 397 429
f 397 442 429
f 442 507 475
f 429 442 475
f 358 337 310
f 385 419 358
f 385 358 311
f 311 358 310
f 279 311 268
f 329 385 311
f 329 311 279
f 519 541 554
f 519 475 541
f 429 475 454
f 483 475 519
f 454 475 483
f 483 519 508
f 501 482 504
f 482 503 504
f 489 483 508
f 503 454 489
f 454 483 489
f 449 503 482
f 449 454 503
f 142 171 163
f 142 163 143
f 182 183 163
f 171 182 163
f 142 143 120
f 182 201 183
f 201 205 183
f 201 222 205
f 222 223 205
f 79 95 102
f 110 120 102
f 95 110 102
f 119 120 110
f 119 142 120
f 54 81 79
f 81 95 79
f 79 68 63
f 54 79 63
f 64 88 84
f 92 88 99
f 84 88 92
f 64 84 78
f 64 78 69
f 60 64 69
f 55 64 60
f 92 99 105
f 105 99 109
f 114 109 122
f 114 122 134
f 134 122 139
f 105 109 114
f 134 139 152
f 139 140 146
f 139 146 160
f 152 139 160
f 168 167 175
f 184 168 175
f 160 168 184
f 175 167 173
f 152 160 179
f 179 160 184
f 209 196 225
f 192 196 209
f 212 192 209
f 193 192 212
f 173 192 193
f 175 173 193
f 225 238 258
f 252 225 258
f 209 225 252
f 279 268 253
f 223 279 253
f 251 279 223
f 251 223 222
f 234 248 261
f 254 234 261
f 238 234 254
f 248 273 261
f 258 238 254
f 290 273 303
f 261 273 290
f 290 303 338
f 308 290 338
f 308 338 396
f 396 338 383
f 396 383 429
f 396 429 454
f 371 385 329
f 371 410 385
f 287 329 279
f 287 279 251
f 342 371 329
f 342 329 287
f 396 454 449
f 396 449 422
f 119 172 142
f 172 171 142
f 171 191 182
f 172 191 171
f 191 216 182
f 216 201 182
f 216 222 201
f 216 251 222
f 101 111 95
f 95 111 110
f 81 101 95
f 111 119 110
f 137 158 119
f 158 172 119
f 111 137 119
f 46 67 54
f 54 67 81
f 46 54 32
f 91 101 81
f 67 91 81
f 92 103 84
f 84 103 90
f 78 84 90
f 92 105 103
f 78 90 86
f 76 78 86
f 76 69 78
f 60 69 76
f 75 60 76
f 58 60 75
f 55 60 58
f 51 55 58
f 103 105 114
f 133 114 134
f 133 103 114
f 133 134 152
f 164 133 152
f 164 152 179
f 175 193 214
f 184 175 214
f 179 184 230
f 230 184 214
f 200 179 230
f 164 179 200
f 212 209 247
f 247 209 252
f 193 212 214
f 214 212 247
f 258 254 276
f 272 258 276
f 252 258 272
f 247 252 272
f 242 287 251
f 242 251 216
f 254 261 276
f 261 290 276
f 276 290 308
f 276 308 317
f 317 308 364
f 308 396 364
f 364 396 422
f 342 391 371
f 391 410 371
f 300 327 287
f 300 287 242
f 327 342 287
f 379 391 342
f 379 342 327
f 219 213 172
f 174 219 172
f 172 213 191
f 174 172 158
f 213 216 191
f 213 242 216
f 91 112 101
f 112 124 101
f 101 124 111
f 124 137 111
f 124 149 137
f 149 158 137
f 155 174 158
f 155 158 149
f 50 46 41
f 41 46 28
f 50 61 46
f 46 61 67
f 28 46 32
f 72 91 67
f 61 72 67
f 28 32 13
f 83 91 72
f 83 117 91
f 117 112 91
f 90 103 107
f 107 103 133
f 86 90 107
f 76 86 96
f 86 107 96
f 75 76 96
f 97 75 96
f 74 58 75
f 74 75 97
f 59 58 74
f 51 58 59
f 47 42 51
f 47 51 59
f 129 107 133
f 129 133 164
f 165 132 164
f 194 165 164
f 164 200 194
f 132 129 164
f 214 255 230
f 214 247 255
f 230 255 281
f 245 230 281
f 200 230 245
f 194 200 245
f 247 272 289
f 255 247 289
f 272 276 317
f 289 272 317
f 266 242 213
f 266 300 242
f 289 317 357
f 317 364 375
f 317 375 357
f 331 300 266
f 353 327 300
f 353 379 327
f 219 293 266
f 219 266 213
f 189 219 174
f 189 246 219
f 189 174 153
f 153 174 155
f 112 138 124
f 117 138 112
f 138 149 124
f 155 149 138
f 153 155 138
f 45 50 41
f 53 65 50
f 50 65 61
f 45 53 50
f 31 45 41
f 31 41 28
f 21 31 28
f 21 28 13
f 65 77 61
f 61 77 72
f 77 83 72
f 16 21 13
f 104 117 83
f 77 104 83
f 104 131 117
f 131 153 117
f 153 138 117
f 96 107 129
f 132 96 129
f 97 96 132
f 94 74 97
f 94 97 123
f 123 97 132
f 71 74 94
f 71 59 74
f 47 59 71
f 40 47 48
f 40 35 47
f 35 42 47
f 66 47 71
f 48 47 66
f 35 39 42
f 123 132 165
f 227 165 194
f 156 165 227
f 123 165 156
f 194 245 277
f 255 289 281
f 245 281 297
f 281 289 304
f 245 297 277
f 289 357 335
f 289 335 304
f 293 331 266
f 357 375 408
f 368 357 408
f 335 357 368
f 166 189 131
f 131 189 153
f 38 45 31
f 49 56 45
f 45 56 53
f 49 45 38
f 56 70 53
f 53 70 65
f 70 82 65
f 65 82 77
f 23 31 21
f 33 38 31
f 23 33 31
f 16 23 21
f 82 104 77
f 14 22 16
f 22 23 16
f 82 121 104
f 121 131 104
f 166 131 121
f 66 71 94
f 93 94 123
f 66 94 93
f 93 123 144
f 144 123 156
f 30 35 40
f 36 30 40
f 36 40 48
f 44 48 52
f 48 66 52
f 44 36 48
f 27 39 35
f 30 27 35
f 52 66 93
f 27 29 39
f 130 166 121
f 33 49 38
f 37 49 33
f 62 73 49
f 49 73 56
f 85 70 56
f 73 85 56
f 85 100 70
f 70 100 82
f 100 130 82
f 130 121 82
f 22 33 23
f 37 33 22
f 87 52 93
f 87 93 144
f 26 30 36
f 17 30 26
f 17 27 30
f 26 36 44
f 25 44 43
f 43 44 57
f 57 44 52
f 25 26 44
f 57 52 87
f 15 27 17
f 15 29 27
f 128 130 100
f 180 130 128
f 73 108 85
f 108 128 85
f 85 128 100
f 19 17 26
f 19 26 25
f 11 17 19
f 11 15 17
f 24 25 43
f 19 25 20
f 24 20 25
f 24 43 34
f 6 15 3
f 3 15 11
f 12 19 20
f 11 19 12
f 10 11 12
f 7 11 10
f 3 11 7
f 18 12 24
f 18 24 34
f 12 20 24
f 9 18 34
f 1 3 4
f 3 7 4
f 10 12 18
f 9 8 10
f 10 18 9
f 8 7 10
f 4 7 8
f 9 2 8
f 5 2 9
f 1 4 2
f 4 8 2
